reg_no,name,trade_name,category,validity,contact_person,email_domain,website_domain
INA000000037,KAVITHA MENON,,Investment Adviser,"Aug 01, 2013 - Perpetual",KAVITHA MENON,,
INA000000045,PRAKASH CHANDRA PRAHARAJ,,Investment Adviser,"Aug 02, 2013 - Perpetual",Prakash Chandra Praharaj,,
INA000000060,VALUEFY SOLUTIONS  PRIVATE LIMITED,,Investment Adviser,"Aug 02, 2013 - Perpetual",Mr. Sumeet Kumar Agrawal,valuefy.com,
INA000000094,ICICI SECURITIES LIMITED,,Investment Adviser,"Aug 05, 2013 - Perpetual",Nirav Shah,icicisecurities.com,
INA000000276,ASTEYA INVESTMENT MANAGERS LLP,,Investment Adviser,"Nov 21, 2013 - Perpetual",MR. ARUN BHAL,asteyaglobal.com,
INA000000326,SPT INVESTMENT ADVISORY SERVICES PVT. LTD.,,Investment Adviser,"Nov 25, 2013 - Perpetual",Vinod Ameria,sptulsian.com,
INA000000383,V R WEALTH ADVISORS PRIVATE LIMITED,,Investment Adviser,"Dec 03, 2013 - Perpetual",BHALCHANDRA MONDE,vrwealthadvisors.com,
INA000000391,BARCLAYS SECURITIES (INDIA) PRIVATE LIMITED,,Investment Adviser,"Dec 03, 2013 - Perpetual",Mridula Iyengar,barclays.com,
INA000000409,PLAN AHEAD WEALTH ADVISORS PRIVATE LIMITED,,Investment Adviser,"Dec 03, 2013 - Perpetual",Shalini Dhawan,planahead.in,
INA000000425,SANDIP SABHARWAL,,Investment Adviser,"Dec 05, 2013 - Perpetual",SANDIP SABHARWAL,,
INA000000441,GORAKH KADAM,,Investment Adviser,"Dec 10, 2013 - Perpetual",GORAKH KADAM,,
INA000000482,WEALTH FIRST ADVISORS PRIVATE LTD,,Investment Adviser,"Dec 12, 2013 - Perpetual",,,
INA000000532,ASK Wealth Advisors Private Limited,,Investment Adviser,"Mar 31, 2023 - Perpetual",Vikshit Shah,askwealthadvisors.com,
INA000000557,TRUSTPLUTUS FAMILY OFFICE & INVESTMENT ADVISERS (INDIA) PRIVATE LIMITED,,Investment Adviser,"Dec 18, 2013 - Perpetual",Kaizad Hozdar,trustplutus.com,
INA000000615,AXIS SECURITIES LIMITED,,Investment Adviser,"Dec 26, 2013 - Perpetual",Rajiv Kejriwal,axissecurities.in,
INA000000623,IIFL Capital Services Limited,,Investment Adviser,"Dec 26, 2013 - Perpetual",,,
INA000000631,AJIT SINGH DUA,,Investment Adviser,"Dec 26, 2013 - Perpetual",AJIT DUA,wallflower.co.in,
INA000000672,Purnartha Investment Advisers Pvt.Ltd.,,Investment Adviser,"Dec 26, 2013 - Perpetual",Chandani  Saruparia,purnartha.com,
INA000000680,QUANTUM INFORMATION SERVICES PRIVATE LIMITED,,Investment Adviser,"Dec 27, 2013 - Perpetual",Vivek Chaurasia,equitymaster.com,
INA000000789,JIGNESH HARSHADRAI SHAH,,Investment Adviser,"Jan 02, 2014 - Perpetual",JIGNESH SHAH,,
INA000000805,SACHIN MAHESH WALAVALKAR,,Investment Adviser,"Jan 08, 2014 - Perpetual",SACHIN MAHESH WALAVALKAR,,
INA000000854,SHRI. AMIT BHADANG,,Investment Adviser,"Jan 13, 2014 - Perpetual",SHRI. AMIT BHADANG,,
INA000000888,360 ONE Investment Adviser and Trustee Services Limited,,Investment Adviser,"Jan 22, 2014 - Perpetual",Deepika Ghagare,360.one,
INA000001001,UNIQUEST INVESTMENT ADVISER PRIVATE LIMITED,,Investment Adviser,"Feb 03, 2014 - Perpetual",Ravi Diyoa,kunvarji.com,
INA000001027,KALPESH N ASHAR,,Investment Adviser,"Feb 06, 2014 - Perpetual",KALPESH  Ashar,fullcirclefpa.com,
INA000001035,SHEPHERD'S HILL CAPITAL ADVISORS,,Investment Adviser,"Feb 07, 2014 - Perpetual",Shweta Saraswate,shepherdshill.in,
INA000001126,SHRI AKHILESH CHAWDA PROPRIETOR M/S CAPITAL COW RESEARCH,,Investment Adviser,"Feb 17, 2014 - Perpetual",SHRI AKHILESH CHAWDA,,
INA000001142,DSIJ Wealth Advisory Private Limited,,Investment Adviser,"Feb 24, 2014 - Perpetual",MR. RAJESH PADODE,dsij.in,
INA000001365,RAJIV SHARMA PROPRIETOR M/S CAPITAL LIFE MARKET RESEARCH,,Investment Adviser,"Mar 27, 2014 - Perpetual",RAJIV SHARMA,,
INA000001472,VIKRAM ADVISORY SERVICES PVT. LTD.,,Investment Adviser,"Apr 09, 2014 - Perpetual",Aditya Shah,vikramadvisory.com,
INA000001522,HAREN JAYENDRA BANKER,,Investment Adviser,"Apr 10, 2014 - Perpetual",Haren  Banker,,
INA000001597,STEVEN NELSON FERNANDES Proprietor of PROFICIENT FINANCIAL PLANNERS,,Investment Adviser,"Apr 17, 2014 - Perpetual",STEVEN NELSON FERNANDES Proprietor of PROFICIEN FINANCIAL PLANNERS,,
INA000001761,CENTRUM INVESTMENT ADVISORS LIMITED,,Investment Adviser,"May 20, 2014 - Perpetual",Hiral Ramesh Shah,centrum.co.in,
INA000001811,WATERFIELD FINANCIAL AND INVESTMENT ADVISORS PRIVATE LIMITED,,Investment Adviser,"Jun 02, 2014 - Perpetual",Vivek Rajaraman,waterfieldadvisors.com,
INA000001837,TBNG  CAPITAL ADVISORS PVT. LTD.,,Investment Adviser,"Jun 09, 2014 - Perpetual",TARUN BIRANI,tbng.co.in,
INA000002173,HARSH VARDHAN DAWAR,,Investment Adviser,"Sep 01, 2014 - Perpetual",HARSH DAWAR,wealthcafe.in,
INA000002470,MUNJAL RAJENDRA SHAH,,Investment Adviser,"Dec 16, 2014 - Perpetual",MUNJAL SHAH,,
INA000002611,AJIT ROONGTA,,Investment Adviser,"Jan 29, 2015 - Perpetual",AJIT ROONGTA,,
INA000002678,GAURAV AGRAWAL PROPRIETOR PROFIT VISTA FINANCIAL RESEARCH,,Investment Adviser,"Feb 19, 2015 - Perpetual",GAURAV AGRAWAL,,
INA000002744,GEPL INVESTMENT ADVISORS PRIVATE LIMITED,,Investment Adviser,"Mar 03, 2015 - Perpetual",ABHISHEK A MISTRY,geplcapital.com,
INA000002751,FORT CAPITAL INVESTMENT ADVISORY PRIVATE LIMITED,,Investment Adviser,"Mar 03, 2015 - Perpetual",,,
INA000002892,KRISHNA RATH,,Investment Adviser,"Apr 01, 2015 - Perpetual",KRISHNA  RATH,finvestor.in,
INA000003130,Julius Baer Wealth Advisors (India) Private Limited,,Investment Adviser,"Jun 30, 2015 - Perpetual",Purva Joshi,juliusbaer.com,
INA000003205,NVS WEALTH MANAGERS PVT. LTD.,,Investment Adviser,"Jul 14, 2015 - Perpetual",SALONI Shah,nvsbrokerage.com,
INA000003254,AKANSHA JAIN PROPRIETOR DYNAMIC MONEY RESEARCH ADVISORY SERVICES,,Investment Adviser,"Jul 20, 2015 - Perpetual",AKANSHA JAIN,,
INA000003296,UMESH KUMAR PANDEY PROP. AUROSTAR INVESTMENT ADVISORY SERVICES,,Investment Adviser,"Jul 29, 2015 - Perpetual",UMESH KUMAR PANDEY,,
INA000003395,DINESH DA COSTA (PROPRIETOR ZARA INVESTMENT ADVISORY),,Investment Adviser,"Aug 25, 2015 - Perpetual",DINESH DA COSTA,,
INA000003643,VIPIN KHANDELWAL,,Investment Adviser,"Oct 14, 2015 - Perpetual",VIPIN KHANDELWAL,,
INA000003767,AKHILESH JAIN PROPRIETOR EH RESEARCH,,Investment Adviser,"Nov 09, 2015 - Perpetual",AKHILESH JAIN,,
INA000003783,HEMANG MEHTA,,Investment Adviser,"Nov 10, 2015 - Perpetual",HEMANG MEHTA,,
INA000003809,INNOVAGE INVESTMENT ADVISERS PVT LTD,,Investment Adviser,"Nov 13, 2015 - Perpetual",DINESH ROHIRA,innovage.co.in,
INA000003833,BLUE OCEAN FINANCIAL SERVICES PRIVATE LIMITED,,Investment Adviser,"Nov 30, 2015 - Perpetual",Vishwanath Narayanan,bofs.co.in,
INA000003874,EQUENTIS WEALTH ADVISORY SERVICES LIMITED,,Investment Adviser,"Dec 08, 2015 - Perpetual",Rakesh Gupta,equentis.com,
INA000003924,quant Portfolio Managers Private Limited,,Investment Adviser,"Dec 11, 2015 - Perpetual",ANURAG SETH,quantcapital.co.in,
INA000003957,ACUITAS CAPITAL ADVISORS PRIVATE LIMITED,,Investment Adviser,"Dec 29, 2015 - Perpetual",DINESH VASWANI,acuitascapital.in,
INA000004013,GAURAV MASHRUWALA,,Investment Adviser,"Jan 14, 2016 - Perpetual",GAURAV MASHRUWALA,,
INA000004039,DEVENDRA KUMAR BAIRATHI,,Investment Adviser,"Jan 21, 2016 - Perpetual",DEVENDRA BAIRATHI,,
INA000004070,KONGRUENT  WEALTH MANAGEMENT SERVICES LLP,,Investment Adviser,"Jan 25, 2016 - Perpetual",MR. BHAVESH JHALA,kongruent.co.in,
INA000004088,RC CAPITAL MANAGEMENT,,Investment Adviser,"Feb 03, 2016 - Perpetual",Praveen Nagaraja,rccapitalmanagement.com,
INA000004146,Nishit Vinay Shah,,Investment Adviser,"Feb 12, 2016 - Perpetual",NISHIT SHAH,visolitech.com,
INA000004187,NIMISH DEHARIYA PROPRIETOR IR24,,Investment Adviser,"Feb 12, 2016 - Perpetual",NIMISH DEHARIYA,,
INA000004237,HEMENDRA GANDHI,,Investment Adviser,"Feb 24, 2016 - Perpetual",Hemendra Gandhi,hgcapital.in,
INA000004245,Atul Mishra (Proprietor - AMIGOS FINSERV),,Investment Adviser,"Feb 26, 2016 - Perpetual",ATUL MISHRA,amigosfinserv.com,
INA000004377,RAJU SATPUTE PROPRIETOR THE EQUAL RESEARCH,,Investment Adviser,"Mar 16, 2016 - Perpetual",,astral.ac.in,
INA000004401,MANEK FINANCIAL ADVISORS PRIVATE LIMITED,,Investment Adviser,"Mar 21, 2016 - Perpetual",Sonesh Dedhia,manekfinancial.com,
INA000004427,SANTOSH KUMAR SAHU PROPRIETOR SMART MONEY FINANCIAL SERVICES,,Investment Adviser,"Mar 21, 2016 - Perpetual",,,
INA000004450,DEEP KANDPAL PROP. RESEARCH INN INVESTMENT ADVISOR,,Investment Adviser,"Mar 31, 2016 - Perpetual",,,
INA000004492,BRIJESH C PARIKH (PROPRIETOR OF PLANETWEALTH FINANCIAL ADVISORS),,Investment Adviser,"Apr 04, 2016 - Perpetual",,planetvidya.org.in,
INA000004500,MONEYMAP INVESTMENT ADVISORS PVT LTD,,Investment Adviser,"Aug 09, 2021 - Perpetual",,,
INA000004518,PHILLIPCAPITAL (INDIA) PVT. LTD.,,Investment Adviser,"Apr 12, 2016 - Perpetual",Rohan Raut,phillipcapital.in,
INA000004773,Mobikwik Investment Adviser Private Limited,,Investment Adviser,"Mar 16, 2020 - Perpetual",Yash Arjun Shahani,,
INA000004906,PRUDENT CORPORATE ADVISORY SERVICES LIMITED,,Investment Adviser,"Jun 08, 2016 - Perpetual",Meghna Jain,prudentcorporate.com,
INA000004930,RIGHT RETURNS FINANCIAL PLANNING LLP,,Investment Adviser,"Jun 09, 2016 - Perpetual",Devang Shah,rightreturns.com,
INA000005291,RAJU JHARIYA PROPRIETOR CAPITAL VRADDHI FINANCIAL SERVICES,,Investment Adviser,"Aug 03, 2016 - Perpetual",,,
INA000005333,Market-Hub Stock Broking Private Limited,,Investment Adviser,"Apr 15, 2026 - Perpetual",Pradipkumar Savjibhai Kanani,markethubonline.com,
INA000005358,EQUITY99,,Investment Adviser,"Aug 16, 2016 - Perpetual",,rediff.com,
INA000005366,OPPORTUNE WEALTH ADVISORS PRIVATE LIMITED,,Investment Adviser,"Aug 16, 2016 - Perpetual",Ajaya Jain,,
INA000005457,CEDRUS CONSULTANTS PRIVATE LIMITED,,Investment Adviser,"Aug 25, 2016 - Perpetual",Ganesh Kirtane,cedruswealth.com,
INA000005564,BIA INVESTMENT ADVISORS,,Investment Adviser,"Sep 17, 2016 - Perpetual",ANIL BHAMBHANI,,
INA000005580,KURTOSIS ANALYTICS & ADVISORS,,Investment Adviser,"Oct 17, 2016 - Perpetual",MR. KRISHNAMOORTHY ANANT RAO,kurtosis.in,
INA000005606,VIKAS KUMAR PANDEY PROP. PARAMOUNT RESEARCH SERVICES,,Investment Adviser,"Oct 17, 2016 - Perpetual",VIKAS  PANDEY,yahoo.in,
INA000005622,ANMOL GUPTA PROP. SEVEN PROSPER FINANCIAL PLANNERS,,Investment Adviser,"Oct 17, 2016 - Perpetual",ANMOL GUPTA,sevenprosper.com,
INA000005713,HIRENSINH P BHATTI (PROPRIETOR OF SANCHI CONSULTANCY),,Investment Adviser,"Nov 18, 2016 - Perpetual",HIRENSINH P BHATTI,,
INA000005721,MONARCH NETWORTH INVESTMENT ADVISORS PVT. LTD.,,Investment Adviser,"Nov 24, 2016 - Perpetual",MR. VIPUL SHAH,mnclgroup.com,
INA000005812,WEALTH FIRST INVESTMENT ADVISERS PVT. LTD.,,Investment Adviser,"Jan 07, 2017 - Perpetual",Nishka Shah,wealthfirst.biz,
INA000005846,ANAND D NANAVATI (PROPRIETOR OF ARYA ADVISORY SERVICE),,Investment Adviser,"Mar 07, 2017 - Perpetual",,,
INA000006527,Avendus Wealth Management Private Limited,,Investment Adviser,"Sep 09, 2016 - Perpetual",,,
INA000006651,Alphafront Finserv Private Limited,,Investment Adviser,"Nov 26, 2020 - Perpetual",Swapnil Bhaskar,alphafront.com,
INA000006688,EQUITYPANDIT FINANCIAL SERVICES PRIVATE LIMITED,,Investment Adviser,"Nov 15, 2016 - Perpetual",ABHISHEK PARAKH,equitypandit.com,
INA000006703,Abhijit Talukdar,,Investment Adviser,"Nov 29, 2016 - Perpetual",Abhijit Talukdar,attainix.com,
INA000006837,Chinmay Harshad Kelkar,,Investment Adviser,"Jan 03, 2017 - Perpetual",Chinmay Kelkar,,
INA000006846,Ashmore Investment Management India LLP,,Investment Adviser,"Jun 02, 2023 - Perpetual",Anila Goyal,aaia.in,
INA000006952,Ekvity Investment Advisors,,Investment Adviser,"Jan 13, 2017 - Perpetual",Kharanshu Parikh,finstream.in,
INA000007021,QBER ASSET ADVISORS LLP,,Investment Adviser,"Feb 03, 2017 - Perpetual",Adityavikram Dube,qberassetadvisors.com,
INA000007058,Jitendra Dangi,,Investment Adviser,"Feb 07, 2017 - Perpetual",Jitendra Dangi,,
INA000007216,Dyota Solutions Private Limited,,Investment Adviser,"Mar 06, 2017 - Perpetual",Kaushik Ramachandran,dyotasolutions.com,
INA000007252,TRUPTI NILESH VEDAK,,Investment Adviser,"Mar 09, 2017 - Perpetual",Trupti vedak,,
INA000007313,Shobhit Khare,,Investment Adviser,"Mar 20, 2017 - Perpetual",Shobhit Khare,,
INA000007331,YES SECURITIES INDIA LIMITED,,Investment Adviser,"Mar 20, 2017 - Perpetual",VAIBHAV  PUROHIT,yessecuritiesltd.in,
INA000007492,Ankur Jain Proprietor Winway Research,,Investment Adviser,"Apr 11, 2017 - Perpetual",ANKUR  JAIN,,
INA000007526,NIFTYONLY,,Investment Adviser,"Apr 20, 2017 - Perpetual",YATIN SHAH,niftyonly.in,
INA000007580,ALPHA INVESTMENT ADVISER,,Investment Adviser,"Apr 28, 2017 - Perpetual",YOGESH PATEL,,
INA000007623,Omniscience Capital Advisors Private Limited,,Investment Adviser,"May 12, 2017 - Perpetual",Chanchal Manglunia,omnisciencecapital.co,
INA000007757,Ankit Shah - Proprietor of White Equity,,Investment Adviser,"May 29, 2017 - Perpetual",Ankit Shah,,
INA000007818,Mr Dick Hosy Mody,,Investment Adviser,"May 31, 2017 - Perpetual",Dick Hosy Mody,,
INA000007881,Smart Sync Services,,Investment Adviser,"Jun 20, 2017 - Perpetual",ANKIT KANODIA,,
INA000007924,Amit Malviya Proprietor of Moneyplant Investment Advisory,,Investment Adviser,"Jun 28, 2017 - Perpetual",AMIT MALVIYA. Proprieter MONEYPLANT INVESTMENT ADVISORY,,
INA000007933,RAJIV SHAH (PROPRIETOR: RMS INVESTMENTS),,Investment Adviser,"Jun 28, 2017 - Perpetual",RAJIV SHAH,,
INA000007951,Nivesh Research,,Investment Adviser,"Jun 29, 2017 - Perpetual",Anish  Rai,,
INA000007997,JHANAVIKA SINGH PROPRIETOR FINTHERP WEALTH MANAGEMENT,,Investment Adviser,"Jul 04, 2017 - Perpetual",JHANAVIKA SINGH,,
INA000008084,CHIRAG V GANDHI,,Investment Adviser,"Jul 19, 2017 - Perpetual",CHIRAG GANDHI,,
INA000008093,Moral Financial Research,,Investment Adviser,"Jul 19, 2017 - Perpetual",Gaurav Bhale,moralresearch.com,
INA000008154,RACHIT KHANDELWAL,,Investment Adviser,"Jul 26, 2017 - Perpetual",RACHIT KHANDELWAL,,
INA000008172,ANGEL ONE LIMITED,,Investment Adviser,"Aug 01, 2017 - Perpetual",Bineet Jha,angelbroking.com,
INA000008251,Chandan Singh Padiyar,,Investment Adviser,"Aug 16, 2017 - Perpetual",Chandan Singh Padiyar,,
INA000008482,Moneycontrol.Dot Com India Limited,,Investment Adviser,"Sep 22, 2017 - Perpetual",Ashis Panikkar,nw18.com,
INA000008525,KUSH BOHRA,,Investment Adviser,"Oct 03, 2017 - Perpetual",KUSH BOHRA,,
INA000008589,Multi Act Trade and Investments Private Limited,,Investment Adviser,"Oct 13, 2017 - Perpetual",SanjeevKumar Karkamkar,,
INA000008604,Arul Valan Lawrence,,Investment Adviser,"Oct 26, 2017 - Perpetual",,,
INA000008659,White Oak Capital Management Consultants LLP,,Investment Adviser,"Oct 26, 2017 - Perpetual",Riddhi Gohel,whiteoakinvestors.com,
INA000008668,FRR SHARES AND SECURITIES LIMITED,,Investment Adviser,"Oct 26, 2017 - Perpetual",NITIN  LAKHOTIA,frrshares.com,
INA000008738,SWAPNIL DHANANJAY KENDHE,,Investment Adviser,"Oct 31, 2017 - Perpetual",SWAPNIL KENDHE,,
INA000008792,NEERAJ KUMAR JAIN PROPRIETOR  of CAPITAL PRIDE,,Investment Adviser,"Nov 02, 2017 - Perpetual",,,
INA000008808,HIMANSHU MURALIA PROPRIETOR OF  TRADE GYAN SOLUTIONS,,Investment Adviser,"Nov 02, 2017 - Perpetual",HIMANSHU MURALIA,,
INA000008826,Sachin Motilal Neema,,Investment Adviser,"Nov 03, 2017 - Perpetual",Sachin Neema,,
INA000008862,DEEPAK OSTWAL PROPRIETOR OF  CAPITAL WAYS INVESTMENT ADVISER,,Investment Adviser,"Nov 08, 2017 - Perpetual",DEEPAK OSTWAL,,
INA000008880,NANDINEE MANDAR VAIDYA,,Investment Adviser,"Nov 09, 2017 - Perpetual",NANDINEE VAIDYA,,
INA000009065,PROALPHA CAPITAL PRIVATE LIMITED,,Investment Adviser,"Nov 25, 2025 - Perpetual",Sharad Kumar,proalphaadvisors.com,
INA000009083,Trade Nexa Research Investment Advisor,,Investment Adviser,"Nov 20, 2017 - Perpetual",Minakshi Asavani,,
INA000009180,RIPPLEWAVE EQUITY ADVISORS LLP,,Investment Adviser,"Nov 29, 2017 - Perpetual",MEHUL SAVLA,ripplewave.net,
INA000009278,ANKUSH SANODIYA  PROPRIE TOR  of DELIGHT FINANCIAL SERVICES,,Investment Adviser,"Dec 14, 2017 - Perpetual",ANKUSH SANODIYA Proprietor DELIGHT FINANCIAL SERVICES,,
INA000009427,SHIVANSU JAISWAL PROPRIETOR of INVESTMENT MULTIPLIER FINANCIAL SERVICES,,Investment Adviser,"Dec 29, 2017 - Perpetual",SHIVANSU JAISWAL,,
INA000009481,Alphaniti Fintech Private Limited,,Investment Adviser,"Apr 21, 2025 - Perpetual",Priya Solanki,alphaniti.com,
INA000009551,NS WEALTH SOLUTION PVT. LTD.,,Investment Adviser,"Jan 18, 2018 - Perpetual",NITIN SAWANT,nswealth.in,
INA000009649,Ketan Kiran Gogte,,Investment Adviser,"Feb 02, 2018 - Perpetual",Ketan Gogte,,
INA000009685,SANGUINE WEALTH ADVISORS LLP,,Investment Adviser,"Feb 05, 2018 - Perpetual",AMAR TEKWANI,sanguinewealth.com,
INA000009719,SUDHANSHU SHEKHAR PATEL,,Investment Adviser,"Feb 06, 2018 - Perpetual",SUDHANSHU PATEL,,
INA000009834,Sicomoro Advisors Private Limited,,Investment Adviser,"Feb 15, 2018 - Perpetual",Amit Khandelwal,sicomoro.in,
INA000009843,SWASTIKA INVESTMART LTD.,,Investment Adviser,"Feb 16, 2018 - Perpetual",SUNIL NYATI,swastika.co.in,
INA000009861,LKP Wealth Advisory Limited,,Investment Adviser,"Feb 21, 2018 - Perpetual",Ritesh  Tiwari,lkpsec.com,
INA000009931,Ajendra,,Investment Adviser,"Feb 26, 2018 - Perpetual",Ajendra Raikar,,
INA000009959,ANUGYA SINGH,,Investment Adviser,"Mar 01, 2018 - Perpetual",ANUGYA SINGH,,
INA000010070,JAVERI FISCAL SERVICES LIMITED,,Investment Adviser,"Mar 14, 2018 - Perpetual",HARSH JAVERI,vsnl.com,
INA000010104,SHIVANGI CHANDEL,,Investment Adviser,"Mar 20, 2018 - Perpetual",SHIVANGI  CHANDEL,,
INA000010113,Yogesh Kukadia Chhaganbhai,,Investment Adviser,"Mar 20, 2018 - Perpetual",Yogesh Chhaganbhai,,
INA000010159,"Networth Research And Investment Advisor, Proprietor Neha Saluja",,Investment Adviser,"Apr 02, 2018 - Perpetual",Neha Saluja,,
INA000010344,Ritesh Chouksey,,Investment Adviser,"Apr 16, 2018 - Perpetual",Ritesh  Chouksey,,
INA000010380,Godrej Ventures And Investment Advisers Private Limited,,Investment Adviser,"May 04, 2026 - Perpetual",Saurabh Vashishth,godrejventure.com,
INA000010584,Hersh Tolani,,Investment Adviser,"May 17, 2018 - Perpetual",Hersh Tolani,,
INA000010636,Lightrock Investment Advisors Private Limited,,Investment Adviser,"Feb 08, 2022 - Perpetual",Neil Deshpande,lightrock.com,
INA000010742,Pradeep Gobind Mahtani,,Investment Adviser,"Jun 04, 2018 - Perpetual",Pradeep Mahtani,,
INA000010779,AMPLE INVESTMENT ADVISER,,Investment Adviser,"Jun 06, 2018 - Perpetual",AKHAND TRIPATHI,ampleia.com,
INA000010919,FinIntent Investment Adviser,,Investment Adviser,"Jun 25, 2018 - Perpetual",Ravi  Natarajan,finintent.com,
INA000011219,Compounding Wealth Advisors LLP,,Investment Adviser,"Jul 18, 2018 - Perpetual",Rakesh Pujara,,
INA000011413,SENORA ADVISORS LLP,,Investment Adviser,"Aug 16, 2018 - Perpetual",Neha  Jalan,senoraadvisors.com,
INA000011477,Jenil k shah,,Investment Adviser,"Aug 21, 2018 - Perpetual",Jenil Shah,,
INA000011538,HDFC SECURITIES LIMITED,,Investment Adviser,"Aug 23, 2018 - Perpetual",MURLI KARKERA,hdfcsec.com,
INA000011574,GreenEdge Wealth Services LLP,,Investment Adviser,"Aug 31, 2018 - Perpetual",,,
INA000011617,L.F.C. SECURITIES PVT. LTD.,,Investment Adviser,"Sep 04, 2018 - Perpetual",KETAN PAREKH,labdhi.in,
INA000011644,OPULENT INVESTMENT ADVISER PRIVATE LIMITED,,Investment Adviser,"Sep 06, 2018 - Perpetual",Shishir Suhane,stockaxis.com,
INA000011796,Priyadarshini Moreshwar Mulye,,Investment Adviser,"Oct 05, 2018 - Perpetual",PRIYADARSHINI RAO,,
INA000011802,IDBI Capital Markets & Securities Limited,,Investment Adviser,"Oct 05, 2018 - Perpetual",Christina Dsouza,idbicapital.com,
INA000011875,Ritwik Rai,,Investment Adviser,"Oct 23, 2018 - Perpetual",Ritwik Rai,,
INA000011909,Avestar Advisory LLP,,Investment Adviser,"Oct 23, 2018 - Perpetual",Jamshid Pandole,,
INA000012102,VARDE INDIA INVESTMENT ADVISER PRIVATE LIMITED,,Investment Adviser,"Nov 28, 2018 - Perpetual",Aseem Kohli,varde.com,
INA000012166,SSBA INNOVATIONS LIMITED,,Investment Adviser,"Dec 12, 2018 - Perpetual",ATUL REGE,ssbainnovations.com,
INA000012175,Venkateshwaran Subramanian,,Investment Adviser,"Dec 13, 2018 - Perpetual",Venkateshwaran Subramanian,,
INA000012218,Finology Ventures Private Limited,,Investment Adviser,"Dec 17, 2018 - Perpetual",pranjal Kamra,finology.in,
INA000012351,JM FINANCIAL SERVICES LIMITED,,Investment Adviser,"Jan 14, 2019 - Perpetual",Amar Agarwal,jmfl.com,
INA000012412,TARA CAPITAL PARTNERS INDIA PRIVATE LIMITED,,Investment Adviser,"Jan 31, 2019 - Perpetual",BHAGYASHREE LAD,taracapitalpartners.com,
INA000012519,Kotak Alternate Asset Managers Limited,,Investment Adviser,"Feb 25, 2019 - Perpetual",Sanjay Mitra,kotak.com,
INA000012528,MOJO MARKETS PRIVATE LIMITED,,Investment Adviser,"Feb 25, 2019 - Perpetual",MOHIT BATRA,marketsmojo.com,
INA000012652,"Arpit Jain (Proprietor, Duvera Capital Advisors)",,Investment Adviser,"Mar 06, 2019 - Perpetual",Arpit Jain,duveracapital.com,
INA000012713,FUNDWISERS,,Investment Adviser,"Mar 14, 2019 - Perpetual",ASHOKKUMAR KOYANI,,
INA000012777,Preeti K Zende,,Investment Adviser,"Mar 20, 2019 - Perpetual",Preeti Zende,,
INA000012838,HARISH MENON,,Investment Adviser,"Mar 27, 2019 - Perpetual",HARISH MENON,,
INA000012874,Dalton Investment Advisory Services Private Limited,,Investment Adviser,"Mar 28, 2019 - Perpetual",Siva Thiravidamony,daltoninvestments.com,
INA000012953,Manish Khandelwal,,Investment Adviser,"Apr 05, 2019 - Perpetual",Manish Khandelwal,,
INA000013040,REDDITO CAPITAL INVESTMENT ADVISORS PRIVATE LIMITED,,Investment Adviser,"Apr 09, 2019 - Perpetual",Pankaj  Solanki,,
INA000013059,Sanaka India Advisors LLP,,Investment Adviser,"Apr 09, 2019 - Perpetual",Neeraj  Bhatia,sanakacapital.com,
INA000013183,Adhish patel,,Investment Adviser,"May 06, 2019 - Perpetual",Adhish Patel,,
INA000013217,JEENA SCRIPTECH ALPHA ADVISORS PRIVATE LIMITED,,Investment Adviser,"May 07, 2019 - Perpetual",Gaurav Parikh,jsalphaa.com,
INA000013235,Ventugrow consultants Private Limited,,Investment Adviser,"May 07, 2019 - Perpetual",Sumit  Chanda,monitree.in,
INA000013262,Affirma Capital Investment Adviser India Private Limited,,Investment Adviser,"May 08, 2019 - Perpetual",Udai Dhawan,affirmacapital.com,
INA000013323,The Alchemists Ark Pvt. Ltd.,,Investment Adviser,"May 16, 2019 - Perpetual",Raymond Nagawkar,moneyworks4me.com,
INA000013402,Rio Capital Investment Advisor,,Investment Adviser,"May 31, 2019 - Perpetual",Bhini Chauhan,,
INA000013457,Tavaga Advisory Services Private Limited,,Investment Adviser,"Jun 10, 2019 - Perpetual",Nitin Mathur,tavaga.com,
INA000013493,Devendra Tripathi Sole Proprietor Stock Bull Investment Advisory Services,,Investment Adviser,"Jun 13, 2019 - Perpetual",DEVENDRA TRIPATHI,,
INA000013518,FINNOVATE FINANCIAL SERVICES PVT LTD,,Investment Adviser,"Jun 19, 2019 - Perpetual",NEHAL MOTA,finnovate.in,
INA000013527,Finance First Advisers,,Investment Adviser,"Jun 19, 2019 - Perpetual",Nandlal Bhatkar,financefirst.in,
INA000013697,Eminent Investments,,Investment Adviser,"Aug 02, 2019 - Perpetual",RAMESH KHATUWALA,,
INA000013785,ICICI Investment Management Company Ltd,,Investment Adviser,"Aug 14, 2019 - Perpetual",Preksha Kedia,iciciinvestments.com,
INA000013800,Hrushikesh Kale,,Investment Adviser,"Aug 19, 2019 - Perpetual",Hrushikesh Kale,,
INA000013828,Samco Ventures Pvt. Ltd.,,Investment Adviser,"Aug 19, 2019 - Perpetual",Umesh Mehta,samco.in,
INA000013855,DIPEN DEEPAK DOSHI (SOLE PROPRIETOR OF FOCUS INVESTING),,Investment Adviser,"Aug 21, 2019 - Perpetual",DIPEN DOSHI,,
INA000013961,Emkay Wealth Advisory Limited,,Investment Adviser,"Sep 16, 2019 - Perpetual",Sonal Jadhav,emkayglobal.com,
INA000014128,Finkasturi Nivesh Private Limited,,Investment Adviser,"Nov 07, 2025 - Perpetual",Nirakar Pradhan,finkasturi.com,
INA000014207,MADHUVAN INVESTMENT ADVISORS,,Investment Adviser,"Nov 22, 2019 - Perpetual",PARITA PATEL,madhuvan.com,
INA000014322,Aishwarya Agarwal,,Investment Adviser,"Dec 17, 2019 - Perpetual",Aishwarya Agarwal,,
INA000014331,Mangal Keshav Financial Services LLP,,Investment Adviser,"Dec 24, 2019 - Perpetual",Gyan Prakash Sinha,mangalkeshav.com,
INA000014410,IndusInd Securities Limited,,Investment Adviser,"Jan 24, 2020 - Perpetual",Akshay Narkar,indusindmoney.com,
INA000014580,Standard Chartered Securities India Limited,,Investment Adviser,"Mar 17, 2020 - Perpetual",Julie  Badani,sc.com,
INA000014614,ARETE SECURITIES LIMITED,,Investment Adviser,"Apr 27, 2020 - Perpetual",DINESH AGARWAL,aretesecurities.com,
INA000014632,RACHNA CHAUHAN,,Investment Adviser,"May 07, 2020 - Perpetual",RACHNA CHAUHAN,,
INA000014809,Jay Rajnikant Thacker,,Investment Adviser,"Jul 09, 2020 - Perpetual",Jay Thacker,,
INA000014818,VANSH CAPITAL PRIVATE LIMITED,,Investment Adviser,"Jul 21, 2020 - Perpetual",RAHUL JAJU,,
INA000014836,FEE ONLY INVESTMENT ADVISERS LLP,,Investment Adviser,"Jul 21, 2020 - Perpetual",HARSH ROONGTA,harshroongta.com,
INA000014845,Sundeep B Parmar (Proprietor of Fortuplier Investment Advisors),,Investment Adviser,"Jul 21, 2020 - Perpetual",SUNDEEP  PARMAR,,
INA000014890,Incred Capital Wealth Portfolio Managers Private Limited,,Investment Adviser,"Jul 31, 2020 - Perpetual",Preeti Lalwani,incredcapital.com,
INA000015057,Yashraj Maheshwari,,Investment Adviser,"Sep 03, 2020 - Perpetual",Yashraj Maheshwari,abnay.com,
INA000015145,Sahil Ahmed Chotalia (Proprietor Mount Bliss Capital),,Investment Adviser,"Sep 21, 2020 - Perpetual",Sahil Chotalia,,
INA000015233,Triquetra Wealth,,Investment Adviser,"Aug 06, 2024 - Perpetual",Abhishek Mukim,triquetrawealth.com,
INA000015260,PHAEDRUS ADVISORY LLP,,Investment Adviser,"Oct 06, 2020 - Perpetual",GOVIND PATHAK,phaedrus.co.in,
INA000015279,ARTHYA WEALTH AND INVESTMENTS PRIVATE LIMITED,,Investment Adviser,"Oct 07, 2020 - Perpetual",GAURAV ARORA,arthyawealth.com,
INA000015297,PRITESHKUMAR CHAMPAKLAL SHAH,,Investment Adviser,"Oct 20, 2020 - Perpetual",PRITESHKUMAR SHAH,,
INA000015312,ADV PARTNERS INVESTMENT ADVISER INDIA PRIVATE LIMITED,,Investment Adviser,"Oct 22, 2020 - Perpetual",Ashwini Patil,advpartners.com,
INA000015321,Samyama Advisors Private Limited,,Investment Adviser,"Oct 28, 2020 - Perpetual",Ankit Bhandari,educationfund.in,
INA000015367,YOGESH AJMIRE,,Investment Adviser,"Nov 03, 2020 - Perpetual",YOGESH AJMIRE,,
INA000015385,Cervin Family Office & Advisors Pvt. Ltd.,,Investment Adviser,"Nov 05, 2020 - Perpetual",Munish Randev,cervinfamilyoffice.com,
INA000015455,Harshad Chetanwala,,Investment Adviser,"Nov 20, 2020 - Perpetual",Harshad Chetanwala,,
INA000015491,PIYUSH SARAWAGI,,Investment Adviser,"Nov 24, 2020 - Perpetual",PIYUSH SARAWAGI,,
INA000015525,Kedia Capital Services Pvt. Ltd.,,Investment Adviser,"Dec 02, 2020 - Perpetual",Vijay Kedia,kediacapital.com,
INA000015534,Finvin Financial Planners,,Investment Adviser,"Dec 03, 2020 - Perpetual",Melvin Joseph,finvin.in,
INA000015543,FERMI 325 INVESTMENT ADVISER,,Investment Adviser,"Dec 07, 2020 - Perpetual",SANKET RATHOD,fermi325.com,
INA000015552,VIPUL P SHAH(PROPRIETOR: INPACT WEALTH ADVISORS),,Investment Adviser,"Dec 08, 2020 - Perpetual",VIPUL SHAH,,
INA000015561,Sapient Wealth Advisors & Brokers Private Limited,,Investment Adviser,"Dec 15, 2020 - Perpetual",Janak Shah,sapientwealth.co.in,
INA000015701,ALFACCURATE ADVISORS PVT LTD,,Investment Adviser,"Jan 12, 2021 - Perpetual",BHUSHAN KOLI,alfaccurate.com,
INA000015729,Abakkus Asset Manager Private Limited,,Investment Adviser,"Feb 03, 2021 - Perpetual",Merlin Nadar,abakkusinvest.com,
INA000015747,Alphaware Advisory Services Private Limited,,Investment Adviser,"Feb 08, 2021 - Perpetual",Sagar Lele,rupeeting.com,
INA000015774,Accelpru Investment Advisors,,Investment Adviser,"Feb 23, 2021 - Perpetual",Umang Parekh,accelpru.com,
INA000015808,InvesQ Investment Advisors Private Limited,,Investment Adviser,"Mar 24, 2021 - Perpetual",Aashish Upganlawar,invesq.in,
INA000015817,GreenOak India Investment Advisors Private Limited,,Investment Adviser,"Mar 31, 2021 - Perpetual",Gautam Subramani,bentallgreenoak.com,
INA000015899,Lazara Capital Advisors Private Limited,,Investment Adviser,"May 21, 2021 - Perpetual",PRANAV VORA,lazara.in,
INA000015914,FINCORE ADVISORY SERVICES PVT LTD,,Investment Adviser,"Jul 02, 2021 - Perpetual",JYOTIBA BORATE,,
INA000015923,MAHESH KABRA (PROPRIETOR : TAURUSCAP INVESTMENT ADVISERS),,Investment Adviser,"Jul 06, 2021 - Perpetual",Mahesh Kabra,tauruscap.in,
INA000015932,KASHYAP POPAT,,Investment Adviser,"Jul 08, 2021 - Perpetual",KASHYAP POPAT,,
INA000015950,SANKALPNARAYAN KRISHNAN,,Investment Adviser,"Jul 08, 2021 - Perpetual",SANKALPNARAYAN KRISHNAN,,
INA000015969,Multistrato Capital Advisors Private Limited,,Investment Adviser,"Jul 14, 2021 - Perpetual",Kuntal Bhansali,multistratocapital.com,
INA000015996,GYR Financial Planners Private Limited,,Investment Adviser,"Jul 23, 2021 - Perpetual",Rohit Shah,gettingyourich.com,
INA000016001,Ladder7 Wealth Planners Pvt. Ltd.,,Investment Adviser,"Jul 27, 2021 - Perpetual",Suresh Sadagopan,,
INA000016010,ETHINVEST ADVISORS PRIVATE LIMITED,,Investment Adviser,"Jul 28, 2021 - Perpetual",Owais Gore,,
INA000016038,Roshni Nayak,,Investment Adviser,"Jul 28, 2021 - Perpetual",Roshni Nayak,goalbridge.in,
INA000016056,Kislay Upadhyay,,Investment Adviser,"Jul 29, 2021 - Perpetual",Kislay Upadhyay,fidelfolio.ai,
INA000016083,Bajaj Finserv Direct Limited,,Investment Adviser,"Aug 11, 2021 - Perpetual",Akshara Manisundar,bajajfinservdirect.in,
INA000016171,Alpha Alternatives Fund Advisors LLP,,Investment Adviser,"Aug 30, 2021 - Perpetual",Mayank Varshney,alt-alpha.com,
INA000016180,Manish K Shah,,Investment Adviser,"Sep 09, 2021 - Perpetual",Manish Shah,,
INA000016214,VINOD KANAIYALAL DAS,,Investment Adviser,"Oct 06, 2021 - Perpetual",VINOD  DAS,,
INA000016223,Midas Wealth Advisory Private Ltd,,Investment Adviser,"Oct 07, 2021 - Perpetual",Ramkumar Agrawal,,
INA000016278,QUANTSAPP WEALTH PRIVATE LIMITED,,Investment Adviser,"Oct 25, 2021 - Perpetual",Sumedha  Arora,quantsapp.com,
INA000016296,Nirmiti Investment Advisors LLP,,Investment Adviser,"Oct 25, 2021 - Perpetual",Avanti Doshi,proinvestnirmiti.com,
INA000016302,DV Investment Advisors LLP,,Investment Adviser,"Oct 26, 2021 - Perpetual",Deepak Bakliwal,dvia.in,
INA000016348,Citrus Advisors Private Limited,,Investment Adviser,"Oct 28, 2021 - Perpetual",Jeni Chaudhary,citrusadvisors.com,
INA000016384,Deepesh Jain,,Investment Adviser,"Nov 15, 2021 - Perpetual",Deepesh JAIN,icai.org,
INA000016427,Varsha Vasant Shingate,,Investment Adviser,"Nov 30, 2021 - Perpetual",Varsha Shingate,,
INA000016436,RENAISSANCE SMART TECH PRIVATE LIMITED,,Investment Adviser,"Nov 30, 2021 - Perpetual",Nidhi Kamani,renaissanceinvest.in,
INA000016454,Aarti Mohan (Proprietor : Aurion Advisors),,Investment Adviser,"Dec 07, 2021 - Perpetual",AARTI MOHAN,,
INA000016463,Estee Advisors Private Limited,,Investment Adviser,"Dec 17, 2021 - Perpetual",Keshav Kumar,esteeadvisors.com,
INA000016481,Neuron Wealth Advisors LLP,,Investment Adviser,"Dec 20, 2021 - Perpetual",Jigar Patel,,
INA000016506,Nischal Santosh Jain,,Investment Adviser,"Dec 27, 2021 - Perpetual",Nischal  Jain,hotmail.co.in,
INA000016515,Investor First Advisors,,Investment Adviser,"Dec 28, 2021 - Perpetual",Danesh  Mistry,investorfirstadvisors.com,
INA000016603,Degree 212 Investment Services & IMF Private Limited,,Investment Adviser,"Jan 31, 2022 - Perpetual",Pravin Budhauliya,degree212.in,
INA000016612,Nuqi Wealth India Private Limited,,Investment Adviser,"Jan 31, 2022 - Perpetual",Aamir Farooqui,nuqiwealth.com,
INA000016621,Sixth Element Capital,,Investment Adviser,"Jan 31, 2022 - Perpetual",Suresh Sharma,,
INA000016649,Parami Financial Services Private Limited,,Investment Adviser,"Feb 01, 2022 - Perpetual",AVINASH  NAHATA,paramifinancial.com,
INA000016685,Preeti Passi,,Investment Adviser,"Feb 09, 2022 - Perpetual",Preeti  Passi,,
INA000016719,Appreciate Investment Advisory Private Limited,,Investment Adviser,"Feb 21, 2022 - Perpetual",Shlok Srivastav,ppreciate.com,
INA000016728,PINPOINT INVESTMENT ADVISORY SERVICES INDIA LLP,,Investment Adviser,"Feb 25, 2022 - Perpetual",,,
INA000016764,Varun Ginodia - Proprietor Bulwark Advisors,,Investment Adviser,"Mar 09, 2022 - Perpetual",Varun Ginodia,bulwarkadvisors.in,
INA000016773,Prosperity Wealth Adviser,,Investment Adviser,"Mar 15, 2022 - Perpetual",Samraat Jadhav,,
INA000016782,CIRCLE WEALTH ADVISORS PRIVATE LIMITED,,Investment Adviser,"Mar 21, 2022 - Perpetual",MUKUL AGARWAL,cwa.co.in,
INA000016791,SHARAD SANKARAN,,Investment Adviser,"Mar 23, 2022 - Perpetual",SHARAD SANKARAN,,
INA000016825,Omkara Capital Private Limited,,Investment Adviser,"Apr 11, 2022 - Perpetual",Vineet Sood,omkaracapital.in,
INA000016843,Chase Alpha Partners LLP,,Investment Adviser,"Apr 26, 2022 - Perpetual",Pinkal Vishvesh,chasealpha.in,
INA000016889,Trufid Advisors Private Limited,,Investment Adviser,"May 25, 2022 - Perpetual",Shreenivas Hegde,trufid.com,
INA000016922,ARVO WEALTH ADVISORS PRIVATE LIMITED,,Investment Adviser,"May 30, 2022 - Perpetual",ANUJ MEHTA,arvowealth.com,
INA000016977,Atul Gupta,,Investment Adviser,"Jun 10, 2022 - Perpetual",Atul Gupta,,
INA000017019,PARAS V. LAKHANI,,Investment Adviser,"Jun 13, 2022 - Perpetual",PARAS LAKHANI,,
INA000017064,ASCENT FINANCIAL SOLUTIONS PVT LTD,,Investment Adviser,"Jun 28, 2022 - Perpetual",PRAKASH LOHANA,ascentsolutions.in,
INA000017198,Compound Everyday Capital Management LLP,,Investment Adviser,"Sep 23, 2022 - Perpetual",Surbhi Sarda,cedcapital.in,
INA000017204,Marcellus Capital Partners LLP,,Investment Adviser,"Sep 23, 2022 - Perpetual",Hardik Gandhi,marcellus.in,
INA000017213,PUSPENDU DATTA,,Investment Adviser,"Sep 23, 2022 - Perpetual",PUSPENDU DATTA,,
INA000017222,SALMA SONY,,Investment Adviser,"Oct 07, 2022 - Perpetual",Salma Sony,,
INA000017231,21G INVESTMENT ADVISERS PRIVATE LIMITED,,Investment Adviser,"Oct 07, 2022 - Perpetual",GAURAV VERMA,21ginvestments.com,
INA000017259,Pioneer Wealth Management Services Limited,,Investment Adviser,"Oct 18, 2022 - Perpetual",Riddhi Sidhpura,pinc.co.in,
INA000017277,ALGONAUTS ADVISORY SERVICES PRIVATE LIMITED,,Investment Adviser,"Oct 28, 2022 - Perpetual",SHARAD SANKARAN,algonauts.in,
INA000017286,Neo Wealth Management Private Limited,,Investment Adviser,"Nov 01, 2022 - Perpetual",Nitesh Shah,neo-wealth.com,
INA000017295,MFS Capital Partners,,Investment Adviser,"Nov 03, 2022 - Perpetual",Paras Shah,mfscapitalpartners.com,
INA000017310,Himanshu Pravinchandra Pandya,,Investment Adviser,"Nov 03, 2022 - Perpetual",Himanshu Pandya,,
INA000017347,Deepak Motwani (Proprietor: Marquee Investment Managers),,Investment Adviser,"Nov 16, 2022 - Perpetual",Deepak Motwani,marqueeinvestment.in,
INA000017356,Mohit Chawla,,Investment Adviser,"Nov 21, 2022 - Perpetual",MOHIT CHAWLA,,
INA000017365,CAPITAL LEAGUE LLP,,Investment Adviser,"Nov 21, 2022 - Perpetual",Sapna Narang,capitalleague.biz,
INA000017383,EVAREAP INVESTMENT ADVISORS LLP,,Investment Adviser,"Nov 22, 2022 - Perpetual",Arvind Bharadwaj,,
INA000017426,ValueArk Advisors LLP,,Investment Adviser,"Dec 08, 2022 - Perpetual",Vijay Thakkar,,
INA000017435,Nag Munagapati wealth advisors,,Investment Adviser,"Dec 13, 2022 - Perpetual",Hemambara Srinivasa  Munagapati,,
INA000017444,Care Portfolio Managers Private Limited,,Investment Adviser,"Dec 13, 2022 - Perpetual",Vatsal  Zaveri,carepms.com,
INA000017453,SINCERE SYNDICATION AND CORPORATE SERVICES LLP,,Investment Adviser,"Dec 13, 2022 - Perpetual",Sivaramakrishnan Raghavan,sinceresyndication.com,
INA000017471,GAURI ANAND,,Investment Adviser,"Dec 20, 2022 - Perpetual",GAURI ANAND,,
INA000017480,Credcap Consultants LLP,,Investment Adviser,"Dec 20, 2022 - Perpetual",Pratibha Jain,,
INA000017499,Arun Mathur Proprietor of Dhantripti Financial Planners,,Investment Adviser,"Dec 20, 2022 - Perpetual",Arun  Mathur,dhantripti.com,
INA000017505,Shankar K,,Investment Adviser,"Dec 20, 2022 - Perpetual",Shankar Krishnamurthy,,
INA000017523,1 Finance Private Limited,,Investment Adviser,"Dec 22, 2022 - Perpetual",Mohan Kumar,1finance.co.in,
INA000017532,Fort Investments,,Investment Adviser,"Dec 22, 2022 - Perpetual",Ketul Sakhpara,,
INA000017587,UFICS Investment Advisory LLP,,Investment Adviser,"Jan 12, 2023 - Perpetual",Rushabh Shah,,
INA000017602,PAWAN KUMAR,,Investment Adviser,"Jan 12, 2023 - Perpetual",PAWAN KUMAR,,
INA000017611,Urvil Bharatkumar Modi,,Investment Adviser,"Jan 23, 2023 - Perpetual",Urvil Modi,samriddhi.life,
INA000017620,VSK FINANCIAL CONSULTANCY SERVICES PVT. LTD.,,Investment Adviser,"Jan 23, 2023 - Perpetual",YOGIN SABNIS,vskindia.com,
INA000017639,Uniapps Investment Adviser Private Limited,,Investment Adviser,"Jan 23, 2023 - Perpetual",Sagar Wadhwa,uniapps.club,
INA000017648,Safejar Advisers Private Limited,,Investment Adviser,"Jan 30, 2023 - Perpetual",Nishchay Babu Gowrishankar,,
INA000017657,Apricus Wealth Investment Managers LLP,,Investment Adviser,"Feb 20, 2023 - Perpetual",Vikrant Gupta,apricuswealth.in,
INA000017666,Vaibhav Pandey,,Investment Adviser,"Feb 20, 2023 - Perpetual",Vaibhav Pandey,,
INA000017675,Rinshad P P,,Investment Adviser,"Feb 20, 2023 - Perpetual",Rinshad P P,,
INA000017693,Rama Subramanyam Nimmagadda,,Investment Adviser,"Feb 28, 2023 - Perpetual",,,
INA000017709,DEEPAK KUMAR AGARWAL,,Investment Adviser,"Feb 28, 2023 - Perpetual",DEEPAK AGARWAL,,
INA000017718,ACME INVESTMENT ADVISORS PRIVATE LIMITED,,Investment Adviser,"Mar 16, 2023 - Perpetual",,,
INA000017754,Alfama Research & Advisory,,Investment Adviser,"Mar 23, 2023 - Perpetual",Jayashree Ramachandran,alfama.in,
INA000017763,Ashish Khetan- Proprietor of Meeraj Advisors,,Investment Adviser,"Mar 23, 2023 - Perpetual",Ashish Khetan,,
INA000017806,PRUDENO WEALTH ADVISORS PRIVATE LIMITED,,Investment Adviser,"Apr 11, 2023 - Perpetual",VINIT IYER,,
INA000017815,Zebu Share and Wealth Managements Private Limited,,Investment Adviser,"Apr 11, 2023 - Perpetual",Vijayakumar  Vellaiyan,zebuetrade.com,
INA000017833,SIGFYN INVESTMENT ADVISORS PRIVATE LIMITED,,Investment Adviser,"Apr 20, 2023 - Perpetual",Sabyasachi Bose,sigfyn.com,
INA000017842,Tamohara Investment Managers Private Limited,,Investment Adviser,"Apr 20, 2023 - Perpetual",Rajesh Kodnaney,tamohara.net,
INA000017851,Chander P Chellani - Proprietor IDA Wealth,,Investment Adviser,"Apr 24, 2023 - Perpetual",Chander P Chellani,,
INA000017879,Hardik Jain- Proprietor of Eternal Research Investment Advisor,,Investment Adviser,"Apr 24, 2023 - Perpetual",Hardik  Jain,,
INA000017888,Devraj Dhagat,,Investment Adviser,"Apr 24, 2023 - Perpetual",,,
INA000017897,Yadnya Academy Private Limited,,Investment Adviser,"Apr 24, 2023 - Perpetual",Mayur Firodiya,investyadnya.in,
INA000017903,DRCHOKSEY FINSERV PRIVATE LIMITED,,Investment Adviser,"Apr 24, 2023 - Perpetual",Varsha Shinde,devenchoksey.com,
INA000017912,Essential Investment Managers Private Limited,,Investment Adviser,"Apr 24, 2023 - Perpetual",Anurag Gupta,essentialadviser.com,
INA000017921,MOONBOW INVESTMENT ADVISORS PRIVATE LIMITED,,Investment Adviser,"Apr 24, 2023 - Perpetual",Mayank Binod  Dugar,,
INA000017930,Milind Jagannath More Proprietor of MUKUR Financial Planners and Consultants,,Investment Adviser,"May 18, 2023 - Perpetual",,,
INA000017949,WEALTH YANTRA TECHNOLOGIES PRIVATE LIMITED,,Investment Adviser,"May 26, 2023 - Perpetual",VIJAYANAND VENKATARAMAN,wealthyantra.com,
INA000017958,Neo Wealth Partners Private Limited,,Investment Adviser,"May 26, 2023 - Perpetual",Subhajit Bhattacharjee,neofamilyoffice.in,
INA000017967,Viren Sameer Deshpande Proprietor of Alphapeak Investments,,Investment Adviser,"May 26, 2023 - Perpetual",Viren Deshpande,,
INA000017976,SRIRAM R,,Investment Adviser,"May 26, 2023 - Perpetual",Sriram Rajaram,,
INA000017994,SHOMITA SAHA,,Investment Adviser,"May 26, 2023 - Perpetual",SHOMITA   SAHA,,
INA000018018,ARYZEN CAPITAL ADVISORS LLP,,Investment Adviser,"Jun 02, 2023 - Perpetual",Anubhav Srivastava,aryzen.in,
INA000018027,Sridhar Nagarajan,,Investment Adviser,"Jun 02, 2023 - Perpetual",Sridhar Nagarajan,,
INA000018036,Finfam Investment Advisors Private Limited,,Investment Adviser,"Aug 05, 2025 - Perpetual",Priyank Shah,thefinancialist.co,
INA000018045,FINIDEAS INVESTMENT ADVISOR PRIVATE LIMITED,,Investment Adviser,"Jun 02, 2023 - Perpetual",UDIPTH TALERA,finideas.com,
INA000018054,Goldmine Assets Private Limited,,Investment Adviser,"Jun 02, 2023 - Perpetual",Samir Gandhi,goldmine.net.in,
INA000018072,Lunchbrake Classic Private Limited,,Investment Adviser,"Jun 08, 2023 - Perpetual",Arpit Agarwal,fold.money,
INA000018090,Anshul Khare Proprietor of Inertia Equities for Wealth,,Investment Adviser,"Jun 16, 2023 - Perpetual",Anshul  Khare,equities4wealth.com,
INA000018115,THAMARAPALLIL ABRAHAM JOSEPH,,Investment Adviser,"Jun 22, 2023 - Perpetual",ABRAHAM THAMARAPALLIL,,
INA000018124,Equal Identity Private Limited,,Investment Adviser,"Jun 27, 2023 - Perpetual",Abhishek Sambangi,equal.in,
INA000018133,Lime Internet Private Limited,,Investment Adviser,"Feb 16, 2026 - Perpetual",Harshit Singh,wealthzi.com,
INA000018142,Vinay Simon George,,Investment Adviser,"Jun 27, 2023 - Perpetual",,,
INA000018160,Ajay Pradhan,,Investment Adviser,"Jul 03, 2023 - Perpetual",Ajay Pradhan,live.in,
INA000018179,Pi Square Advisors,,Investment Adviser,"Jul 05, 2023 - Perpetual",Vishrut C Pathak,pisquareinvestments.com,
INA000018197,Hum Fauji Financial Services Pvt Ltd,,Investment Adviser,"Jul 05, 2023 - Perpetual",Rahul Pawar,humfauji.in,
INA000018212,Sivamurugan Sankaralingam Proprietor Maxima Wealth Advisors,,Investment Adviser,"Jul 14, 2023 - Perpetual",Sivamurugan  Sankaralingam,,
INA000018221,Chintan Shantilal Madhvani Proprietor Be Wealth Wise,,Investment Adviser,"Jul 14, 2023 - Perpetual",Chintan Madhvani,,
INA000018230,PERPETUAL CAPITAL ADVISORS PRIVATE LIMITED,,Investment Adviser,"Jul 21, 2023 - Perpetual",Ms Jain,perpetualinv.com,
INA000018249,CORPCARE INVESTMENT ADVISORY PRIVATE LIMITED,,Investment Adviser,"Jul 21, 2023 - Perpetual",Sourabh Kumar,corpcare.co.in,
INA000018258,Abhishek Goel proprietor Primedin Investment Adviser,,Investment Adviser,"Jul 24, 2023 - Perpetual",Abhishek Goel,finexadvisors.in,
INA000018267,Prabhudas Lilladher Private Limited,,Investment Adviser,"Jul 25, 2023 - Perpetual",Swati Sunil Matkar,plindia.com,
INA000018276,PROVITT CONSULTANTS,,Investment Adviser,"Jul 25, 2023 - Perpetual",SHALINI  GERA,provittconsultants.com,
INA000018285,ROKAD APP PRIVATE LIMITED,,Investment Adviser,"Jul 31, 2023 - Perpetual",Gaurav Agrawal,,
INA000018294,ORIM ADVISORS PRIVATE LIMITED,,Investment Adviser,"Jul 31, 2023 - Perpetual",Kuldeep Rajesh Mehta,orim.in,
INA000018319,MARATHON TRENDS ADVISORY PRIVATE LIMITED,,Investment Adviser,"Aug 01, 2023 - Perpetual",Vineet Kumar Singh,marathontrends.com,
INA000018328,Wealth Crafts,,Investment Adviser,"Aug 02, 2023 - Perpetual",Vivek S G,wealthcrafts.in,
INA000018337,Concept Investwell Private Limited,,Investment Adviser,"Aug 02, 2023 - Perpetual",Hemantkumar Desai,conceptinvestwell.com,
INA000018355,Shefali Garg,,Investment Adviser,"Aug 10, 2023 - Perpetual",Shefali  Garg,,
INA000018364,Nuvama Wealth Management Limited,,Investment Adviser,"Aug 11, 2023 - Perpetual",Abhijit Talekar,nuvama.com,
INA000018373,FINOME TECHNOLOGIES PRIVATE LIMITED,,Investment Adviser,"Aug 17, 2023 - Perpetual",Chanpreet Singh,,
INA000018382,Coinwise Research Private Limited,,Investment Adviser,"Aug 23, 2023 - Perpetual",Rohit Prakash,coinstreet.in,
INA000018391,Rahul Kalra,,Investment Adviser,"Aug 24, 2023 - Perpetual",Rahul Kalra,,
INA000018407,Moneyvesta Capital Services Private Limited,,Investment Adviser,"Aug 24, 2023 - Perpetual",Manasvi Garg,,
INA000018416,DSK INVESTMENT ADVISORS PRIVATE LIMITED,,Investment Adviser,"Aug 30, 2023 - Perpetual",Daljit Singh Kochhar,richify.in,
INA000018425,Researchinfo Investment Advisors Private Limited,,Investment Adviser,"Sep 05, 2023 - Perpetual",Raushan Kumar,,
INA000018434,Aurostarinvestment Advisory Private Limited,,Investment Adviser,"Sep 14, 2023 - Perpetual",Nikhil Kabra,,
INA000018443,Invexa Capital LLP,,Investment Adviser,"Sep 26, 2023 - Perpetual",Ayushi Shah,invexacapital.com,
INA000018461,Bodeddula Siva Prasad Reddy,,Investment Adviser,"Oct 09, 2023 - Perpetual",Bodeddula Reddy,,
INA000018470,AlphaGrep Advisors Private Limited,,Investment Adviser,"Jan 08, 2026 - Perpetual",Punit Sahi,alphagrepadvisors.com,
INA000018489,FINSHARPE PRIVATE LIMITED,,Investment Adviser,"Oct 13, 2023 - Perpetual",Rohan  Borawake,finsharpe.com,
INA000018498,Basant Maheshwari Wealth Advisers LLP,,Investment Adviser,"Oct 16, 2023 - Perpetual",Basant Maheshwari,theequitydesk.com,
INA000018504,Epsilon Money Investment Management Private Limited,,Investment Adviser,"Oct 19, 2023 - Perpetual",Diksha Vaish,epsilonmoneyim.com,
INA000018522,Kaitav Shailesh Shah Proprietor Labdhi Advisory,,Investment Adviser,"Nov 07, 2023 - Perpetual",Kaitav  Shah,,
INA000018531,DEVAGNAYA R SHAH,,Investment Adviser,"Nov 09, 2023 - Perpetual",DEVAGNAYA R SHAH,,
INA000018540,Turiya Advisory Services LLP,,Investment Adviser,"Nov 13, 2023 - Perpetual",Bijoy  Daga,turiyaadvisory.com,
INA000018559,CENTRICITY ADVISORY SERVICES PRIVATE LIMITED,,Investment Adviser,"Nov 13, 2023 - Perpetual",Ayushi Mangla,centricity.co.in,
INA000018577,Jigar Pradipchandra Shah,,Investment Adviser,"Nov 13, 2023 - Perpetual",Jigar Shah,,
INA000018586,SKYRIDGE WEALTH MANAGEMENT PRIVATE LIMITED,,Investment Adviser,"Nov 15, 2023 - Perpetual",Abhishek Maheshwari,,
INA000018595,Swapnil Satish Nadkar,,Investment Adviser,"Nov 23, 2023 - Perpetual",Swapnil Nadkar,,
INA000018601,DEVENDRA KUMAR CHAUDHARY-Proprietor-TRADE MANIACS INVESTMENT ADVISOR,,Investment Adviser,"Nov 28, 2023 - Perpetual",DEVENDRA CHAUDHARY,,
INA000018629,S MEENAKSHI SUNDAR,,Investment Adviser,"Nov 29, 2023 - Perpetual",S MEENAKSHI SUNDAR,,
INA000018638,K Prabhu,,Investment Adviser,"Dec 04, 2023 - Perpetual",K Prabhu Kumarasamy,,
INA000018647,Ramchandran S Iyer,,Investment Adviser,"Dec 06, 2023 - Perpetual",Ramchandran S Iyer,,
INA000018656,Korman Capital Investment Advisors LLP,,Investment Adviser,"Dec 06, 2023 - Perpetual",Gaurav Kumar  Somani,kormancapital.com,
INA000018665,Growthvine Capital Private Limited,,Investment Adviser,"Dec 11, 2023 - Perpetual",SHUBHAM GUPTA,growthvineadvisors.com,
INA000018674,SOURABH GHOSH,,Investment Adviser,"Dec 13, 2023 - Perpetual",Sourabh Ghosh,,
INA000018683,Ramakrishnan M Proprietor Well Fare Investment Advisers,,Investment Adviser,"Dec 18, 2023 - Perpetual",Ramakrishnan Munusamy,mywellfare.com,
INA000018692,Vishal Borasi Proprietor Muhurat Investing - Investment Advisor,,Investment Adviser,"Dec 18, 2023 - Perpetual",Vishal Borasi,,
INA000018708,MOOL CAPITAL PRIVATE LIMITED,,Investment Adviser,"Dec 18, 2023 - Perpetual",SRINIVASA SHARAN,mool.one,
INA000018726,Ajeet Kumar Pandey- Proprietor of Investment Climb Advisory,,Investment Adviser,"Dec 20, 2023 - Perpetual",Ajeet Kumar Pandey,,
INA000018735,VENKTESH PRASAD SHUKLA,,Investment Adviser,"Jan 08, 2024 - Perpetual",VENKTESH PRASAD SHUKLA,,
INA000018744,GOOD MONEYING WEALTH PLANNERS PRIVATE LIMITED,,Investment Adviser,"Jan 09, 2024 - Perpetual",Sunny Thapa,,
INA000018753,Jahnvi Deepak Goradia,,Investment Adviser,"Jan 10, 2024 - Perpetual",Jahnvi Goradia,jcurvecapital.in,
INA000018762,Fluid Fincap Private Limited,,Investment Adviser,"Jan 16, 2024 - Perpetual",Aniket Shirke,liquide.life,
INA000018771,Starseed Investments Private Limited,,Investment Adviser,"Jan 17, 2024 - Perpetual",Rohit  Vajpeyi,starseedinvest.com,
INA000018780,Llama Research LLP,,Investment Adviser,"Jan 18, 2024 - Perpetual",Karan Shah,,
INA000018805,JAISAL DINESHCHANDRA SHAH,,Investment Adviser,"Jan 23, 2024 - Perpetual",JAISAL SHAH,,
INA000018814,Gaurav Agrawal,,Investment Adviser,"Jan 23, 2024 - Perpetual",Gaurav Agrawal,,
INA000018823,Vinod Chinnaya Bangera- Proprietor- Karvin Capital,,Investment Adviser,"Feb 08, 2024 - Perpetual",Vinod Bangera,karvincapital.com,
INA000018832,MENTOR RING FINANCIAL ADVISORY PRIVATE LIMITED,,Investment Adviser,"Feb 09, 2024 - Perpetual",Thejus Palathingal,mentorring.co.in,
INA000018841,Dreamplug Advisory Solutions Private Limited,,Investment Adviser,"Feb 09, 2024 - Perpetual",Ajit Kumar,daspl.co.in,
INA000018850,Girish Ganaraj Proprietor of Finwise Financial Planners and Advisors,,Investment Adviser,"Feb 09, 2024 - Perpetual",Girish Ganaraj,finwise.in,
INA000018878,Ananya Roy - Proprietor of Credibull Capital,,Investment Adviser,"Feb 16, 2024 - Perpetual",Ananya Roy,credibullcapital.in,
INA000018887,SREEHARI G,,Investment Adviser,"Feb 16, 2024 - Perpetual",SREEHARI GUDI,,
INA000018896,ONE CENTURION VENTURES PRIVATE LIMITED,,Investment Adviser,"Feb 29, 2024 - Perpetual",Priya  Shah,onecenturion.in,
INA000018902,GOLDVEST CAPITAL SERVICES PRIVATE LIMITED,,Investment Adviser,"Feb 29, 2024 - Perpetual",Amarendra Hanumanula,goldvest.in,
INA000018920,STOIC ADVISORS LLP,,Investment Adviser,"Mar 01, 2024 - Perpetual",Puneet  Khurana,stoicinvesting.com,
INA000018939,Shruti Subhashchander Bhatia,,Investment Adviser,"Mar 04, 2024 - Perpetual",Shruti Bhatia,,
INA000018948,Econ Ventures LLP,,Investment Adviser,"Mar 06, 2024 - Perpetual",Akshay  Gupta,ecoventures.in,
INA000018957,Prosperentia Investment Advisors LLP,,Investment Adviser,"Feb 04, 2026 - Perpetual",Viraj Padhye,prosperentia.com,
INA000018966,PLNR INVESTMENT ADVISORS,,Investment Adviser,"Mar 22, 2024 - Perpetual",Ajay Pruthi,,
INA000018975,Pavan Kumar Manchiraju Proprietor of Hubridge Investment Advisers,,Investment Adviser,"Mar 22, 2024 - Perpetual",Pavan Kumar Manchiraju,,
INA000018984,MONEYDHAN INVESTMENT ADVISORY INDIA LLP,,Investment Adviser,"Mar 22, 2024 - Perpetual",,,
INA000018993,Akshay Sunil Deora Proprietor DEORA INVESTMENT ADVISORY,,Investment Adviser,"Mar 22, 2024 - Perpetual",Akshay Deora,,
INA000019008,Banafshe Pashootanizadeh,,Investment Adviser,"Mar 22, 2024 - Perpetual",Banafshe Pashootanizadeh,,
INA000019017,Dhruvin Jagdish Bhanushali,,Investment Adviser,"Mar 26, 2024 - Perpetual",Dhruvin  Bhanushali,,
INA000019026,I VENTURES CAPITAL PRIVATE LIMITED,,Investment Adviser,"Mar 26, 2024 - Perpetual",Nitin Jindal,iventures.in,
INA000019035,Anubhuti Advisors LLP,,Investment Adviser,"Mar 27, 2024 - Perpetual",Meet Rachchh,anubhutiadvisory.com,
INA000019053,BasuNivesh Fee Only Financial Planners,,Investment Adviser,"Apr 18, 2024 - Perpetual",Basavaraj Tonagatti,,
INA000019062,Jay Distribution Links,,Investment Adviser,"Apr 18, 2024 - Perpetual",Jay  Sheth,,
INA000019071,Dhilip Krishna SS Proprietor of Apta Investment Advisors,,Investment Adviser,"Apr 30, 2024 - Perpetual",Dhilip Krishna SS,,
INA000019080,HEXAWEALTH FINANCIAL TECHNOLOGIES PRIVATE LIMITED,,Investment Adviser,"Apr 30, 2024 - Perpetual",Abhinav Singhvi,hexawealth.in,
INA000019099,MYFI FINTECH ADVISORY SERVICES PRIVATE LIMITED,,Investment Adviser,"May 06, 2024 - Perpetual",Kiran Nambiar,askmyfi.com,
INA000019114,SFI INVESTMENT ADVISORS LLP,,Investment Adviser,"Jun 11, 2024 - Perpetual",Raghuveer  Nath,,
INA000019123,BIGMANS CONSULTANT & MARKETING PVT. LTD.,,Investment Adviser,"Jun 11, 2024 - Perpetual",SUMAN KUMAR,,
INA000019132,JVT Investment Adviser LLP,,Investment Adviser,"Jun 11, 2024 - Perpetual",Nishant Mangla,cxpartners.in,
INA000019141,BYLD WEALTH ADVISORY PVT LTD,,Investment Adviser,"Jun 13, 2024 - Perpetual",VINU MAMMEN,jcwealth.in,
INA000019150,Ashwin Ramakrishnan,,Investment Adviser,"Jun 13, 2024 - Perpetual",Ashwin  Ramakrishnan,,
INA000019169,Samvitti Capital Private Limited,,Investment Adviser,"Jun 13, 2024 - Perpetual",Voderbettu Shivaram Kamath,samvitticapital.com,
INA000019178,Winwize Research and Advisory Private Limited,,Investment Adviser,"Jun 20, 2024 - Perpetual",Jeevan Dominic,,
INA000019187,RAVI KABRA Proprietor MONEYSAAR INVESTMENT ADVISORS,,Investment Adviser,"Jun 20, 2024 - Perpetual",Ravi Kabra,,
INA000019202,PRISHA WEALTH MANAGEMENT PRIVATE LIMITED,,Investment Adviser,"Jun 20, 2024 - Perpetual",PRITI  GOEL,prishawealth.com,
INA000019211,Naveen Rego Capital Private Limited,,Investment Adviser,"Jun 20, 2024 - Perpetual",MANJIRI JOSHI,naveenrego.com,
INA000019220,Vishal Bharat Shah,,Investment Adviser,"Jun 21, 2024 - Perpetual",Vishal  Shah,bachhat.money,
INA000019239,QICAP MANAGEMENT PRIVATE LIMITED,,Investment Adviser,"Jun 21, 2024 - Perpetual",Sandeep Ahuja,qi-cap.com,
INA000019248,Madhur Gundecha Sole Proprietor of Ligna Wealth Advisors,,Investment Adviser,"Jun 21, 2024 - Perpetual",Madhur Gundecha,lignawealth.com,
INA000019266,Challa Surya Teja - Proprietor of Empirai Research and Advisory,,Investment Adviser,"Jun 21, 2024 - Perpetual",Challa Teja,,
INA000019284,Fintrek Research Advisors Private Limited,,Investment Adviser,"Jun 21, 2024 - Perpetual",Varun Mittal,fintrek.co.in,
INA000019293,Qubit Investment Advisors Private Limited,,Investment Adviser,"Jun 21, 2024 - Perpetual",Siddhant Raniwala,jars-ca.com,
INA000019309,U-Klickkit Enterprises Private Limited,,Investment Adviser,"Jun 21, 2024 - Perpetual",Kanattummal  Rithwin Siva,,
INA000019327,HENSEX SECURITIES PRIVATE LIMITED,,Investment Adviser,"Jun 26, 2024 - Perpetual",TAHIR HUSSAIN,hensex.com,
INA000019336,Niranjan Goyal,,Investment Adviser,"Jun 27, 2024 - Perpetual",Niranjan Goyal,,
INA000019345,Samar Wealth Advisors,,Investment Adviser,"Jul 01, 2024 - Perpetual",Raghav Wadhwa,,
INA000019354,Chavod Dasharathbhai Narsangabhai,,Investment Adviser,"Jul 02, 2024 - Perpetual",Dasharathbhai Chavod,,
INA000019363,Mahesh Thangaraju -Proprietor EquityStreet Investment Advisor,,Investment Adviser,"Jul 02, 2024 - Perpetual",Mahesh  Thangaraju,,
INA000019381,Sanket Awate Fintech Private Limited,,Investment Adviser,"Jul 15, 2024 - Perpetual",Sanket  Awate,,
INA000019390,Seshaphani Jonnalagadda Proprietor of Invest Street Investment Advisers,,Investment Adviser,"Jul 18, 2024 - Perpetual",Seshaphani Jonnalagadda Proprietor of Invest Street Investment,investstreet.in,
INA000019406,N Prabhanjan Rao Proprietor Elysian Investment Advisory Services,,Investment Adviser,"Jul 18, 2024 - Perpetual",N Prabhanjan Rao,cfooptimus.com,
INA000019415,FW Fintech Private Limited,,Investment Adviser,"Jul 22, 2024 - Perpetual",Naveen Changoiwala,noveltywealth.in,
INA000019424,Safestack Wealth Private Limited,,Investment Adviser,"Jul 22, 2024 - Perpetual",Chelluri Maheshwari,verifyapp.in,
INA000019433,BR Fiduciary Investment Advisory LLP,,Investment Adviser,"Jul 22, 2024 - Perpetual",,,
INA000019442,Abhishek Phore - Proprietor Control Wealth Advisers,,Investment Adviser,"Jul 31, 2024 - Perpetual",Abhishek Phore,controlwealth.co.in,
INA000019451,ArthaVidhi Investment Advisors LLP,,Investment Adviser,"Aug 06, 2024 - Perpetual",Krishnan Venkatachalam,,
INA000019479,Candour Asset Management LLP,,Investment Adviser,"Aug 06, 2024 - Perpetual",Amey Kulkarni,candorinvesting.com,
INA000019488,Dymon Asia Capital Investment Adviser India Private Limited,,Investment Adviser,"Aug 09, 2024 - Perpetual",Aafreen  Kashyap,dymonasia.com,
INA000019497,Titiksha Wealth Private Limited,,Investment Adviser,"Aug 12, 2024 - Perpetual",Bhavdeep Amit Shah,,
INA000019503,Rudo Wealth Investment Advisory Private Limited,,Investment Adviser,"Aug 12, 2024 - Perpetual",,,
INA000019512,Maximus Financial Advisors LLP,,Investment Adviser,"Aug 28, 2024 - Perpetual",Mansi Gupta,maximusadvisors.co.in,
INA000019521,Finuture Technologies Private Limited,,Investment Adviser,"Sep 11, 2024 - Perpetual",Munmun Desai,finuture.in,
INA000019549,THORIA JIGNESH,,Investment Adviser,"Sep 13, 2024 - Perpetual",JIGNESH THORIA,,
INA000019558,Nobias Analyst India Private Limited,,Investment Adviser,"Sep 23, 2024 - Perpetual",Lara Aramita  Menezes,nobias.com,
INA000019567,Legacy Custodians Advisory Private Limited,,Investment Adviser,"Sep 23, 2024 - Perpetual",Jay Devang Shah,thelegacycustodians.com,
INA000019576,Pugmark Fund Capital Advisors LLP,,Investment Adviser,"Sep 24, 2024 - Perpetual",Ram Manohar Mamidi,pugmarkfund.com,
INA000019594,Abraham Cherian Proprietor 360 wealth advice,,Investment Adviser,"Oct 04, 2024 - Perpetual",ABRAHAM CHERIAN,,
INA000019619,Malay Kirti Shah,,Investment Adviser,"Oct 18, 2024 - Perpetual",Malay Kirti Shah,crispidea.com,
INA000019628,G KANNAN PROPRIETOR HAWKEYE TRADING FINANCE ACADEMY,,Investment Adviser,"Oct 21, 2024 - Perpetual",GOPALAKRISHNAN KANNAN,,
INA000019637,Findoc Investmart Private Limited,,Investment Adviser,"Oct 21, 2024 - Perpetual",Nitin Shahi,myfindoc.com,
INA000019646,Amit Vinayak Ghag,,Investment Adviser,"Oct 21, 2024 - Perpetual",Amit Ghag,,
INA000019655,Pinakin C Jaiswal,,Investment Adviser,"Oct 28, 2024 - Perpetual",Pinakin C  Jaiswal,,
INA000019664,Gopalakrishna Narayana Moni,,Investment Adviser,"Nov 07, 2024 - Perpetual",Gopalakrishna Narayana Moni,,
INA000019673,RISHU GOYAL - Proprietor of RURR ADVISORS,,Investment Adviser,"Nov 08, 2024 - Perpetual",RISHU GOYAL,,
INA000019682,Shilpi Maheshwari,,Investment Adviser,"Nov 12, 2024 - Perpetual",Shilpi Maheshwari,,
INA000019691,Navneet Sharma,,Investment Adviser,"Nov 13, 2024 - Perpetual",Navneet Sharma,,
INA000019707,Ayushi Chauksey Adviser Private Limited,,Investment Adviser,"Dec 06, 2024 - Perpetual",AYUSHI CHAUKSEY,,
INA000019716,LGT Securities India Private Limited,,Investment Adviser,"Dec 06, 2024 - Perpetual",Nimish Shah,lgtindia.in,
INA000019734,Tender Financial Services Private Limited,,Investment Adviser,"Dec 16, 2024 - Perpetual",Megha Jose,thryve.finance,
INA000019743,ValueX Fund Managers LLP,,Investment Adviser,"Dec 17, 2024 - Perpetual",Pranay Mogarkar,valuex.in,
INA000019752,Privus Advisors LLP,,Investment Adviser,"Dec 18, 2024 - Perpetual",Jeremy solomon,privus.in,
INA000019761,Wealthspring Investment Adviser Pvt Ltd,,Investment Adviser,"Dec 27, 2024 - Perpetual",Satish Kumar Mishra,wealthspring.in,
INA000019770,HEMLATA SOMANI,,Investment Adviser,"Jan 01, 2025 - Perpetual",Hemlata Somani,,
INA000019789,ADARSH NIMBORKAR,,Investment Adviser,"Jan 06, 2025 - Perpetual",ADARSH NIMBORKAR,,
INA000019798,Powerup Money Wealth Management Private Limited,,Investment Adviser,"Mar 25, 2026 - Perpetual",Mridul Mimansa,powerup.money,
INA000019804,Angel One Investment Managers & Advisors Private Limited,,Investment Adviser,"Jan 07, 2025 - Perpetual",Nipun Doshi,angeloneim.in,
INA000019813,Ankur Vipul Shah Proprietor Quasar Capital Investment Advisors,,Investment Adviser,"Jan 22, 2025 - Perpetual",Ankur Shah,,
INA000019822,Kashish Manjani,,Investment Adviser,"Jan 27, 2025 - Perpetual",Kashish Manjani,,
INA000019831,Ardeko Asset Management Private Limited,,Investment Adviser,"Jan 28, 2025 - Perpetual",Dwaitin Dave,ardeko.in,
INA000019840,Equisense Advisors Private Limited,,Investment Adviser,"Jan 30, 2025 - Perpetual",Nishant Joshi,,
INA000019859,Credent Asset Management Services Private Limited,,Investment Adviser,"Jan 30, 2025 - Perpetual",Harshal Gosarani,credentglobal.com,
INA000019868,Tygo Investment Advisers LLP,,Investment Adviser,"Feb 03, 2025 - Perpetual",DINESH KUMAR,,
INA000019877,OMNIBUS INVESTMENT ADVISORS LLP,,Investment Adviser,"Feb 04, 2025 - Perpetual",,,
INA000019938,Jio Finance Platform and Service Limited,,Investment Adviser,"Feb 11, 2025 - Perpetual",Pranav Gupta,jfs.in,
INA000019947,PLIRIS CAPITAL PRIVATE LIMITED,,Investment Adviser,"Feb 12, 2025 - Perpetual",Meeshal Mehta,pliris.com,
INA000019956,IIFL Capital Asset Management Limited,,Investment Adviser,"Feb 17, 2025 - Perpetual",,,
INA000019965,Growtheum Investment Advisors India Private Limited,,Investment Adviser,"Feb 20, 2025 - Perpetual",Saurabh Mehta,growtheumcapital.com,
INA000019974,Ashutosh Kumar Gupta,,Investment Adviser,"Mar 06, 2025 - Perpetual",Ashutosh Gupta,,
INA000019983,Saurabh Aggarwal Proprietor Eraqus Investment Advisors,,Investment Adviser,"Mar 12, 2025 - Perpetual",Saurabh Aggarwal,eraqusia.com,
INA000019992,Nexedge Investment Adviser Private Limited,,Investment Adviser,"Mar 21, 2025 - Perpetual",,,
INA000020004,CUSP MONEY ADVISORS PRIVATE LIMITED,,Investment Adviser,"Mar 24, 2025 - Perpetual",HARDIK THAKKAR,cusp.money,
INA000020022,Wealthculture Advisory Services Private Limited,,Investment Adviser,"Mar 26, 2025 - Perpetual",Ujjawal Kumar,wealthculture.in,
INA000020031,Fintoo Wealth Private Limited,,Investment Adviser,"Mar 26, 2025 - Perpetual",Mihir Shah,fintoo.in,
INA000020040,Rajan Nileshbhai Gajariya Proprietor Truenorth Capital,,Investment Adviser,"Mar 26, 2025 - Perpetual",RAJAN GAJARIYA,,
INA000020059,VASUPRADAH INVESTMENT ADVISORY SERVICES PVT. LTD.,,Investment Adviser,"Apr 01, 2025 - Perpetual",NEELAKANTAN PILLAI,vasupradah.com,
INA000020068,ASHUTOSH FINANCIAL SERVICES PRIVATE LIMITED,,Investment Adviser,"Apr 01, 2025 - Perpetual",SANDEEP VERMA,ashutoshfinserv.com,
INA000020077,PRATEEK SINGH,,Investment Adviser,"Apr 04, 2025 - Perpetual",PRATEEK SINGH,azadparivaar.com,
INA000020086,SAHASTHA INVESTMENT ADVISERS PRIVATE LIMITED,,Investment Adviser,"Apr 07, 2025 - Perpetual",Piyush khatri,sahastha.com,
INA000020095,Profitmart Securities Private Limited,,Investment Adviser,"Apr 09, 2025 - Perpetual",Nitin Bora,profitmart.in,
INA000020101,Dolat Finserv Private Limited,,Investment Adviser,"Apr 19, 2025 - Perpetual",Viplab Dasgupta,dolatcapital.com,
INA000020110,Punyasa Capital Advisors LLP,,Investment Adviser,"Apr 21, 2025 - Perpetual",,,
INA000020129,NYE Investech Private Limited,,Investment Adviser,"Apr 21, 2025 - Perpetual",Tushar Goel,rapipay.com,
INA000020138,Rohit Gupta Proprietor Algolytical,,Investment Adviser,"Apr 21, 2025 - Perpetual",ROHIT GUPTA,,
INA000020165,Navi Investment Advisors Private Limited,,Investment Adviser,"May 15, 2025 - Perpetual",Sameer Hedge,navi.com,
INA000020174,Onebanc Technologies Private Limited,,Investment Adviser,"May 15, 2025 - Perpetual",Nishant Ahuja,onebanc.ai,
INA000020183,Pradip Prabir Banerjee,,Investment Adviser,"May 19, 2025 - Perpetual",Pradip Banerjee,pradippbanerjeeria.com,
INA000020192,BLUESTRIDES FINANCIAL SERVICES PRIVATE LIMITED,,Investment Adviser,"May 19, 2025 - Perpetual",Akshay Bommena,bluestrides.com,
INA000020217,Ujvin Nevatia Proprietor Nevat Investments,,Investment Adviser,"May 29, 2025 - Perpetual",Ujvin  Nevatia,,
INA000020226,Narasimha Krishnakumar,,Investment Adviser,"May 29, 2025 - Perpetual",Narasimha Krishnakumar,,
INA000020235,Navinkumar Mishra Proprietor NM India Investment Advisers,,Investment Adviser,"May 30, 2025 - Perpetual",Navinkumar Mishra,nmindiaadvisers.com,
INA000020244,Gurpreet Singh,,Investment Adviser,"Jun 04, 2025 - Perpetual",Gurpreet  Singh,,
INA000020253,CASTLEGATE CAPITAL SERVICES PRIVATE LIMITED,,Investment Adviser,"Jun 04, 2025 - Perpetual",Vaibhavi Rao,castlegate.in,
INA000020262,Deep Bhavesh  Dhanecha,,Investment Adviser,"Jun 04, 2025 - Perpetual",Deep  Dhanecha,,
INA000020271,Vikas Dimaniya,,Investment Adviser,"Jun 04, 2025 - Perpetual",Vikas  Dimaniya,,
INA000020280,KRUTIKA KATHAL,,Investment Adviser,"Jun 04, 2025 - Perpetual",KRUTIKA KATHAL,,
INA000020299,AKHILESH V GOKARAJU,,Investment Adviser,"Jun 04, 2025 - Perpetual",AKHILESH V GOKARAJU,,
INA000020305,Sushilkumar D Pardeshi,,Investment Adviser,"Jun 04, 2025 - Perpetual",Sushilkumar D Pardeshi,,
INA000020314,Jio BlackRock Investment Advisers Private Limited,,Investment Adviser,"Jun 10, 2025 - Perpetual",Sudha Gurnani,jioblackrock.com,
INA000020323,ZEN NIVESH ADVISORS PRIVATE LIMITED,,Investment Adviser,"Jun 16, 2025 - Perpetual",Ankit  Kanodia,,
INA000020332,MINERVA  ASSET ADVISORS PRIVATE LIMITED,,Investment Adviser,"Jun 17, 2025 - Perpetual",Kunal Kapoor,minervaassetadvisors.com,
INA000020341,PRANAV KUMAR TIWARY,,Investment Adviser,"Jun 23, 2025 - Perpetual",Pranav Tiwary,,
INA000020350,Minal Wagh,,Investment Adviser,"Jun 24, 2025 - Perpetual",Minal  Wagh,,
INA000020369,Ocean Finvest India Private Limited,,Investment Adviser,"Jun 24, 2025 - Perpetual",MEGHNA KARIA,inxits.com,
INA000020378,Finfix Research and Analytics Private Limited,,Investment Adviser,"Jun 24, 2025 - Perpetual",PRABLEEN BAJPAI,finfix.co.in,
INA000020387,INVESTCUES CAPITAL INVESTMENT ADVISORS,,Investment Adviser,"Jun 25, 2025 - Perpetual",ABHISHEK MISRA,investcues.com,
INA000020396,NETWORTH TRACKER SOLUTIONS PRIVATE LIMITED,,Investment Adviser,"Jun 30, 2025 - Perpetual",Shashin Koradia,networthtracker.in,
INA000020402,Anushree Agarwal,,Investment Adviser,"Jun 30, 2025 - Perpetual",Anushree Agarwal,,
INA000020411,MS SQUARE INVESTMENT ADVISORS LLP,,Investment Adviser,"Jun 30, 2025 - Perpetual",MOHNISH SAINI,mssquare.in,
INA000020420,Gunjal Jayadrath Suresh,,Investment Adviser,"Jun 30, 2025 - Perpetual",Gunjal Suresh,,
INA000020439,Clearsharp Technology Private Limited,,Investment Adviser,"Jul 01, 2025 - Perpetual",Adithya V V,clearsharp.in,
INA000020448,Varun Srivastava,,Investment Adviser,"Jul 04, 2025 - Perpetual",Varun Srivastava,iima.ac.in,
INA000020457,Mohammed Shoaib Dayma Proprietor FiSC Capital,,Investment Adviser,"Jul 08, 2025 - Perpetual",Mohammed Shoaib Dayma,,
INA000020466,JAYAPRAKASH,,Investment Adviser,"Jul 08, 2025 - Perpetual",Jaya Prakash,,
INA000020475,Ayush Sharma,,Investment Adviser,"Jul 09, 2025 - Perpetual",Ayush Sharma,,
INA000020484,UPSTOX SECURITIES PRIVATE LIMITED,,Investment Adviser,"Jul 10, 2025 - Perpetual",Vibhuti  Harsh,rksv.in,
INA000020493,Arjun K A Proprietor Sukruthi,,Investment Adviser,"Jul 10, 2025 - Perpetual",ARJUN K A,,
INA000020509,INFINASK ADVISORS LLP,,Investment Adviser,"Jul 10, 2025 - Perpetual",Pawan Somani,infinask.com,
INA000020518,Weallat Solutions Private Limited,,Investment Adviser,"Jul 10, 2025 - Perpetual",Chirag Ram Paryani,weallat.com,
INA000020527,N Raghu Kumar,,Investment Adviser,"Jul 10, 2025 - Perpetual",N Raghu  Kumar,finsim.in,
INA000020536,ASK LONG-SHORT FUND MANAGERS PRIVATE LIMITED,,Investment Adviser,"Jul 10, 2025 - Perpetual",GAURIK SHAH,askhedgesolutions.com,
INA000020545,LN FINTECH ADVISORY PRIVATE LIMITED,,Investment Adviser,"Jul 10, 2025 - Perpetual",KRISHNA NAGPAL,,
INA000020554,Vivek Gupta,,Investment Adviser,"Jul 11, 2025 - Perpetual",Vivek Gupta,,
INA000020563,Krishna Goyal Proprietor Fynvestor Investment Advisory,,Investment Adviser,"Jul 11, 2025 - Perpetual",Krishna Goyal,,
INA000020572,Invsify Technologies Private Limited,,Investment Adviser,"Jul 14, 2025 - Perpetual",Shlok Sobti,,
INA000020581,Sakshi Gaurav Jalan,,Investment Adviser,"Jul 14, 2025 - Perpetual",Sakshi Jalan,,
INA000020590,Arun Ramabhadran,,Investment Adviser,"Jul 14, 2025 - Perpetual",Arun  Ramabhadran,,
INA000020606,INVESTORAI INVESTMENT MANAGEMENT SERVICES PRIVATE LIMITED,,Investment Adviser,"Jul 14, 2025 - Perpetual",Lakshit Maheshwari,,
INA000020615,Narendran,,Investment Adviser,"Jul 14, 2025 - Perpetual",Narendran Venkataramalingam,,
INA000020624,CUBERA ASSET ADVISORS PRIVATE LIMITED,,Investment Adviser,"Jul 14, 2025 - Perpetual",Nilesh Borana,cuberaadvisors.com,
INA000020633,Cettlx Services Private Limited,,Investment Adviser,"Jul 14, 2025 - Perpetual",Gurushant Hanchinal,vealthx.com,
INA000020642,NITISH CONSUL,,Investment Adviser,"Jul 16, 2025 - Perpetual",Nitish Consul,,
INA000020651,Profit Finstock Private Limited,,Investment Adviser,"Jul 17, 2025 - Perpetual",Pradhan Chandrashekhar S,profitfromit.in,
INA000020660,INDIUM INVESTMENT ADVISERS PRIVATE LIMITED,,Investment Adviser,"Jul 17, 2025 - Perpetual",Tridib Pathak,indiuminv.in,
INA000020679,FINOFIN INSURANCE &  ADVISORY SERVICES PRIVATE LIMITED,,Investment Adviser,"Jul 18, 2025 - Perpetual",Gurjot singh,shoonya.com,
INA000020688,Orelius Financial Advisory and Management Services Private Limited,,Investment Adviser,"Jul 18, 2025 - Perpetual",Mohit Kanodia,shaguncapital.in,
INA000020697,Pramiti Rawat,,Investment Adviser,"Jul 23, 2025 - Perpetual",Pramiti Rawat,,
INA000020703,Shishir Agarwal,,Investment Adviser,"Jul 23, 2025 - Perpetual",Shishir Agarwal,,
INA000020712,Arthvruksh Capital Management LLP,,Investment Adviser,"Jul 25, 2025 - Perpetual",Himanjal Brahmbhatt,,
INA000020721,PI DELTA ENTERPRISES,,Investment Adviser,"Jul 30, 2025 - Perpetual",PRAKHAR SONI,,
INA000020730,Aman Rakesh Shah,,Investment Adviser,"Jul 31, 2025 - Perpetual",Aman Shah,,
INA000020749,Wealth Beacon Investment Advisors Private Limited,,Investment Adviser,"Jul 31, 2025 - Perpetual",Ankur Lahoti,wealthbeacon.ai,
INA000020758,SR ALPHA INVESTMENT ADVISERS,,Investment Adviser,"Aug 01, 2025 - Perpetual",SUYASH SINGHANIYA,,
INA000020776,Arigamoney India Pvt. Ltd.,,Investment Adviser,"Aug 04, 2025 - Perpetual",AJITKUMAR SINGH CHAUHAN,,
INA000020785,Kaustubh Dattatraya Agashe,,Investment Adviser,"Aug 05, 2025 - Perpetual",Kaustubh Agashe,,
INA000020794,3Q FINANCIAL SERVICES PRIVATE LIMITED,,Investment Adviser,"Aug 05, 2025 - Perpetual",Ketan Sarda,3qwealth.com,
INA000020800,PLOUTUS ASSET SERVICES LLP,,Investment Adviser,"Aug 05, 2025 - Perpetual",Sridevi Viswanathan,financialplanners.co.in,
INA000020819,Eiko Quantum Solutions Pvt Ltd,,Investment Adviser,"Aug 05, 2025 - Perpetual",TANYA SOMAIYA,eikoquantum.com,
INA000020828,Patel Poojan Praful,,Investment Adviser,"Aug 06, 2025 - Perpetual",Patel Praful,,
INA000020846,CKREDENCE WEALTH MANAGEMENT PRIVATE LIMITED,,Investment Adviser,"Aug 07, 2025 - Perpetual",Prakashkumar Mavani,ckredencewealth.com,
INA000020855,Everest Creators Pvt Ltd,,Investment Adviser,"Aug 07, 2025 - Perpetual",Tapan Jani,,
INA000020864,SUJAN SINGH,,Investment Adviser,"Aug 07, 2025 - Perpetual",SUJAN  SINGH,,
INA000020873,Thinkfinny Tech Labs Pvt Ltd.,,Investment Adviser,"Aug 07, 2025 - Perpetual",Sachin Kamkar,finny.club,
INA000020882,TARUN ROKADIYA,,Investment Adviser,"Aug 07, 2025 - Perpetual",TARUN ROKADIYA,risewell.in,
INA000020891,Newcamp Finserv Private Limited,,Investment Adviser,"Aug 07, 2025 - Perpetual",Piyush Lahoti,activv.money,
INA000020907,Crest Capital Management Private Limited,,Investment Adviser,"Aug 07, 2025 - Perpetual",Zuhaib Khan,crest-group.co,
INA000020916,Shivam Kumar Aggarwal Proprietor ASKCA Investment Advisors,,Investment Adviser,"Aug 11, 2025 - Perpetual",SHIVAM AGGARWAL,,
INA000020925,NERDYBIRD WEALTH ADVISORY LLP,,Investment Adviser,"Aug 11, 2025 - Perpetual",Shilpa Gole,nerdybird.in,
INA000020934,Vishrav Technologies,,Investment Adviser,"Aug 14, 2025 - Perpetual",Chandresh Malpani,,
INA000020943,ASHISH CHAUDHARY,,Investment Adviser,"Aug 20, 2025 - Perpetual",ASHISH  CHAUDHARY,,
INA000020952,GOELA FINANCIAL SERVICES LLP,,Investment Adviser,"Aug 21, 2025 - Perpetual",Aditya Goela,,
INA000020961,Anudeep Yadav,,Investment Adviser,"Aug 25, 2025 - Perpetual",Anudeep Yadav,,
INA000020970,Vishal Pramod Rotwadkar Proprietor Heritage City Ventures,,Investment Adviser,"Aug 25, 2025 - Perpetual",Vishal Rotwadkar,,
INA000020989,SAGAR PUJARI PROPRIETOR FINCLIFF CAPITAL,,Investment Adviser,"Aug 28, 2025 - Perpetual",SAGAR PUJARI,,
INA000020998,Wallet Wealth LLP,,Investment Adviser,"Sep 01, 2025 - Perpetual",Sridharan Sundaram,walletwealth.co.in,
INA000021003,Datla Venkata Satya Teja Krishnam Raju,,Investment Adviser,"Sep 15, 2025 - Perpetual",Datla Venkata Krishnam Raju,,
INA000021012,Peace Valley Ventures Private Limited,,Investment Adviser,"Sep 18, 2025 - Perpetual",Mukund Lahoty,turtlefinance.in,
INA000021021,DHANAYUSH CAPITAL SERVICES PRIVATE LIMITED,,Investment Adviser,"Sep 18, 2025 - Perpetual",KIRAN TELANG,dhanayushcapital.com,
INA000021030,Jaima Scientific Ventures LLP,,Investment Adviser,"Sep 24, 2025 - Perpetual",Kumar Saurabh,,
INA000021049,Ajay Jajam Proprietor Chanakya Investment,,Investment Adviser,"Sep 24, 2025 - Perpetual",Ajay Jajam,,
INA000021058,ARC Spire Advisory Private Limited,,Investment Adviser,"Sep 25, 2025 - Perpetual",Nitish Sahni,paasa.co,
INA000021067,SPARK PWM PRIVATE LIMITED,,Investment Adviser,"Sep 25, 2025 - Perpetual",Saurav Lugria,sparkcapital.in,
INA000021076,Viresh P Patel,,Investment Adviser,"Sep 29, 2025 - Perpetual",Viresh P Patel,vireshpatel.com,
INA000021094,MOTILAL OSWAL WEALTH LIMITED,,Investment Adviser,"Oct 07, 2025 - Perpetual",Vivek Gupta,motilaloswal.com,
INA000021100,Milan Kumar Sahu,,Investment Adviser,"Oct 08, 2025 - Perpetual",Milan Sahu,,
INA000021119,Anand Manish,,Investment Adviser,"Oct 08, 2025 - Perpetual",Anand Manish,,
INA000021128,S Roshan Valiathan Proprietor Investantra,,Investment Adviser,"Oct 08, 2025 - Perpetual",S Roshan Valiathan,,
INA000021137,EUREKA STOCK & SHARE BROKING SERVICES LIMITED,,Investment Adviser,"Oct 08, 2025 - Perpetual",Debomita Maity,eurekasec.com,
INA000021146,JWA Wealth Private Limited,,Investment Adviser,"Oct 10, 2025 - Perpetual",Radha Gupta,jupiter-wealth.com,
INA000021155,Value Ethics Private Limited,,Investment Adviser,"Oct 10, 2025 - Perpetual",Teena Mundada,,
INA000021164,Investrite Fintech LLP,,Investment Adviser,"Oct 13, 2025 - Perpetual",Sohesh Shah,,
INA000021173,Zactor Tech Private Limited,,Investment Adviser,"Oct 16, 2025 - Perpetual",Vinod Parihar,zactortech.com,
INA000021182,Aryan Singhal Proprietor Ethos Investment Adviser,,Investment Adviser,"Oct 20, 2025 - Perpetual",Aryan Singhal,,
INA000021191,Panchagnula Venkateswara Rama Prasad Proprietor RP Investment Advisor,,Investment Adviser,"Oct 28, 2025 - Perpetual",Panchagnula Rama Prasad,,
INA000021207,Octanom Tech Private Limited,,Investment Adviser,"Oct 30, 2025 - Perpetual",ARCHIT MAHAJAN,octonom.com,
INA000021216,Himanshu Somani,,Investment Adviser,"Oct 30, 2025 - Perpetual",Himanshu Somani,,
INA000021225,Amandeep Singh,,Investment Adviser,"Oct 31, 2025 - Perpetual",Amandeep Singh,,
INA000021234,Ryze India Advisory Solutions Private Limited,,Investment Adviser,"Oct 31, 2025 - Perpetual",Nitin George,ryzemoney.in,
INA000021243,Parekh Rutviz Bharatkumar Proprietor Tanviz Capital,,Investment Adviser,"Nov 03, 2025 - Perpetual",Rutviz Parekh,,
INA000021252,Chinmay D Naik Proprietor Kautilya Capital Management,,Investment Adviser,"Nov 03, 2025 - Perpetual",Chinmay  D Naik,kcmehta.com,
INA000021261,MURALI KRISHNA SIVVALA,,Investment Adviser,"Nov 03, 2025 - Perpetual",MURALI SIVVALA,,
INA000021270,Arun Baijnath Sharma,,Investment Adviser,"Nov 03, 2025 - Perpetual",Arun Sharma,,
INA000021289,SANICA VISHWAJEET DHAMNASKAR,,Investment Adviser,"Nov 04, 2025 - Perpetual",Sanica Dhamnaskar,,
INA000021298,AMIT GORISHANKAR  DHANUKA,,Investment Adviser,"Nov 04, 2025 - Perpetual",AMIT DHANUKA,,
INA000021304,VINAYAK ARUN KINI,,Investment Adviser,"Nov 04, 2025 - Perpetual",Vinayak Kini,,
INA000021313,Stackfin Technology Private Limited,,Investment Adviser,"Nov 04, 2025 - Perpetual",Niranjan Goyal,stackwealth.in,
INA000021322,Pravia Investment Advisors Private Limited,,Investment Adviser,"Nov 04, 2025 - Perpetual",Vaibhavi Shah,pravia.in,
INA000021331,Chandrachuda Sarma Yemmanuru Proprietor Finwiser,,Investment Adviser,"Nov 04, 2025 - Perpetual",Chandrachuda Yemmanuru,,
INA000021340,Pararthya Capital Management LLP,,Investment Adviser,"Nov 07, 2025 - Perpetual",Nikunj Gala,pararthya.in,
INA000021359,Sudip Dipten Putatunda,,Investment Adviser,"Nov 07, 2025 - Perpetual",Sudip  Putatunda,putatunda.com,
INA000021368,Ayush Lath,,Investment Adviser,"Nov 07, 2025 - Perpetual",Ayush Lath,,
INA000021377,Tushar Sharma,,Investment Adviser,"Nov 07, 2025 - Perpetual",Tushar Sharma,,
INA000021386,IPK WEALTH SERVICES PRIVATE LIMITED,,Investment Adviser,"Nov 14, 2025 - Perpetual",PRABHU KUMARASAMY,ipkwealth.com,
INA000021395,Mudit Madan,,Investment Adviser,"Nov 20, 2025 - Perpetual",Mudit Madan,,
INA000021401,MEHAK WEALTH INVESTMENT ADVISORS PRIVATE LIMITED,,Investment Adviser,"Nov 27, 2025 - Perpetual",Rajan Malhotra,,
INA000021410,Indira Securities Private Limited,,Investment Adviser,"Nov 27, 2025 - Perpetual",SUMEET PATEL,indiratrade.com,
INA000021429,JBV Share Broker And Fintech Private Limited,,Investment Adviser,"Dec 01, 2025 - Perpetual",Asit Mistry,growthavenues.co.in,
INA000021438,Primew Financial Services Private Limited,,Investment Adviser,"Dec 01, 2025 - Perpetual",Alok Dubey,,
INA000021447,SAMEER VINAYAK JOSHI,,Investment Adviser,"Dec 05, 2025 - Perpetual",SAMEER JOSHI,,
INA000021456,Sanidhya Arvind Mishra,,Investment Adviser,"Dec 08, 2025 - Perpetual",Sanidhya Mishra,,
INA000021465,Kartik M Soni,,Investment Adviser,"Dec 08, 2025 - Perpetual",Kartik  Soni,,
INA000021474,SURENDRA JAUHARI,,Investment Adviser,"Dec 10, 2025 - Perpetual",SURENDRA JAUHARI,,
INA000021483,Arpita Harshavardhan Kulkarni Proprietor of Fin Neeti,,Investment Adviser,"Dec 11, 2025 - Perpetual",Arpita Kulkarni,,
INA000021492,VINSMART WEALTH MANAGEMENT LLP,,Investment Adviser,"Dec 11, 2025 - Perpetual",Viljo George,,
INA000021508,Manoj Kumar Kaushik,,Investment Adviser,"Dec 11, 2025 - Perpetual",Manoj Kaushik,,
INA000021517,MARWADI CHANDARANA  INTERMEDIARIES BROKERS PRIVATE LIMITED,,Investment Adviser,"Dec 11, 2025 - Perpetual",,,
INA000021526,Plus91 Asset Management LLP,,Investment Adviser,"Dec 11, 2025 - Perpetual",Parth Kotak,,
INA000021544,Invesmate Insights Private Limited,,Investment Adviser,"Dec 12, 2025 - Perpetual",Santanu Saha,insights.market,
INA000021553,NBHAVA CAPITAL PRIVATE LIMITED,,Investment Adviser,"Dec 15, 2025 - Perpetual",BOGGAVARAPU LAKSHMI,nbhava.com,
INA000021562,Dushyant Vipinchandra Acharya,,Investment Adviser,"Dec 16, 2025 - Perpetual",Dushyant Acharya,,
INA000021571,SHWETANK DEV,,Investment Adviser,"Dec 17, 2025 - Perpetual",SHWETANK DEV,,
INA000021580,VSCVITTY.AI PRIVATE LIMITED,,Investment Adviser,"Dec 18, 2025 - Perpetual",Vinod Singhal,vsc.co.in,
INA000021599,Quicko Infosoft Private Limited,,Investment Adviser,"Dec 18, 2025 - Perpetual",VISHVAJIT SONAGARA,quicko.com,
INA000021605,Palnika Hemnani,,Investment Adviser,"Dec 19, 2025 - Perpetual",Palnika Hemnani,,
INA000021614,Ayush Bharat Bhutada Proprietor of Time Wheel Investment  Advisors,,Investment Adviser,"Dec 22, 2025 - Perpetual",Ayush Bhutada,,
INA000021623,INVESTGOAL CAPITAL ADVISORS PRIVATE LIMITED,,Investment Adviser,"Dec 23, 2025 - Perpetual",Kekin Nandu,,
INA000021632,ARTHOS FINSERV LLP,,Investment Adviser,"Dec 23, 2025 - Perpetual",Aakash Jajoo,,
INA000021641,ARPIT AGARWAL,,Investment Adviser,"Dec 30, 2025 - Perpetual",ARPIT AGARWAL,,
INA000021650,KOLADI UKKURU VARGHESE,,Investment Adviser,"Dec 30, 2025 - Perpetual",KOLADI VARGHESE,,
INA000021669,BFC Capital Private Limited,,Investment Adviser,"Jan 08, 2026 - Perpetual",Sunil Gupta,bfccapital.com,
INA000021678,MITALI GUNVANT SINGHI,,Investment Adviser,"Jan 19, 2026 - Perpetual",MITALI  SINGHI,,
INA000021687,Houlihan Lokey Advisory India Private Limited,,Investment Adviser,"Jan 19, 2026 - Perpetual",Tejas Dawda,hl.com,
INA000021696,Vishnu M,,Investment Adviser,"Jan 27, 2026 - Perpetual",Vishnu   M,,
INA000021702,Tiny Epic Solutions Private Limited,,Investment Adviser,"Jan 27, 2026 - Perpetual",RAJESH SINHA,tinyepic.in,
INA000021711,DIVERSIFI LABS PRIVATE LIMITED,,Investment Adviser,"Jan 27, 2026 - Perpetual",JAYESH KUMAR,diversifi.in,
INA000021720,RIQR LLP,,Investment Adviser,"Jan 27, 2026 - Perpetual",Jay Shah,riqr.in,
INA000021739,Sugam Rathi Proprietor Opening Bell Investment Advisors,,Investment Adviser,"Jan 30, 2026 - Perpetual",Sugam Rathi,,
INA000021748,Anshul,,Investment Adviser,"Jan 30, 2026 - Perpetual",Anshul Anshul,,
INA000021757,BALACHANDRAN RAMAN VISWANATHAN,,Investment Adviser,"Jan 30, 2026 - Perpetual",BALACHANDRAN VISWANATHAN,viswaram.com,
INA000021766,RITIK ANIL SONI,,Investment Adviser,"Feb 03, 2026 - Perpetual",RITIK SONI,,
INA000021775,ANURAG SINGHAL,,Investment Adviser,"Feb 03, 2026 - Perpetual",ANURAG  SINGHAL,,
INA000021784,PRAVID FINANCIAL SERVICES LLP,,Investment Adviser,"Feb 04, 2026 - Perpetual",Prashant Radhakrishnan,pravidadvisory.com,
INA000021793,Hijli Investment Advisors Private Limited,,Investment Adviser,"Feb 04, 2026 - Perpetual",Vikas Bansal,,
INA000021809,Beyondco Technologies Private Limited,,Investment Adviser,"Feb 10, 2026 - Perpetual",Parijat Chaturvedi,safebox.life,
INA000021818,BUSIREDDY KAUSHIK REDDY,,Investment Adviser,"Feb 11, 2026 - Perpetual",BUSIREDDY REDDY,,
INA000021827,Vijay Rajendra Kotak Proprietor of Brytlink Wealth Management,,Investment Adviser,"Feb 12, 2026 - Perpetual",Vijay Kotak,brytlink.com,
INA000021836,Dr. Aniruddh Sahai,,Investment Adviser,"Feb 13, 2026 - Perpetual",Aniruddh Sahai,,
INA000021845,Pravin Ratilal Investment Advisors Private Limited,,Investment Adviser,"Feb 13, 2026 - Perpetual",Rushabh Sharedalal,,
INA000021854,Pushpanjali Kumar,,Investment Adviser,"Feb 13, 2026 - Perpetual",Pushpanjali Kumar,,
INA000021863,WEALTHDNA FINVEST PRIVATE LIMITED,,Investment Adviser,"Feb 16, 2026 - Perpetual",Arjun Masurkar,wealthdna.in,
INA000021872,Bristlecone Consultants,,Investment Adviser,"Feb 16, 2026 - Perpetual",Hoshner Patel,bristlecone.in,
INA000021881,Vijay kumar Gupta,,Investment Adviser,"Feb 18, 2026 - Perpetual",Vijay Gupta,,
INA000021890,MATCAP WEALTH ADVISORS PRIVATE LIMITED,,Investment Adviser,"Feb 20, 2026 - Perpetual",MAYURI ARUNENDRA SINGH,fintoo.in,
INA000021906,Rajesh Sudhakar Prabhudesai,,Investment Adviser,"Feb 23, 2026 - Perpetual",Rajesh Prabhudesai,,
INA000021915,HARIHARAN,,Investment Adviser,"Feb 23, 2026 - Perpetual",HARIHARAN HARIHARAN,,
INA000021924,MAHESH KUMAR K,,Investment Adviser,"Feb 23, 2026 - Perpetual",MAHESH KUMAR K,,
INA000021933,Rahul Rajgopal,,Investment Adviser,"Feb 24, 2026 - Perpetual",Rahul Rajgopal,,
INA000021942,FYNRO ADVISORY SERVICES PRIVATE LIMITED,,Investment Adviser,"Feb 24, 2026 - Perpetual",Sandhya Iyer,fynro.in,
INA000021951,Koti Labs Private Limited,,Investment Adviser,"Feb 26, 2026 - Perpetual",Ajit  Kumar,kotilabs.com,
INA000021960,KOWSIKA DEVI PROPRIETOR EXPLICIT,,Investment Adviser,"Feb 27, 2026 - Perpetual",KOWSIKA DEVI,,
INA000021979,Famli Technology Products Private Limited,,Investment Adviser,"Feb 27, 2026 - Perpetual",Priyanka Sonawane,famlilife.com,
INA000021988,Harendra P Zatakia Proprietor Wealth Aligned Financial Advisory,,Investment Adviser,"Mar 04, 2026 - Perpetual",Harendra   Zatakia,,
INA000021997,VIJAY KUMAR SHARMA,,Investment Adviser,"Mar 04, 2026 - Perpetual",VIJAY  SHARMA,,
INA000022002,ABHISHEK GUPTA Proprietor Qligence Capital,,Investment Adviser,"Mar 11, 2026 - Perpetual",ABHISHEK GUPTA,qligence.capital,
INA000022011,Dakshamm Capital Services Private Limited,,Investment Adviser,"Mar 11, 2026 - Perpetual",,,
INA000022020,Sixdis Technologies Private Limited,,Investment Adviser,"Mar 12, 2026 - Perpetual",Jatin Premanand Mazalcar,oolka.in,
INA000022039,VIRAL ARUN PAREKH PROPRIETOR OF REDWOODS WEALTH,,Investment Adviser,"Mar 14, 2026 - Perpetual",Viral Parekh,,
INA000022048,OJAS AGRAWAL,,Investment Adviser,"Mar 16, 2026 - Perpetual",OJAS AGRAWAL,,
INA000022057,WEALTHDOOR INVESTMENT ADVISERS PRIVATE LIMITED,,Investment Adviser,"Mar 18, 2026 - Perpetual",ANKITA SHRIVASTAVA,wealthdoor.com,
INA000022066,Anil Kumar Koul Proprietor of Koul Financial Advisor,,Investment Adviser,"Mar 18, 2026 - Perpetual",ANIL KUMAR KOUL,koulfinancialadvisor.com,
INA000022075,WHERE2INVEST LIMITED,,Investment Adviser,"Mar 23, 2026 - Perpetual",VINAY JAIS,where2invest.com,
INA000022084,Potofwealth Nurturing LLP,,Investment Adviser,"Mar 23, 2026 - Perpetual",Jayesh Dahad,,
INA000022093,TWOCENTS VENTURES LLP,,Investment Adviser,"Mar 24, 2026 - Perpetual",Deepti Kharpas,2centscapital.com,
INA000022109,Ashish Gupta,,Investment Adviser,"Mar 25, 2026 - Perpetual",Ashish Gupta,,
INA000022118,SAMEER SAKURIKAR,,Investment Adviser,"Mar 25, 2026 - Perpetual",SAMEER SAKURIKAR,,
INA000022127,Jay Shah,,Investment Adviser,"Apr 06, 2026 - Perpetual",Jay Shah,iiml.org,
INA000022136,Arpan Kukreja,,Investment Adviser,"Apr 06, 2026 - Perpetual",Arpan Kukreja,nexvest.one,
INA000022145,JEETU KRISHNAN,,Investment Adviser,"Apr 07, 2026 - Perpetual",JEETU KRISHNAN,,
INA000022154,Nuvama Trusteeship Company Limited,,Investment Adviser,"Apr 10, 2026 - Perpetual",Ashis Sarangi,nuvama.com,
INA000022163,NATIVE INVESTMENT MANAGERS LLP,,Investment Adviser,"Apr 10, 2026 - Perpetual",Naysar Parikh,nativeinvest.in,
INA000022172,NYVO Technology Private Limited,,Investment Adviser,"Apr 10, 2026 - Perpetual",Harsh Soni,nyvo.in,
INA000022181,TREND REVERSAL RESEARCH & INVESTMENT ADVISORS PRIVATE LIMITED,,Investment Adviser,"Apr 10, 2026 - Perpetual",Ramita Bhasin,trendreversalresearch.com,
INA000022190,Kapil Aggarwal Proprietor investkaps,,Investment Adviser,"Apr 10, 2026 - Perpetual",Kapil Aggarwal,zohomail.in,
INA000022206,Shubham Jaiswal,,Investment Adviser,"Apr 10, 2026 - Perpetual",Shubham Jaiswal,,
INA000022215,Sunil Vyas,,Investment Adviser,"Apr 10, 2026 - Perpetual",Sunil Vyas,,
INA000022224,Crystalline Capserve Private Limited,,Investment Adviser,"Apr 10, 2026 - Perpetual",Sidharthan Kumar,crystallinecap.in,
INA000022233,NIKITA RAJKUMAR GEHANI PROPRIETOR OF TRADEMINT,,Investment Adviser,"Apr 10, 2026 - Perpetual",NIKITA GEHANI,,
INA000022242,Jasween Malik,,Investment Adviser,"Apr 13, 2026 - Perpetual",Jasween Malik,,
INA000022251,ARTHA ADVISORY,,Investment Adviser,"Apr 15, 2026 - Perpetual",SUBHALAXMI  RAUL,,
INA000022260,Money Purse Finserv LLP,,Investment Adviser,"Apr 15, 2026 - Perpetual",Raise Naik,moneypurse.in,
INA000022279,PARASURAMA PRAVEEN M,,Investment Adviser,"Apr 15, 2026 - Perpetual",Parasurama Praveen M,,
INA000022288,FIRSTCOREADVISERS LLP,,Investment Adviser,"Apr 15, 2026 - Perpetual",Subbiah Somasundaram,,
INA000022297,MYFINVEST INVESTMENT ADVISORS LLP,,Investment Adviser,"Apr 15, 2026 - Perpetual",Avinash Bhutada,myfinvest.in,
INA000022321,Partha Harshal Deshpande,,Investment Adviser,"Apr 20, 2026 - Perpetual",Partha Deshpande,,
INA000022330,VITTUS WEALTH PRIVATE LIMITED,,Investment Adviser,"Apr 20, 2026 - Perpetual",Chandraprakash Bhutada,,
INA000022349,Eton Solutions and Technologies India LLP,,Investment Adviser,"Apr 23, 2026 - Perpetual",Amarnath Shenoy,eton-solutions.com,
INA000022358,ACUITY INSIGHTS PRIVATE LIMITED,,Investment Adviser,"Apr 23, 2026 - Perpetual",Navneet Daga,,
INA000022367,QUANT ART MARKET SOLUTIONS PRIVATE LIMITED,,Investment Adviser,"Apr 23, 2026 - Perpetual",Samir Lodha,quantartmarket.com,
INA000022376,CLARITAS INSIGHTS LLP,,Investment Adviser,"Apr 24, 2026 - Perpetual",Charu Shailendra Sharma,claritaswealth.in,
INA000022385,Srikrishna M S,,Investment Adviser,"May 04, 2026 - Perpetual",Srikrishna M S,,
INA000022394,Persevera Wealth Advisors LLP,,Investment Adviser,"May 04, 2026 - Perpetual",Janaki Bhuta,,
INA000022400,Shankh Wealth Advisors LLP,,Investment Adviser,"May 04, 2026 - Perpetual",Akshay Kunkulol,infinitypool.in,
INA000022419,A58 KNOWLEDGE SERVICES PRIVATE LIMITED,,Investment Adviser,"May 05, 2026 - Perpetual",Zaharah Sheriff,a58.in,
INA000022428,BLACKLITT TECHNOLOGIES PRIVATE LIMITED,,Investment Adviser,"May 05, 2026 - Perpetual",Rachit Tripathi,blacklitt.com,
INA000022437,FINSPURT ANALYTICS PRIVATE LIMITED,,Investment Adviser,"May 05, 2026 - Perpetual",Shreni Makharia,finspurt.com,
INA000022446,Nemtara Investment Advisors OPC Private Limited,,Investment Adviser,"May 05, 2026 - Perpetual",Rohit Tated,,
INA000022455,Pramukh Somisetty Sureshkumar,,Investment Adviser,"May 05, 2026 - Perpetual",Pramukh Sureshkumar,,
INA000022464,Tatvartha Wealthnest Ai Private Limited,,Investment Adviser,"May 05, 2026 - Perpetual",Anurag Sinha,wealthnest.ai,
INA000022473,PINSEC AI RESEARCH ADVISORY PRIVATE LIMITED,,Investment Adviser,"May 05, 2026 - Perpetual",Suriya kumar R,pinsec.ai,
INA000022482,Praveen Kumar H M,,Investment Adviser,"May 07, 2026 - Perpetual",Praveen H M,,
INA000022491,Parth Malav Patel,,Investment Adviser,"May 11, 2026 - Perpetual",Parth Patel,,
INA000022507,Arjit Anand,,Investment Adviser,"May 11, 2026 - Perpetual",Arjit Anand,iridiumcapital.co.in,
INA000022516,Anesh K Vyaas LLP,,Investment Adviser,"May 11, 2026 - Perpetual",Anesh K Vyaas,aurumventures.capital,
INA000022525,Banyan Capital Advisors LLP,,Investment Adviser,"May 11, 2026 - Perpetual",Shaheen Akhtar,banyan-capital.com,
INA000022534,ASHOK KRISHNARAO,,Investment Adviser,"May 12, 2026 - Perpetual",ASHOK KRISHNARAO,,
INA000022543,SUNIL MAHADEV GHADAGE,,Investment Adviser,"May 18, 2026 - Perpetual",Sunil Ghadage,,
INA000022552,VINAYAK B PATIL,,Investment Adviser,"May 21, 2026 - Perpetual",VINAYAK B PATIL,,
INA000022561,Pooja Mahesh Proprietor IRA CONSULTING SERVICES,,Investment Adviser,"May 21, 2026 - Perpetual",Pooja Mahesh,,
INA000022570,Baskaran Nadarajan,,Investment Adviser,"May 25, 2026 - Perpetual",Baskaran Nadarajan,,
INA000022589,FINRIGHT INVESTMENT ADVISORS LLP,,Investment Adviser,"May 25, 2026 - Perpetual",Dhairya Dedhia,finright.in,
INA000022598,Kartik Iyer proprietor of Finsenz Wealth Advisory,,Investment Adviser,"May 25, 2026 - Perpetual",Kartik Iyer,,
INA000022604,Mangesh Sagane Proprietor TRUSTEDGE ADVISORY,,Investment Adviser,"May 25, 2026 - Perpetual",Mangesh Sagane,yahoo.in,
INA000022613,SAKSHAM SHARMA,,Investment Adviser,"May 25, 2026 - Perpetual",SAKSHAM  SHARMA,,
INA000022622,Yatindra Agrawal Proprietor Yellowsand,,Investment Adviser,"May 25, 2026 - Perpetual",Yatindra Agrawal,,
INA000022631,SAMPADHA RESEARCH AND FINANCIAL CONSULTANTS PRIVATE LIMITED,,Investment Adviser,"May 25, 2026 - Perpetual",M V RAO,sampadha.com,
INA000022640,Vijayan N Proprietor Vudhi FinTech,,Investment Adviser,"May 27, 2026 - Perpetual",Vijayan N Vijayan,vudhi.com,
INA000022659,Anand Biswas,,Investment Adviser,"Jun 01, 2026 - Perpetual",Anand Biswas,,
INA000022668,MAHIR INVESTMENT ADVISERS PRIVATE LIMITED,,Investment Adviser,"Jun 01, 2026 - Perpetual",BHARAT MAKKAR,mahiradvisers.com,
INA000022677,Nikkhiel Nerkaar,,Investment Adviser,"Jun 01, 2026 - Perpetual",Nikkhiel Nerkaar,,
INA000022686,Gautam Khemka Proprietor Sampatti Planning,,Investment Adviser,"Jun 02, 2026 - Perpetual",Gautam Khemka,,
INA000022695,WORTHOS TECHNOLOGIES PRIVATE LIMITED,,Investment Adviser,"Jun 02, 2026 - Perpetual",TANISH SADH,,
INA000022701,Rupeestop LLP,,Investment Adviser,"Jun 02, 2026 - Perpetual",Dhiraj Sharma,rupeestop.com,
INA000022710,HER-MONY SERVICES PRIVATE LIMITED,,Investment Adviser,"Jun 03, 2026 - Perpetual",Rohini Bhan,her-mony.com,
INA000022729,ADITYA SAKHARAM JADHAV,,Investment Adviser,"Jun 04, 2026 - Perpetual",ADITYA JADHAV,,
INA000022738,Raghunandan Madhukar Alavani,,Investment Adviser,"Jun 04, 2026 - Perpetual",Raghunandan Alavani,,
INA000022747,CHAITANYA VINOD AGARWAL,,Investment Adviser,"Jun 04, 2026 - Perpetual",CHAITANYA AGARWAL,,
INA000022756,Srinivas P,,Investment Adviser,"Jun 05, 2026 - Perpetual",Srinivas Palani,,
INA000022765,Allvest Invesment Managers Private Limited,,Investment Adviser,"Jun 05, 2026 - Perpetual",Bhoumik Mehta,allvest.co,
INA000022774,ZENARA TECHNOLOGIES PRIVATE LIMITED,,Investment Adviser,"Jun 09, 2026 - Perpetual",Sudhir Kumar A,zenaratechnologies.com,
INA000022783,Finanjo Ventures Private Limited,,Investment Adviser,"Jun 10, 2026 - Perpetual",Prithviraj Singh,finanjo.com,
INA000022792,Rahul Jain,,Investment Adviser,"Jun 10, 2026 - Perpetual",Rahul Jain,,
INA000022808,VERIQUS FINANCIAL SERVICES PRIVATE LIMITED,,Investment Adviser,"Jun 10, 2026 - Perpetual",Akash Joshi,veriqus.com,
INA000022817,Anushri Shukla Proprietor Mrigashira Consultancy,,Investment Adviser,"Jun 11, 2026 - Perpetual",Anushree Shukla,,
INA000022826,Niranjan Sridharan Kumar Proprietor Artha Jnana Investment Advisors,,Investment Adviser,"Jun 11, 2026 - Perpetual",Niranjan Kumar,,
INA000022835,SHARAN KAMAL MULCHANDANI,,Investment Adviser,"Jun 11, 2026 - Perpetual",SHARAN MULCHANDANI,,
INA000022844,SHEO NARAYAN,,Investment Adviser,"Jun 12, 2026 - Perpetual",SHEO NARAYAN,ishavasu.com,
INA000022853,Poondi Devarajan Sundar,,Investment Adviser,"Jun 12, 2026 - Perpetual",Poondi Sundar,,
INA000022862,ARTHAZEYRO TECHNOLOGIES PRIVATE LIMITED,,Investment Adviser,"Jun 17, 2026 - Perpetual",Swaraj Chouriwar,,
INA000022871,Kailasanathan Subramaniam Proprietor Tattvam Investment  Advisors,,Investment Adviser,"Jun 24, 2026 - Perpetual",Kailasanathan Subramaniam,,
INA000022880,SAKSHUM KESHORE JAIN,,Investment Adviser,"Jun 24, 2026 - Perpetual",SAKSHUM JAIN,sthiros.money,
INA000022899,VARUN HARESH DODHIA PROPRIETOR OF LIGHT YEAR ADVISORY,,Investment Adviser,"Jun 24, 2026 - Perpetual",VARUN DODHIA,lightyearadvisory.com,
INA000022905,SUMIT KALRA,,Investment Adviser,"Jun 24, 2026 - Perpetual",SUMIT KALRA,,
INA000022914,Dezerv Investments Private Limited,,Investment Adviser,"Jun 25, 2026 - Perpetual",Meetali Gandhi,dezerv.in,
INA000022923,ADITI AGGARWAL,,Investment Adviser,"Jun 29, 2026 - Perpetual",ADITI AGGARWAL,,
INA000022932,Strateasy,,Investment Adviser,"Jul 02, 2026 - Perpetual",Palak Mehta,strateasy.in,
INA000022941,Avdesh Mishra Capitals Private Limited,,Investment Adviser,"Jul 02, 2026 - Perpetual",Vikas Yadav,,
INA000022950,SUJAY MUKUND CHAUDHARI,,Investment Adviser,"Jul 07, 2026 - Perpetual",SUJAY CHAUDHARI,,
INA000022969,PRIMEVYUH WEALTH ADVISORS PRIVATE LIMITED,,Investment Adviser,"Jul 07, 2026 - Perpetual",Shailendra Jain,primevyuh.com,
INA000022978,Sheetal Kumar Proprietor Hyphasis Wealth Consultants,,Investment Adviser,"Jul 16, 2026 - Perpetual",Sheetal Kumar,,
INA000022987,Simplus Wealth Managers Private Limited,,Investment Adviser,"Jul 16, 2026 - Perpetual",Ajay Patwari,,
INA000022996,Wealth Impression Associates,,Investment Adviser,"Jul 16, 2026 - Perpetual",Manik Arora,,
INA000023001,WEALTH WAGON FINTECH PRIVATE LIMITED,,Investment Adviser,"Jul 16, 2026 - Perpetual",Kota Sai Ram,wealthwagon.net,
INA000023010,Nitin Purwar,,Investment Adviser,"Jul 16, 2026 - Perpetual",Nitin Purwar,,
INA000023029,NEUROFI WEALTH ADVISORY,,Investment Adviser,"Jul 16, 2026 - Perpetual",Suhas Suresh,,
INA000023038,Neeraj Pandey,,Investment Adviser,"Jul 20, 2026 - Perpetual",Neeraj Pandey,,
INA000023047,Salaryse Technologies Private Limited,,Investment Adviser,"Jul 21, 2026 - Perpetual",Saumeet Nanda,salaryse.com,
INA000023056,Sunit Nitin Nagori,,Investment Adviser,"Jul 22, 2026 - Perpetual",Sunit Nagori,,
INA000023065,ABHINAV KHATTAR,,Investment Adviser,"Jul 23, 2026 - Perpetual",ABHINAV KHATTAR,,
INA000023074,ANKIT AGRAWAL,,Investment Adviser,"Aug 03, 2026 - Perpetual",ANKIT AGRAWAL,wealthtogether.in,
INA000023083,ARUN,,Investment Adviser,"Aug 05, 2026 - Perpetual",Arun Asokan,,
INA000023092,Sarvasthi Technologies Private Limited,,Investment Adviser,"Aug 06, 2026 - Perpetual",Ramchandra Biswas,,
INA000023108,NEOGENTLE ADVISORY PRIVATE LIMITED,,Investment Adviser,"Aug 07, 2026 - Perpetual",Vishvesh Patel,gentle.money,
INA000023117,RAGHAV GUMBER,,Investment Adviser,"Aug 10, 2026 - Perpetual",raghav gumber,,
INA000023126,Madhu Srinivas V Proprietor Jeeves Investment Advisors,,Investment Adviser,"Aug 10, 2026 - Perpetual",Madhu Srinivas V,,
INA000023135,WOVERP MANAGEMENT CONSULTANTS PRIVATE LIMITED,,Investment Adviser,"Aug 20, 2026 - Perpetual",Chirag Sandha,kompound.money,
INA000023144,Inclusive Wealth Services Private Limited,,Investment Adviser,"Aug 20, 2026 - Perpetual",Abhinav Gupta,,
INA000023153,Tarun Kumar Chaurasia,,Investment Adviser,"Sep 03, 2026 - Perpetual",Tarun Chaurasia,,
INA000023162,NITHIN P,,Investment Adviser,"Sep 07, 2026 - Perpetual",nithin p,,
INA000023171,FINVISION FINANCIAL SERVICES PRIVATE LIMITED,,Investment Adviser,"Sep 07, 2026 - Perpetual",Sandeep Mahalwar,finvision.in,
INA000023180,Neil Jignesh Shah,,Investment Adviser,"Sep 07, 2026 - Perpetual",Neil Shah,,
INA000023199,Onza Financial Services Private Limited,,Investment Adviser,"Sep 07, 2026 - Perpetual",Savithri Sreeram,onzawealth.com,
INA000023205,GURURAJA HEBBAR-PROPRIETOR-HEBBAR INVESTMENT ADVISORS,,Investment Adviser,"Sep 07, 2026 - Perpetual",Gururaja Hebbar,zohomail.in,
INA000023214,Manjunatha Vishwanatha Mathihalli,,Investment Adviser,"Sep 07, 2026 - Perpetual",Manjunatha Mathihalli,,
INA000023223,YB TECHNOLOGIES PRIVATE LIMITED,,Investment Adviser,"Sep 07, 2026 - Perpetual",YOGESH TOMAR,ental.ai,
INA000023232,A AND A Capital,,Investment Adviser,"Sep 07, 2026 - Perpetual",Aryan Desai,,
INA000023241,Siddharth Dwarkani Proprietor Laksh Sarthi Financials,,Investment Adviser,"Sep 08, 2026 - Perpetual",Siddharth Dwarkani,,
INA000023250,Farhan Elias,,Investment Adviser,"Sep 09, 2026 - Perpetual",Farhan Elias,teakroot.in,
INA000023269,Ayush Khandelwal Proprietor Vera Money,,Investment Adviser,"Sep 09, 2026 - Perpetual",Ayush Khandelwal,veramoney.in,
INA000023278,TULSIDAS T SURYAWANSHI Proprietor  saaRathi Investment Advisory Service,,Investment Adviser,"Sep 19, 2026 - Perpetual",TULSIDAS SURYAWANSHI,,
INA000023287,XLFI VENTURES PRIVATE LIMITED,,Investment Adviser,"Sep 19, 2026 - Perpetual",Vasant Viswanathan,qonfido.com,
INA000023296,Parth Pahuja Proprietor of Heuriska Investment Advisors,,Investment Adviser,"Sep 28, 2026 - Perpetual",Parth Pahuja,heuriska.in,
INA000023302,JMD AARTHIQ PRIVATE LIMITED,,Investment Adviser,"Sep 28, 2026 - Perpetual",MAYANK PRAKASH,aarthiqadvisory.in,
INA000023311,PRAKASH S,,Investment Adviser,"Sep 28, 2026 - Perpetual",Prakash S,,
INA000023320,Flowlabs Investment Advisors Private Limited,,Investment Adviser,"Sep 28, 2026 - Perpetual",Avin Sharma,,
INA000023339,Mintbyte Investment Services Private Limited,,Investment Adviser,"Oct 01, 2026 - Perpetual",Amit Kumar Tiwari,mintbyte.com,
INA000023348,Aastha Rathore Proprietor of Sky Line Capital Research,,Investment Adviser,"Oct 01, 2026 - Perpetual",Aastha Rathore,,
INA100000051,AMIT KUKREJA,,Investment Adviser,"Aug 02, 2013 - Perpetual",AMIT  KUKREJA,,
INA100000184,JITENDRA PRATAP SINGH SOLANKI,,Investment Adviser,"Oct 09, 2013 - Perpetual",,,
INA100001158,SH ANKUR JAIN,,Investment Adviser,"Feb 28, 2014 - Perpetual",SH ANKUR JAIN,,
INA100001398,BAJAJ CAPITAL INVESTMENT ADVISERS PRIVATE LIMITED,,Investment Adviser,"Mar 31, 2014 - Perpetual",Reena Kumari,bajajcapital.com,
INA100001406,SH ANKUR KAPUR,,Investment Adviser,"Mar 31, 2014 - Perpetual",Ankur Kapur,ankurkapur.com,
INA100001877,SH SURESH KUMAR NARULA,,Investment Adviser,"Jun 16, 2014 - Perpetual",SH SURESH KUMAR NARULA,,
INA100001927,ARK PRIMARY ADVISORS PVT. LTD,,Investment Adviser,"Jun 24, 2014 - Perpetual",HEMANT KUMAR BENIWAL,tflguide.com,
INA100002032,VALUEQUEST CAPITAL LLP,,Investment Adviser,"Jul 28, 2014 - Perpetual",SH PARESH S THAKKAR,valuequestcapital.com,
INA100002438,INDRESH MALIK,,Investment Adviser,"Dec 03, 2014 - Perpetual",INDRESH MALIK,,
INA100002693,DEVERE GROUP INVESTMENT ADVISORS PVT LTD,,Investment Adviser,"Feb 19, 2015 - Perpetual",STUART IAN GITSHAM,devere-group.com,
INA100002719,DEEPESH RAGHAW,,Investment Adviser,"Feb 19, 2015 - Perpetual",DEEPESH RAGHAW,,
INA100003279,DEEPAK PARNAMI,,Investment Adviser,"Jul 29, 2015 - Perpetual",DEEPAK PARNAMI,,
INA100003899,MADHUPAM KRISHNA,,Investment Adviser,"Dec 10, 2015 - Perpetual",MADHUPAM KRISHNA,,
INA100003949,PAISABAZAAR MARKETING AND CONSULTING PRIVATE LIMITED,,Investment Adviser,"Dec 17, 2015 - Perpetual",Rohit Kumar,paisabazaar.com,
INA100004533,CHADHA INVESTMENT CONSULTANT PRIVATE LIMITED,,Investment Adviser,"Apr 12, 2016 - Perpetual",Subramanian KannanV,chadhainvestment.com,
INA100004590,VAIBHAV BADJATYA,,Investment Adviser,"Apr 29, 2016 - Perpetual",,,
INA100004608,RAJAT SHARMA (PROP SANA SECURITIES),,Investment Adviser,"Apr 29, 2016 - Perpetual",,sanasecurities.com,
INA100004657,BHAROSA TECHNOSERVE PRIVATE LIMITED,,Investment Adviser,"May 06, 2016 - Perpetual",Anita Bhargava,bharosaclub.com,
INA100004814,AVEEK MITRA,,Investment Adviser,"May 25, 2016 - Perpetual",,,
INA100004871,BOX WEALTH PLANNERS AND INVESTMENT ADVISORS,,Investment Adviser,"May 31, 2016 - Perpetual",Arun  Kumar,,
INA100005050,AAUM INVESTMENT ADVISERS PRIVATE LIMITED,,Investment Adviser,"Jun 28, 2016 - Perpetual",Mahesh Parasuraman,aaumcapital.com,
INA100005241,DEV ASHISH,,Investment Adviser,"Jul 27, 2016 - Perpetual",Dev  Ashish,,
INA100006773,Rakesh,,Investment Adviser,"Dec 14, 2016 - Perpetual",Rakesh Popli,,
INA100006898,Banayantree Services Limited,,Investment Adviser,"Nov 18, 2025 - Perpetual",Neeraj Gugnani,etmoney.com,
INA100007675,Sapna Tiwari,,Investment Adviser,"May 16, 2017 - Perpetual",Sapna Tiwari,,
INA100007718,ENSURE WEALTH INVESTMENT ADVISER,,Investment Adviser,"May 23, 2017 - Perpetual",Bimal Jha,,
INA100007736,Multibagger Securities Research & Advisory Private Limited,,Investment Adviser,"May 29, 2017 - Perpetual",Shailesh Goyal,,
INA100008045,ABHISHEK KUMAR,,Investment Adviser,"Jul 13, 2017 - Perpetual",Abhishek Kumar,sahajmoney.com,
INA100008203,Taponeel Mukherjee,,Investment Adviser,"Aug 04, 2017 - Perpetual",Taponeel Mukherjee,development-tracks.com,
INA100008425,Himanshu Mahajan,,Investment Adviser,"Sep 11, 2017 - Perpetual",Himanshu  Mahajan,,
INA100008443,Independent Advisors Private Limited,,Investment Adviser,"Sep 14, 2017 - Perpetual",Rahul  Rastogi,valueresearch.in,
INA100008771,prashant Dubey,,Investment Adviser,"Nov 02, 2017 - Perpetual",Prashant Dubey,hillviewglobalfin.com,
INA100009327,Rays Investment Adviser Private Limited,,Investment Adviser,"Dec 18, 2017 - Perpetual",Rohan Bansal,raysfinancial.com,
INA100009381,Prashant Raghuwanshi Proprietor Investment Solution Providers,,Investment Adviser,"Dec 21, 2017 - Perpetual",Prashant Raghuwanshi,mybillions.in,
INA100009460,Wealth Bridge Consultants Private Limited,,Investment Adviser,"Jan 03, 2018 - Perpetual",SUDHIR SETHI,wealthbridgeindia.com,
INA100009798,Gursimran Singh,,Investment Adviser,"Feb 13, 2018 - Perpetual",Gursimran Singh,,
INA100010004,Sumit Kumar Singh,,Investment Adviser,"Mar 08, 2018 - Perpetual",Sumit Singh,,
INA100010147,jUPITERR TECHNOLOGIES,,Investment Adviser,"Apr 02, 2018 - Perpetual",Piyush Gupta,,
INA100010305,KUSHAL BHATEJA PROPRIETOR OF FINCLIN INVESTMENT ADVISORS,,Investment Adviser,"Apr 12, 2018 - Perpetual",KUSHAL BHATEJA,,
INA100010323,Ashim Sharma,,Investment Adviser,"Apr 13, 2018 - Perpetual",Ashim  Sharma,,
INA100010439,Anup Kalra,,Investment Adviser,"May 07, 2018 - Perpetual",Anup Kalra,,
INA100010660,Pioneer Client Associates Pvt Ltd,,Investment Adviser,"May 23, 2018 - Perpetual",Rakesh Khanna,clientassociates.com,
INA100010837,Vinay Prakash Tiwari,,Investment Adviser,"Jun 18, 2018 - Perpetual",VINAY TIWARI,,
INA100010943,Puneet Saxena,,Investment Adviser,"Jun 29, 2018 - Perpetual",Puneet Saxena,,
INA100010970,Neha Goel,,Investment Adviser,"Jun 29, 2018 - Perpetual",Neha  Goel,,
INA100011775,Sheikh Imran Uz Zaman,,Investment Adviser,"Oct 03, 2018 - Perpetual",,,
INA100011988,GULSHAN KHERA,,Investment Adviser,"Nov 12, 2018 - Perpetual",Gulshan Khera,,
INA100012075,nitin sood,,Investment Adviser,"Nov 19, 2018 - Perpetual",nitin sood,,
INA100012279,Aseem Sen Gupta,,Investment Adviser,"Dec 27, 2018 - Perpetual",Aseem Gupta,,
INA100012570,Nidhi Tripathi Proprietor of The Tradebond,,Investment Adviser,"Mar 01, 2019 - Perpetual",NIDHI  SAXENA,,
INA100013205,SUMAN SHANDIL,,Investment Adviser,"May 07, 2019 - Perpetual",SUMAN SHANDIL,,
INA100013445,VARUN SURESH MALHOTRA,,Investment Adviser,"Jun 10, 2019 - Perpetual",Varun Malhotra,,
INA100013649,Kundan Mishra,,Investment Adviser,"Jul 17, 2019 - Perpetual",Kundan Mishra,cluefinserv.com,
INA100013700,Robins Joseph,,Investment Adviser,"Aug 02, 2019 - Perpetual",Robins Joseph,,
INA100013861,Raman Kumar Verma,,Investment Adviser,"Aug 22, 2019 - Perpetual",Raman Verma,,
INA100014055,Arpit Goel,,Investment Adviser,"Oct 10, 2019 - Perpetual",Arpit Goel,,
INA100014426,GAURAV GOEL,,Investment Adviser,"Feb 03, 2020 - Perpetual",Gaurav Goel,,
INA100014569,KRISTAL ADVISORS PRIVATE LIMITED,,Investment Adviser,"Mar 11, 2020 - Perpetual",SIMSON R SIMSON R,kristal.ai,
INA100014578,PRP Professional Edge Associates Private Limited,,Investment Adviser,"Mar 12, 2020 - Perpetual",Sanjeev Gupta,prpedge.com,
INA100014648,BOWHEAD INVESTMENT ADVISORS PRIVATE LIMITED,,Investment Adviser,"May 08, 2020 - Perpetual",Prateek  Gupta,bowheadindia.com,
INA100014879,Clovek Wealth Management Private Limited,,Investment Adviser,"Jul 27, 2020 - Perpetual",Sachin KAPOOR,clovekwealth.com,
INA100015115,MODULOR ADVISORY SERVICES PRIVATE LIMITED,,Investment Adviser,"Feb 09, 2024 - Perpetual",Sanjit Singh Paul,,
INA100015151,CANDURA INVESTMENT ADVISORS,,Investment Adviser,"Nov 23, 2023 - Perpetual",Brijesh Dheman,,
INA100015869,Prospurts Consulco Private Limited,,Investment Adviser,"Apr 20, 2021 - Perpetual",Abhishek  Mittal,prospurts.com,
INA100016327,Vinny Arora (Prop. Money vs Me),,Investment Adviser,"Oct 26, 2021 - Perpetual",Vinny Arora,,
INA100016363,BRIGHTER MIND EQUITY ADVISOR PRIVATE LIMITED,,Investment Adviser,"Nov 08, 2021 - Perpetual",RAJEEV  RANJAN,,
INA100016390,Alpha Capital,,Investment Adviser,"Nov 18, 2021 - Perpetual",Akhil Bhardwaj,alphacapital.in,
INA100016406,Shruti Agrawal Proprietor of CAGRWEALTH,,Investment Adviser,"Nov 24, 2021 - Perpetual",Shruti Agrawal,,
INA100016752,Peeyush Kumar,,Investment Adviser,"Mar 09, 2022 - Perpetual",Peeyush Kumar,,
INA100016956,MRA INVESTMENT ADVISORS PRIVATE LIMITED,,Investment Adviser,"Jun 03, 2022 - Perpetual",Pankaj Rastogi,,
INA100017089,TRUEMIND INVESTMENT ADVISER PRIVATE LIMITED,,Investment Adviser,"Jul 26, 2022 - Perpetual",Sumit Duseja,truemindcapital.com,
INA100017186,"Manish Gupta, proprietor of M/s Equinox Investment Advisors",,Investment Adviser,"Jul 29, 2022 - Perpetual",Manish Gupta,,
INA200000027,SENSAGE FINANCIAL SERVICES PRIVATE LIMITED,,Investment Adviser,"Aug 01, 2013 - Perpetual",M.S. Shabbir,sensageonline.com,
INA200000175,AROHA CAPITAL PRIVATE LTD,,Investment Adviser,"Oct 07, 2013 - Perpetual",Vivek  Pai,arohacapital.com,
INA200000316,VIVEKAM FINANCIAL SERVICES PRIVATE LIMITED,,Investment Adviser,"Nov 22, 2013 - Perpetual",Yashwant  Vemuru,vivekam.co.in,
INA200000365,29K INVESTMENT ADVISERS PRIVATE LTD,,Investment Adviser,"Nov 27, 2013 - Perpetual",Prashanth Prabhu,29kadvisers.com,
INA200000571,Mercer Wealth India Private Limited,,Investment Adviser,"Dec 18, 2013 - Perpetual",,,
INA200000589,RENU MAHESHWARI,,Investment Adviser,"Dec 23, 2013 - Perpetual",RENU MAHESHWARI,finscholarz.in,
INA200000753,CASPIAN IMPACT INVESTMENT ADVISER PRIVATE LIMITED,,Investment Adviser,"Dec 31, 2013 - Perpetual",VISWANATHA PRASAD,caspian.in,
INA200000910,ABUBAKR SIDDIQUE. A.G.,,Investment Adviser,"Jan 27, 2014 - Perpetual",ABUBAKR  A G,wealthtraits.com,
INA200001041,Scripbox Wealth Managers Private Limited,,Investment Adviser,"Sep 18, 2025 - Perpetual",Meyyappan Meyyappan,scripbox.com,
INA200001231,"Maxie Jose (Sole Proprietor),  Affluenz Wealth Advisors",,Investment Adviser,"Mar 12, 2014 - Perpetual",Maxie Jose,affluenzwealth.com,
INA200001249,AKSHAYA WEALTH MANAGEMENT PRIVATE LTD,,Investment Adviser,"Mar 14, 2014 - Perpetual",SUDARSHAN G.V.,akshayawealthadvisers.com,
INA200001330,WEALTH MANAGERS UNITED (INDIA) PRIVATE LTD,,Investment Adviser,"Mar 24, 2014 - Perpetual",Jayaprakash Pai Muniyal,wmuindia.com,
INA200001702,HEXAGON CAPITAL ADVISORS PRIVATE LTD,,Investment Adviser,"May 06, 2014 - Perpetual",T Srikanth Bhagavat,hexagonwealth.com,
INA200002189,SATISH RAJAN N,,Investment Adviser,"Sep 03, 2014 - Perpetual",SATISH RAJAN,satishrajan.com,
INA200002239,DILZER CONSULTANTS PRIVATE LTD,,Investment Adviser,"Sep 19, 2014 - Perpetual",Dilshad  Billimoria,dilzer.net,
INA200002361,MAHESH B PUTTAMADAPPA,,Investment Adviser,"Nov 05, 2014 - Perpetual",MAHESH PUTTAMADAPPA,mbpia.in,
INA200002387,FINATWORK INVESTMENT ADVISOR,,Investment Adviser,"Nov 12, 2014 - Perpetual",SAURABH BANSAL,finatwork.com,
INA200002429,WEALTH INDIA FINANCIAL SERVICES PVT. LTD,,Investment Adviser,"Nov 26, 2014 - Perpetual",,,
INA200002544,SNOWBALL CAPITAL INVESTMENT ADVISORS LLP,,Investment Adviser,"Jan 06, 2015 - Perpetual",Shalabh Agarwal,snowballcapital.in,
INA200002601,RIGHT HORIZONS INVESTMENT ADVISORY SERVICES PRIVATE LTD,,Investment Adviser,"Jan 27, 2015 - Perpetual",Nibha Valsan,righthorizons.com,
INA200002817,GEOJIT FINANCIAL SERVICES LIMITED,,Investment Adviser,"Mar 20, 2015 - Perpetual",JEEVAN K C,geojit.com,
INA200004177,SINHASI CONSULTANTS PVT LTD,,Investment Adviser,"Feb 12, 2016 - Perpetual",RADHAKRISHNA Pailoor,sinhasi.com,
INA200004201,ENTRUST FAMILY OFFICE INVESTMENT ADVISORS PVT. LTD.,,Investment Adviser,"Feb 16, 2016 - Perpetual",Pradeep A N,entrust.co.in,
INA200004284,PHI CAPITAL SERVICES LLP,,Investment Adviser,"Mar 04, 2016 - Perpetual",MR. P SIVARAM,phicapital.in,
INA200004300,OYEPAISA CONSULTING PRIVATE LIMITED,,Investment Adviser,"Mar 04, 2016 - Perpetual",UDAY DHOOT,oyepaisa.com,
INA200004482,SHRI RAJU R J,,Investment Adviser,"Apr 04, 2016 - Perpetual",,,
INA200005109,Bharat Jain (Proprietor of Manthan Research and Advisory),,Investment Adviser,"Jul 11, 2016 - Perpetual",BHARAT  JAIN,manthanresearch.com,
INA200005125,WILLIAM O NEIL INDIA PRIVATE LIMITED,,Investment Adviser,"Jul 12, 2016 - Perpetual",,williamoneilindia.com,
INA200005141,BESTPALS RESEARCH & ADVISORY LLP,,Investment Adviser,"Jul 15, 2016 - Perpetual",,bestpals.in,
INA200005158,NISHITH. B,,Investment Adviser,"Jul 19, 2016 - Perpetual",Nishith Baldevdas,shreefinancial.com,
INA200005166,Arevuk Advisory Services Private Limited,,Investment Adviser,"Jan 02, 2026 - Perpetual",Yogesh Parulekar,kuvera.in,
INA200005315,SUDHINDRA HOSKOTE KRISHNACHAR,,Investment Adviser,"Aug 11, 2016 - Perpetual",Sudhindra Krihsnachar,,
INA200005323,Finwizard Technology Private Limited,,Investment Adviser,"Jun 04, 2026 - Perpetual",Kumar Robbi,fisdom.com,
INA200005380,GUARDIAN CAPITAL INVESTMENT ADVISORS PRIVATE LIMITED,,Investment Adviser,"Aug 18, 2016 - Perpetual",KARTIK DAMODAR,guardiancapital.in,
INA200006594,CHEKURI SUBBARAJU,,Investment Adviser,"Oct 20, 2016 - Perpetual",CHEKURI SUBBARAJU,,
INA200006628,RightFocus Investments Pvt Ltd.,,Investment Adviser,"Oct 21, 2016 - Perpetual",Deepak Jain,finatoz.com,
INA200006910,Valuegrow Investment Advisors Private Limited,,Investment Adviser,"Jan 12, 2017 - Perpetual",Tirumala Ampolu,valuegrow.in,
INA200007043,PeakAlpha Investment Services Pvt Ltd,,Investment Adviser,"Feb 06, 2017 - Perpetual",Priya Sunder,peakalpha.com,
INA200007159,WSIM Investment Advisors,,Investment Adviser,"Feb 28, 2017 - Perpetual",SUBRAMANIAN N,,
INA200007177,SRINIVASAN SUBRAMANIAN,,Investment Adviser,"Feb 28, 2017 - Perpetual",SRINIVASAN SUBRAMANIAN,,
INA200007265,HEDGELOOP TECHNOLOGIES PVT LTD,,Investment Adviser,"Mar 13, 2017 - Perpetual",VISHNU BODAPATI,hedgeloop.com,
INA200007371,SRIKANTH UDAYAGIRI,,Investment Adviser,"Mar 28, 2017 - Perpetual",SRIKANTH UDAYAGIRI,,
INA200007450,Zvest Financial Services LLP,,Investment Adviser,"Apr 05, 2017 - Perpetual",Harsh Kumar,,
INA200007645,ASCENT CAPITAL ADVISORS INDIA PRIVATE LIMITED,,Investment Adviser,"May 15, 2017 - Perpetual",Subhasis Majumder,ascentcapital.in,
INA200007690,TAVASYA CAPITAL PRIVATE LIMITED,,Investment Adviser,"May 19, 2017 - Perpetual",GAUTAM KUMAR,ksk.co.in,
INA200007779,NINEBARK ADVISORS PRIVATE LIMITED,,Investment Adviser,"May 30, 2017 - Perpetual",Kankanala Vijaya Saradhi Reddy,ninebark.in,
INA200008291,90-10 Financial Planners Pvt Ltd,,Investment Adviser,"Aug 22, 2017 - Perpetual",Rajesh Rao,90to10.com,
INA200008389,mohammed yusuf gaffoor,,Investment Adviser,"Sep 04, 2017 - Perpetual",mohammed gaffoor,,
INA200008592,Brijesh Vappala,,Investment Adviser,"Oct 16, 2017 - Perpetual",Brijesh Vappala,,
INA200008705,SUCCINCT FINTECH SERVICES PRIVATE LIMITED,,Investment Adviser,"Oct 30, 2017 - Perpetual",SOUBHAGYA PATRA,succinctfintech.com,
INA200009050,Suda Bhanu Prasad,,Investment Adviser,"Nov 15, 2017 - Perpetual",Bhanu  Suda,yahoo.in,
INA200009120,Monica Vikram Malkani,,Investment Adviser,"Nov 21, 2017 - Perpetual",Monica Malkani,,
INA200009573,Jose Varkey Naduthottam,,Investment Adviser,"Jan 19, 2018 - Perpetual",Jose  Naduthottam,,
INA200009582,Ratnasri Karra,,Investment Adviser,"Jan 19, 2018 - Perpetual",Ratnasri Karra,,
INA200009874,KALEIDOFIN PRIVATE LIMITED,,Investment Adviser,"Feb 22, 2018 - Perpetual",Sai Saranya  Ramesh,kaleidofin.com,
INA200010393,Sajjan Kumar,,Investment Adviser,"Apr 23, 2018 - Perpetual",Sajjan Kumar,,
INA200010676,International Money Matters Private Limited,,Investment Adviser,"Jul 07, 2026 - Perpetual",Vikram Thakur,immpl.com,
INA200010904,PENAGALURU VENKATA RAVITEJA,,Investment Adviser,"Jun 25, 2018 - Perpetual",PENAGALURU VENKATA RAVITEJA,globallyunique.in,
INA200010986,Sudheer M,,Investment Adviser,"Jul 02, 2018 - Perpetual",Sudheer M,prasidhi.in,
INA200011046,Moneybloom Advisory Services LLP,,Investment Adviser,"Jul 02, 2018 - Perpetual",,,
INA200011125,AVINASH KHATOO LUTHRIA,,Investment Adviser,"Jul 12, 2018 - Perpetual",AVINASH LUTHRIA,,
INA200011240,Narayan Kamath Kandel Proprietor of Finplifi Financial Planners and Consultants,,Investment Adviser,"Jul 24, 2018 - Perpetual",Narayan Kamath,finplifi.com,
INA200011268,Finshield Investment Advisors,,Investment Adviser,"Sep 27, 2023 - Perpetual",Rajiv Radhakrishnan,finshieldadvisors.com,
INA200011365,Qovar Advisors Private Limited,,Investment Adviser,"Aug 06, 2018 - Perpetual",Eswar Suryanarayan,qovar.in,
INA200011392,VIJAYA GOWRI MULAKALA,,Investment Adviser,"Aug 10, 2018 - Perpetual",VIJAYA MULAKALA,,
INA200011666,Revathi Priya Balraj,,Investment Adviser,"Sep 10, 2018 - Perpetual",Revathi Priya Balraj,,
INA200011684,Upasana Mondal,,Investment Adviser,"Sep 12, 2018 - Perpetual",Upasana Mondal,,
INA200011736,Aditya Govindaraj,,Investment Adviser,"Sep 24, 2018 - Perpetual",Aditya Govindaraj,,
INA200011976,Sriram Jayaraman,,Investment Adviser,"Nov 05, 2018 - Perpetual",Sriram Jayaraman,,
INA200012009,SHASHI KUMAR SINGH,,Investment Adviser,"Nov 12, 2018 - Perpetual",SHASHI SINGH,,
INA200012203,PRAMOD KANIPAKAM,,Investment Adviser,"Dec 17, 2018 - Perpetual",PRAMOD KANIPAKAM,,
INA200012425,Shree Sidvin Investment Advisors Pvt Ltd,,Investment Adviser,"Feb 01, 2019 - Perpetual",Balagovindan Srinivasan,,
INA200012568,Ankhonia Advisors Pvt. Ltd.,,Investment Adviser,"Feb 28, 2019 - Perpetual",Mukesh Sinha,ankhonia.com,
INA200012601,Svobodha Infinity Investment Advisors Pvt. Ltd.,,Investment Adviser,"Mar 06, 2019 - Perpetual",Sankarsh Chanda,savart.in,
INA200012674,BUGLEROCK BHUVI INVESTMENT ADVISERS PRIVATE LIMITED,,Investment Adviser,"Mar 12, 2019 - Perpetual",Neha Sharma,buglerock.asia,
INA200013017,M/s Cycas Investment Advisers,,Investment Adviser,"Apr 08, 2019 - Perpetual",Ajay Sharma,cycas.co.in,
INA200013099,SUMIT KUMAR WAGHMARE,,Investment Adviser,"Apr 23, 2019 - Perpetual",SUMIT WAGHMARE,,
INA200013132,SriNivesh Advisors,,Investment Adviser,"Apr 30, 2019 - Perpetual",S R Srinivasan,,
INA200013284,Pari Washington Company Advisors Private Limited,,Investment Adviser,"May 10, 2019 - Perpetual",Jayanti  Suresh,pariwashington.com,
INA200013503,J Satheesh Kannan,,Investment Adviser,"Jun 17, 2019 - Perpetual",J Satheesh Kannan,,
INA200013594,VIJAY DUTT VEMALA,,Investment Adviser,"Jul 08, 2019 - Perpetual",VIJAY VEMALA,vjcapital.in,
INA200013761,LEKH RAM,,Investment Adviser,"Aug 08, 2019 - Perpetual",LEKH RAM,,
INA200013798,Flameback Capital Private Limited,,Investment Adviser,"Aug 19, 2019 - Perpetual",Kishan Nair,flamebackcapital.com,
INA200013886,AGNAM ADVISORS LLP,,Investment Adviser,"Aug 26, 2019 - Perpetual",PRASHANT MISHRA,agnam.in,
INA200013983,Ravi Saraogi,,Investment Adviser,"Sep 17, 2019 - Perpetual",Ravi Saraogi,samasthiti.in,
INA200013992,MANU CHHABRA,,Investment Adviser,"Sep 23, 2019 - Perpetual",MANU CHHABRA,,
INA200014016,VASISTH CAPITAL PRIVATE LIMITED,,Investment Adviser,"Sep 30, 2019 - Perpetual",RAMESH CALLORE,vasisthcapital.com,
INA200014043,INCOFIN INDIA INVESTMENT MANAGEMENT PRIVATE LIMITED,,Investment Adviser,"Oct 04, 2019 - Perpetual",Sanjay Kumar,incofin.com,
INA200014061,Creaegis Investment Advisers Private Limited,,Investment Adviser,"Oct 30, 2019 - Perpetual",,,
INA200014186,Kivah Advisors,,Investment Adviser,"Nov 22, 2019 - Perpetual",mithun aswath,kivahadvisors.com,
INA200014195,Griffin Family Office,,Investment Adviser,"Nov 22, 2019 - Perpetual",Ravi  Narayan,griffincap.in,
INA200014247,SHREEM DATATECH SOLUTIONS PRIVATE LIMITED,,Investment Adviser,"Dec 04, 2019 - Perpetual",Kishor KUMAR,mymoneysage.in,
INA200014283,Growthlift Investment Advisories Pvt Ltd,,Investment Adviser,"Dec 09, 2019 - Perpetual",Sandeep Pai,,
INA200014292,DUDEKULA HASAN CHAITHANYA,,Investment Adviser,"Dec 09, 2019 - Perpetual",HASAN DUDEKULA,,
INA200014353,Sathyamoorthy N,,Investment Adviser,"Dec 30, 2019 - Perpetual",Sathyamoorthy N,,
INA200014548,Unien Capital Advisors Private Limited,,Investment Adviser,"Dec 24, 2024 - Perpetual",B Viswanadha Raju,unien.in,
INA200014557,RS Capfin Investment and Finance,,Investment Adviser,"Mar 06, 2020 - Perpetual",Swaminathan  R,,
INA200014672,Mr. K Akshay Nayak,,Investment Adviser,"May 22, 2020 - Perpetual",Akshay  Nayak,,
INA200014681,Multipl Wealth Management Private Limited,,Investment Adviser,"Nov 07, 2023 - Perpetual",VIKAS JAIN,multipl.xyz,
INA200014706,Altinvest Capital Advisors Private Limited,,Investment Adviser,"May 29, 2020 - Perpetual",Kunal Moktan,propsharecapital.com,
INA200014715,VARDHARAJAN M,,Investment Adviser,"Jun 02, 2020 - Perpetual",MURUGESAN VARDHARAJAN,,
INA200014724,Chethan Dhruva,,Investment Adviser,"Jun 02, 2020 - Perpetual",CHETHAN DHRUVA,chethandhruvaadvisory.in,
INA200014900,FINMO INVESTMENTS ADVISORS PRIVATE LIMITED,,Investment Adviser,"Aug 04, 2020 - Perpetual",SUMANTA  RAY,wealthvruddhi.com,
INA200014982,Suhas Suresh Shetiya,,Investment Adviser,"Aug 28, 2020 - Perpetual",Suhas Shetiya,,
INA200015088,Shomesh Kumar,,Investment Adviser,"Sep 04, 2020 - Perpetual",SHOMESH KUMAR,,
INA200015176,TEJASWI SANGA,,Investment Adviser,"Sep 24, 2020 - Perpetual",TEJASWI SANGA,,
INA200015219,KARAT CAPITAL ADVISORS PRIVATE LIMITED,,Investment Adviser,"Sep 25, 2020 - Perpetual",RAMESH BUKKA,,
INA200015246,VINAYAK SAVANUR,,Investment Adviser,"Sep 30, 2020 - Perpetual",VINAYAK  SAVANUR,,
INA200015592,Right Alpha Capital Private Limited,,Investment Adviser,"Jun 13, 2023 - Perpetual",Gaurav  Garg,rightalpha.club,
INA200015671,ASSETZ PREMIER WEALTH ADVISORY PVT LTD,,Investment Adviser,"Jan 08, 2021 - Perpetual",SIVAKUMAR  PULLOT,assetzindia.net,
INA200015732,Insightful,,Investment Adviser,"Feb 04, 2021 - Perpetual",Vikram Krishnamoorthy,insightful.in,
INA200015787,PUNIT M SETHIA,,Investment Adviser,"Feb 25, 2021 - Perpetual",Punit Sethia,,
INA200015857,InvestAscent Wealth Advisors Private Limited,,Investment Adviser,"Apr 15, 2021 - Perpetual",Anuja Agrawal,investascent.com,
INA200016096,Quinstinct Advisory Private Ltd,,Investment Adviser,"Aug 13, 2021 - Perpetual",Sanjay Santhanam,quinstinct.com,
INA200016281,Ganesh Jayaraman,,Investment Adviser,"Oct 25, 2021 - Perpetual",Ganesh Jayaraman,,
INA200016412,Prashanth Sekhar,,Investment Adviser,"Nov 25, 2021 - Perpetual",Prashanth Sekhar,sekhicapital.com,
INA200016555,ARUN KUMAR MANTRI,,Investment Adviser,"Jan 24, 2022 - Perpetual",ARUN MANTRI,,
INA200016564,UPWISERY ADVISORS LLP,,Investment Adviser,"Jan 24, 2022 - Perpetual",Badri Toshniwal,upwisery.com,
INA200016573,Multiplyy Investment Advisors LLP,,Investment Adviser,"Jan 24, 2022 - Perpetual",Saurabh Kabra,multiplyy.in,
INA200016856,Induswealth Advisors,,Investment Adviser,"May 13, 2022 - Perpetual",Praveen Reddy,induswealth.com,
INA200016892,PURPLEPOND FINANCIAL PLANNERS PRIVATE LIMITED,,Investment Adviser,"May 27, 2022 - Perpetual",Saravanan  S,purplepond.in,
INA200016917,Lookinglaz Technologies LLP,,Investment Adviser,"Oct 20, 2023 - Perpetual",Vikram  Biswas,fliber.in,
INA200017022,Elystar Investment Management Private Limited,,Investment Adviser,"Jun 14, 2022 - Perpetual",Manasa Vedula,elystarinvest.com,
INA200017077,Manoj Thankamma Sasidharan,,Investment Adviser,"Jun 30, 2022 - Perpetual",Manoj Sasidharan,,
INA300000984,Sanjay Roy (Proprietor of InvestEdge Consulting),,Investment Adviser,"Feb 03, 2014 - Perpetual",SANJAY ROY,,
INA300002022,DYNAMIC EQUITIES PVT. LTD.,,Investment Adviser,"Jul 28, 2014 - Perpetual",DOLLY DHAVLE,dynamiclevels.com,
INA300002857,STEP AHEAD INVESTMENT ADVISORS PVT. LTD.,,Investment Adviser,"Mar 26, 2015 - Perpetual",Subhabrata Ghosh,stepaheadia.com,
INA300003616,RAHUL AGARWAL (PROPRIETOR OF ADVENT FINANCIAL),,Investment Adviser,"Oct 08, 2015 - Perpetual",RAHUL AGARWAL,adventfa.com,
INA300003772,LAMRON ANALYSTS PVT LTD,,Investment Adviser,"Nov 09, 2015 - Perpetual",PRABHAS RAY,lamronanalysts.com,
INA300004267,RIMA RAJIV VASA,,Investment Adviser,"Feb 26, 2016 - Perpetual",RIMA  VASA,,
INA300004838,MRS. SONAL SAKUNIA,,Investment Adviser,"May 30, 2016 - Perpetual",,,
INA300004853,ANKUR CHOUDHARY,,Investment Adviser,"May 31, 2016 - Perpetual",,,
INA300005439,NARNOLIA INVESTMENT ADVISORS PRIVATE LIMITED,,Investment Adviser,"Aug 25, 2016 - Perpetual",Anchal Narnolia,narnolia.com,
INA300005835,DIBYAJIT SAHA,,Investment Adviser,"Mar 01, 2017 - Perpetual",DIBYAJIT SAHA,,
INA300008614,Biswarup Sinha Ray,,Investment Adviser,"Oct 26, 2017 - Perpetual",Biswarup Sinha Ray,viniyogindia.com,
INA300009312,KUNJ AGARWAL,,Investment Adviser,"Dec 18, 2017 - Perpetual",KUNJ AGARWAL,,
INA300011609,ARIJIT MAZUMDAR,,Investment Adviser,"Sep 04, 2018 - Perpetual",ARIJIT MAZUMDAR,,
INA300011636,Vishal Shekhar,,Investment Adviser,"Sep 05, 2018 - Perpetual",Vishal Shekhar,,
INA300011885,Neeraj Kumar,,Investment Adviser,"Oct 23, 2018 - Perpetual",Neeraj Kumar,,
INA300012316,Bhargav Bujarbaruah,,Investment Adviser,"Jan 03, 2019 - Perpetual",Bhargav Bujarbaruah,consultant.com,
INA300012723,Arijit Sen,,Investment Adviser,"Mar 18, 2019 - Perpetual",Arijit Sen,merrymind.in,
INA300015207,PRASOON KUMAR,,Investment Adviser,"Sep 24, 2020 - Perpetual",PRASOON KUMAR,,
INA300015641,Mintbox Advisory LLP,,Investment Adviser,"Dec 29, 2020 - Perpetual",Arun Sahoo,,
INA300016695,SOMRAJ DUTTA,,Investment Adviser,"Feb 18, 2022 - Perpetual",SOMRAJ DUTTA,,
INA300016701,DAYCO SECURITIES PVT LTD,,Investment Adviser,"Feb 18, 2022 - Perpetual",Aditi Nundy,daycoindia.com,
INA300016738,Ginteja Fintech Private Limited,,Investment Adviser,"Mar 02, 2022 - Perpetual",Keshav Beriwala,ginteja.com,
INA300016862,GAURAV JAIN,,Investment Adviser,"May 14, 2022 - Perpetual",GAURAV JAIN,,
INA300016871,SUMAN TIWARI,,Investment Adviser,"May 23, 2022 - Perpetual",Suman Tiwari,,
INA300016969,Elbee Investment Advisors Private Limited,,Investment Adviser,"Jun 09, 2022 - Perpetual",Harsh  Agarwal,elbeeinvest.com,
INA300017162,Cashvisory Pvt. Ltd.,,Investment Adviser,"Mar 01, 2024 - Perpetual",Utkarsh Choudhary,cashvisory.com,
INAIFSC10001,Aavishkaar Investment Advisers IFSC Private Limited,,Investment Adviser,"Aug 28, 2020 - Perpetual",Shyamkant Joshi,aavishkaar.in,
INB010000116,ASHOK SUNDERLAL,HIMCHAND AMERCHAND,Stock Broker,"Nov 26, 1992 - Perpetual",,,
INB010001115,ASHOK KUMAR KISHORILAL DAMANI,A. K. DAMANI,Stock Broker,"Nov 26, 1992 - Perpetual",,,
INB010002310,BHOGILAL V. BHANSHALI,BHOGILAL V. BHANSHALI,Stock Broker,"Nov 26, 1992 - Perpetual",,,
INB010002515,BHUPENDRA MEGHJI BHEDA,BHUPENDRA MEGHJI BHEDA,Stock Broker,"Nov 26, 1992 - Perpetual",,,
INB010002819,BHAGWANDAS GORDHANDAS,BHAGWANDAS GORDHANDAS,Stock Broker,"Nov 26, 1992 - Perpetual",,,
INB010003319,BIPIN K. KAPADIA,I.T.NANAVATI,Stock Broker,"Nov 26, 1992 - Perpetual",,,
INB010003514,BHOGILAL JETHALAL SHAH,BHOGILAL J. SHAH & CO.,Stock Broker,"Nov 26, 1992 - Perpetual",,,
INB010005219,CHANDRAVADAN BHAICHAND MUCHHALA,CHANDRAVADAN BHAICHAND MUCHHALA,Stock Broker,"Nov 26, 1992 - Perpetual",,,
INB010007716,GANGADHAR YESHWANT BHANDARE,G. Y. BHANDARE,Stock Broker,"Nov 26, 1992 - Perpetual",,,
INB010007814,GIRDHARILAL DHANRAJ KHAITAN,GIRDHARILAL DHANRAJ KHAITAN,Stock Broker,"Nov 26, 1992 - Perpetual",,,
INB010008216,GOVIND PRASAD K. PODDAR,G. K. PODDAR,Stock Broker,"Nov 26, 1992 - Perpetual",,,
INB010009616,INDUKUMAR B. ROONGTA,INDUKUMAR B. ROONGTA,Stock Broker,"Nov 26, 1992 - Perpetual",,,
INB010009714,JAGDISH PANALAL GANDHI,CHAMPAKLAL DEVIDAS,Stock Broker,"Nov 26, 1992 - Perpetual",,,
INB010010410,JAIPRAKASH DHANRAJ KHAITAN,JAIPRAKASH DHANRAJ KHAITAN,Stock Broker,"Nov 26, 1992 - Perpetual",,,
INB010010517,J. DHIRAJLAL MAGANLAL,J. DHIRAJLAL MAGANLAL,Stock Broker,"Nov 26, 1992 - Perpetual",,,
INB010012016,KIRTIKUMAR FULCHAND VORA,KIRTIKUMAR FULCHAND VORA,Stock Broker,"Nov 26, 1992 - Perpetual",,,
INB010013015,KETAN S. SHAH,KETAN S. SHAH,Stock Broker,"Nov 26, 1992 - Perpetual",,,
INB010013514,LALITKUMAR DWARKADAS,LALITKUMAR DWARKADAS,Stock Broker,"Nov 26, 1992 - Perpetual",,,
INB010014014,MANSUKHLAL MANILAL UPADHYAY,MANSUKHLAL MANILAL UPADHYAY,Stock Broker,"Nov 26, 1992 - Perpetual",,,
INB010014513,MOHAMED SHAFI BARWADIA,MOHAMED SHAFI BARWADIA,Stock Broker,"Nov 26, 1992 - Perpetual",,,
INB010016619,MANJEET H. GANDHI,M. H. GANDHI,Stock Broker,"Nov 26, 1992 - Perpetual",,,
INB010019117,PRADIP SHREEKRISHNA NARSARIA,PRADIP SHREEKRISHNA,Stock Broker,"Nov 26, 1992 - Perpetual",,,
INB010019812,PANKAJ JAYANTILAL JARIWALA,PANKAJ JAYANTILAL JARIWALA,Stock Broker,"Nov 26, 1992 - Perpetual",,,
INB010021419,RADHESHYAM CHIRANJILAL GOENKA,R C GOENKA,Stock Broker,"Nov 26, 1992 - Perpetual",,,
INB010022114,R R MOHTA,RAJRATAN R. MOHTA,Stock Broker,"Nov 26, 1992 - Perpetual",,,
INB010022310,RAJSHEKHAR AGRAWAL,RAJSHEKHAR AGRAWAL,Stock Broker,"Nov 26, 1992 - Perpetual",,,
INB010023015,RASHEID JAMSHEID TALEYARKHAN,RASHEID JAMSHEID TALEYARKHAN,Stock Broker,"Nov 26, 1992 - Perpetual",,,
INB010024611,SURENDRA BHAGWANDAS,BASUDEO NARAYANDAS,Stock Broker,"Nov 26, 1992 - Perpetual",,,
INB010025219,SUDESHKUMAR D SABOO,SUDESHKUMAR D SABOO,Stock Broker,"Nov 26, 1992 - Perpetual",,,
INB010025816,SHRENIK KUMARPAL JHAVERI,S K JHAVERI,Stock Broker,"Nov 26, 1992 - Perpetual",,,
INB010027119,SHAILESH SHAH,SHAILESH L SHAH,Stock Broker,"Nov 26, 1992 - Perpetual",,,
INB010027510,SHANTILAL CHAMPALAL KARNAWAT,S C KARNAWAT,Stock Broker,"Nov 26, 1992 - Perpetual",,,
INB010028813,TUSHAR BEDI,TUSHAR BEDI,Stock Broker,"Nov 26, 1992 - Perpetual",,,
INB010029215,ULLHAS CHANDRAKANT PAYMASTER,ULLHAS C. PAYMASTER,Stock Broker,"Nov 26, 1992 - Perpetual",,,
INB010031311,JAVAHIR JAYSUKHLAL JAGIRDAR,J. J. JAGIRDAR,Stock Broker,"Nov 26, 1992 - Perpetual",,,
INB010033015,MUKUL HARKISONDASS,HARKISONDAS LUKHMIDASS,Stock Broker,"Nov 26, 1992 - Perpetual",,,
INB010433827,BHUPENDRA TALAKCHAND MEHTA,BHUPENDRA TALAKCHAND & CO.,Stock Broker,"Dec 22, 1992 - Perpetual",,,
INB010436628,JATIN ASHOK KHANDWALA,JAYANTILAL KHANDWALA & SONS.,Stock Broker,"Dec 22, 1992 - Perpetual",,,
INB010437823,MAHESHKUMAR TRIKAMDAS,MAHESHKUMAR & CO.,Stock Broker,"Dec 22, 1992 - Perpetual",,,
INB010439929,PARESH J KHANDWALA,JAYANTILAL KHANDWALA & SONS,Stock Broker,"Dec 22, 1992 - Perpetual",,,
INB010441721,SURESH F. GUNDARIA,SURESH GUNDARIA,Stock Broker,"Dec 22, 1992 - Perpetual",,,
INB010442622,UMESH BASUDEO DHARNIDHARKA,UMESH BASUDEO DHARNIDHARKA,Stock Broker,"Dec 22, 1992 - Perpetual",,,
INB010443729,YOGESH BASUDEO DHARNIDHARKA,UMESH BASUDEO DHARNIDHARKA,Stock Broker,"Dec 22, 1992 - Perpetual",,,
INB010468430,JSB SECURITIES LTD.,JSB SECURITIES LTD.,Stock Broker,"Jan 01, 1993 - Perpetual",,,
INB010468635,NIMESH N KAMPANI,JSB SECURITIES LTD,Stock Broker,"Jan 01, 1993 - Perpetual",,,
INB010472515,UPEN MUGATLAL DOSHI,UPEN M DOSHI,Stock Broker,"Jan 15, 1993 - Perpetual",,,
INB010472819,AJAY GUPTA,AJAY GUPTA,Stock Broker,"Jan 15, 1993 - Perpetual",,,
INB010480312,DAMODARPRASAD R. SABOO,DAMODARPRASAD R. SABOO,Stock Broker,"Jan 22, 1993 - Perpetual",,,
INB010480615,HARESH SHATICHAND JHAVERI,HARESH SHATICHAND JHAVERI,Stock Broker,"Jan 22, 1993 - Perpetual",,,
INB010481017,PARESH BHAGWANDAS SHAH,PARESH BHAGWANDAS SHAH,Stock Broker,"Jan 22, 1993 - Perpetual",,,
INB010481623,KIRTILAL K. SHAH,K. J. SHAH & SONS,Stock Broker,"Jan 22, 1993 - Perpetual",,,
INB010555433,NEMISH SHANTILAL SHAH,ENAM SECURITIES PVT LTD,Stock Broker,"Jan 20, 1994 - Perpetual",,,
INB010564719,MAHESH JETHALAL DOSHI,M.J. DOSHI,Stock Broker,"Feb 17, 1994 - Perpetual",,,
INB010565013,MANOJ MOOLCHAND SHAH,MANOJ MOOLCHAND SHAH,Stock Broker,"Feb 17, 1994 - Perpetual",,,
INB010565219,PARIKSHIT RAJARAM JOSHI,P.R. JOSHI,Stock Broker,"Feb 17, 1994 - Perpetual",,,
INB010576325,M.K. POLADIA,M.K.POLADIA,Stock Broker,"Mar 08, 1994 - Perpetual",,,
INB010579215,BHARAT RAMKRISHNA SEKHSARIA,M/S RAMKRISHNA SEKHSARIA,Stock Broker,"Apr 08, 1994 - Perpetual",,,
INB010598234,MUKESH BABU SECURITIES LTD,MUKESH BABU SECURITIES LTD,Stock Broker,"Oct 18, 1996 - Perpetual",,,
INB010602613,AKBAR A. POONAWALA,A. POONAWALA,Stock Broker,"Jun 14, 1994 - Perpetual",,,
INB010608033,RBS EQUITIES (INDIA) LIMITED,RBS EQUITIES (INDIA) LIMITED,Stock Broker,"Aug 30, 2011 - Perpetual",,,
INB010613319,MAHENDRAKUMAR GANGJI RAMBHIA,MAHENDRAKUMAR G. RAMBHIA,Stock Broker,"Jul 05, 1994 - Perpetual",,,
INB010638332,JAGRUTI SECURITIES LTD,JAGRUTI SECURITIES LTD,Stock Broker,"Feb 23, 1995 - Perpetual",,,
INB010648617,AJAY GOENKA,GOENKA CAPITAL MARKET SERVICES,Stock Broker,"Jul 27, 2010 - Perpetual",,,
INB010652132,CLASSIC SHR & STK BRKNG SERVS LTD,CLASSIC SHR & STK BRKNG SERVS LTD,Stock Broker,"Oct 27, 1994 - Perpetual",,,
INB010675530,PANORAMA SHARES & STOCK BROKERS LTD,PANORAMA SHARES & STOCK BROKERS LTD,Stock Broker,"Dec 15, 1994 - Perpetual",,,
INB010675718,SAROJ C. AGARWAL,SAROJ C. AGARWAL,Stock Broker,"Dec 15, 1994 - Perpetual",,,
INB010706639,IDBI CAPITAL MARKET SERVICES LTD.,IDBI CAPITAL MARKET SERVICES LTD.,Stock Broker,"Feb 10, 1999 - Perpetual",,,
INB010722230,MAHESHWARI EQUITY BROKERS PVT. LTD.,MAHESHWARI EQUITY BROKERS PVT. LTD.,Stock Broker,"Jun 07, 1995 - Perpetual",,,
INB010722926,NAGJI DEVJI NISAR,M/S N. D. NISAR,Stock Broker,"Jun 07, 1995 - Perpetual",,,
INB010770437,KUMAR SHARE BROKERS LIMITED,KUMAR SHARE BROKERS LIMITED,Stock Broker,"Apr 08, 2011 - Perpetual",,,
INB010776830,ACCORD CAPITAL MARKETS LTD.,ACCORD CAPITAL MARKETS LTD.,Stock Broker,"Sep 05, 2000 - Perpetual",,,
INB010778638,MLB SECURITIES LTD.,MLB SECURITIES LTD.,Stock Broker,"Jul 28, 2006 - Perpetual",,,
INB010783737,MULTIPLEX CAPITAL LTD.,MULTIPLEX CAPITAL LTD.,Stock Broker,"Sep 07, 2007 - Perpetual",,,
INB010792034,PEREGRINE SECURITIES (INDIA) (P)LTD,PEREGRINE SECURITIES (INDIA) (P)LTD,Stock Broker,"Oct 06, 1995 - Perpetual",,,
INB010792332,CHUGH SECURITIES PRIVATE LIMITED,CHUGH SECURITIES PRIVATE LIMITED,Stock Broker,"Jul 14, 2010 - Perpetual",,,
INB010804632,ALTIUS FINCAP MARKETS LIMITED,ALTIUS FINCAP MARKETS LIMITED,Stock Broker,"Feb 04, 2008 - Perpetual",,,
INB010808430,JOINDRE SHARES & STOCKS LTD.,JOINDRE SHARES & STOCKS LTD.,Stock Broker,"Oct 19, 1995 - Perpetual",,,
INB010815232,ASTUTE INVESTMENT MANAGEMENT PRIVATE LIMITED,ASTUTE INVESTMENT MANAGEMENT PRIVATE LIMITED,Stock Broker,"Dec 24, 2010 - Perpetual",,,
INB010852938,APEEJAY SECURITIES PVT. LTD.,APEEJAY SECURITIES PVT. LTD.,Stock Broker,"Aug 08, 2005 - Perpetual",,,
INB010853530,EXPONENTIAL FINANCIAL SERVICES PRIVATE LIMITED,EXPONENTIAL FINANCIAL SERVICES PRIVATE LIMITED,Stock Broker,"Feb 07, 2011 - Perpetual",,,
INB010879812,PUROSHOTTAM GOPIRAM RUIA,M/S BRIJMOHAN LAKSHMINARAYAN,Stock Broker,"Feb 20, 1996 - Perpetual",,,
INB010882739,STARLINK FINSEC LIMITED,STARLINK FINSEC LIMITED,Stock Broker,"Feb 06, 1997 - Perpetual",,,
INB010891431,GAURAV SHARES TRADING PRIVATE LIMITED,GAURAV SHARES TRADING PRIVATE LIMITED,Stock Broker,"Aug 24, 2011 - Perpetual",,,
INB010905022,PIYUSH DILIPBHAI SHAH,MOHANLAL HEMCHAND,Stock Broker,"Apr 12, 1996 - Perpetual",,,
INB010906734,SUVRIDHI CAPITAL MARKETS LIMITED,SUVRIDHI CAPITAL MARKETS LIMITED,Stock Broker,"Feb 15, 2011 - Perpetual",,,
INB010914032,PADMAKSHI FINANCIAL SERVICES LTD.,PADMAKSHI FINANCIAL SERVICES LTD.,Stock Broker,"Nov 28, 1997 - Perpetual",,,
INB010918635,MAXUS SECURITIES PVT LTD,MAXUS SECRUITIES PVT LTD,Stock Broker,"Jun 12, 1996 - Perpetual",,,
INB010947538,P R SHAH SHARE & STOCK BROKERS P LT,P R SHAH SHARE & STOCK BROKERS P LT,Stock Broker,"Dec 13, 1996 - Perpetual",,,
INB010960633,VYOMIT SHARES STOCK & INVST PVT LTD,VYOMIT SHARES STOCK & INVST PVT LTD,Stock Broker,"Apr 11, 1997 - Perpetual",,,
INB010973532,VAR SHARES & STOCKS PVT LTD,VAR SHARES & STOCKS PVT LTD,Stock Broker,"Nov 21, 1997 - Perpetual",,,
INB010973738,ENPEE ENTERPRISES PVT LTD,ENPEE ENTERPRISES PVT LTD,Stock Broker,"Nov 21, 1997 - Perpetual",,,
INB010976138,KAJI & MAULIK SECURITIES P LTD,KAJI & MAULIK SECURITIES P LTD,Stock Broker,"Dec 12, 1997 - Perpetual",,,
INB010977636,ARIDHI HOLDINGS PVT. LTD.,ARIDHI HOLDINGS PVT. LTD.,Stock Broker,"Dec 19, 1997 - Perpetual",,,
INB010980937,RAJARAM STOCK BROKING COMPANY(MUMBA,RAJARAM STOCK BROKING COMPANY(MUMBA,Stock Broker,"Dec 30, 1997 - Perpetual",,,
INB010984933,PIYUSH A VORA SECURITIES P LTD,PIYUSH A VORA SECURITIES P LTD,Stock Broker,"Jan 07, 1998 - Perpetual",,,
INB010985335,HARSHAD H GANDHI SECURITIES P LTD,HARSHAD H GANDHI SECURITIES P LTD,Stock Broker,"Jan 07, 1998 - Perpetual",,,
INB010985736,SAILESH H DOSHI BROKING P LTD,SAILESH H DOSHI BROKING P LTD,Stock Broker,"Jan 07, 1998 - Perpetual",,,
INB010989439,APARNA SHARES & STOCK BROKERS P.LTD,APARNA SHARES & STOCK BROKERS P.LTD,Stock Broker,"Jan 13, 1998 - Perpetual",,,
INB010990134,N.P.SHAH SECURITIES PVT. LTD.,N.P.SHAH SECURITIES PVT. LTD.,Stock Broker,"Jan 13, 1998 - Perpetual",,,
INB010990330,H.T.NANAVATI SECURITIES PVT. LTD.,H.T.NANAVATI SECURITIES PVT. LTD.,Stock Broker,"Jan 13, 1998 - Perpetual",,,
INB010990438,HARISH CHANDRA GUTT & CO. PVT. LTD.,HARISH CHANDRA GUTT & CO. PVT. LTD.,Stock Broker,"Jan 13, 1998 - Perpetual",,,
INB010990535,KNA SECURITIES PVT. LTD.,KNA SECURITIES PVT. LTD.,Stock Broker,"Jan 13, 1998 - Perpetual",,,
INB010990937,ANAND R. LADSARIYA SHARES & STOCK BROKERS P LTD,ANAND R. LADSARIYA SHARES & STOCK BROKERS P LTD,Stock Broker,"Jan 13, 1998 - Perpetual",,,
INB010991339,SUBHASH KARKHANIS SHARE & STOCK BRO,SUBHASH KARKHANIS SHARE & STOCK BRO,Stock Broker,"Jan 13, 1998 - Perpetual",,,
INB010991437,KNP SECURITIES PVT. LTD.,KNP SECURITIES PVT LTD.,Stock Broker,"Jan 13, 1998 - Perpetual",,,
INB010991730,BJD SECURITIES PVT. LTD.,BJD SECURITIES PVT. LTD.,Stock Broker,"Jan 13, 1998 - Perpetual",,,
INB010991936,PATWA CAPITAL P LTD,PATWA CAPITAL P LTD,Stock Broker,"Jan 13, 1998 - Perpetual",,,
INB010992338,EQUISEARCH BROKING PRIVATE LIMITED,EQUISEARCH BROKING PRIVATE LIMITED,Stock Broker,"Jan 13, 1998 - Perpetual",,,
INB010992837,ARANIK SECURITIES PVT LTD,ARANIK SECURITIES PVT LTD,Stock Broker,"Jan 13, 1998 - Perpetual",,,
INB010993337,AARAYAA FINSTOCK PVT LTD,AARAYAA FINSTOCK PVT LTD,Stock Broker,"Jan 13, 1998 - Perpetual",,,
INB010993532,FALCON BROKERAGE PVT LTD,FALCON BROKERAGE PVT LTD,Stock Broker,"Jan 13, 1998 - Perpetual",,,
INB010993738,TROPICAL SECURITIES & INVSTS P LTD,TROPICAL SECURITIES & INVSTS P  LTD,Stock Broker,"Jan 13, 1998 - Perpetual",,,
INB010993836,FIDELIS SECURITIES PRIVATE LIMTIED,FIDELIS SECURITIES PRIVATE LIMTIED,Stock Broker,"Jan 13, 1998 - Perpetual",,,
INB010994238,MAHICO PVT LTD,MAHICO PVT LTD,Stock Broker,"Jan 13, 1998 - Perpetual",,,
INB010994531,V K NANAVATY SHARE&STK BROKERS P LT,V K NANAVATY SHARE&STK BROKERS P LT,Stock Broker,"Jan 13, 1998 - Perpetual",,,
INB010994835,MILAN MAHENDRA SECURITIES P LTD,MILAN MAHENDRA SECURITIES P LTD,Stock Broker,"Jan 13, 1998 - Perpetual",,,
INB010995031,AJNEE FINANCE PVT LTD,AJNEE FINANCE PVT LTD,Stock Broker,"Jan 13, 1998 - Perpetual",,,
INB010997333,PRAKASH K SHAH SHARES & SEC P LTD,PRAKASH K SHAH SHARES & SEC P LTD,Stock Broker,"Jan 13, 1998 - Perpetual",,,
INB010997538,G R PANDYA SHARE BROKING LTD,G R PANDYA SHARE BROKING LTD,Stock Broker,"Jan 13, 1998 - Perpetual",,,
INB010997734,B R MEHTA & SONS SHARE STKS & FINANCE BROKERS P LTD,B R MEHTA & SONS SHARE STKS & FINANCE BROKERS P LTD,Stock Broker,"Jan 13, 1998 - Perpetual",,,
INB010997930,JELAM SECURITIES PVT LTD,JELAM SECURITIES PVT LTD,Stock Broker,"Jan 13, 1998 - Perpetual",,,
INB010998038,JAYANTILAL KHANDWALA & SONS P LTD,JAYANTILAL KHANDWALA & SONS P LTD,Stock Broker,"Jan 13, 1998 - Perpetual",,,
INB010998537,BHANSHALI STOCK BROKERS PVT. LTD.,BHANSHALI STOCK BROKERS PVT. LTD.,Stock Broker,"Jan 13, 1998 - Perpetual",,,
INB010998635,VN PAREKH SECURITIES PVT LTD,VN PAREKH SECURITIES PVT LTD,Stock Broker,"Jan 13, 1998 - Perpetual",,,
INB011026235,BAKLIWAL SECURITIES PVT. LTD.,BAKLIWAL SECURITIES PVT. LTD.,Stock Broker,"Apr 15, 1998 - Perpetual",,,
INB011036937,BHAGIRAT MERCHANT STOCK BROKING PVT. LTD.,BHAGIRAT MERCHANT STOCK BROKING PVT. LTD.,Stock Broker,"Aug 11, 1998 - Perpetual",,,
INB011037836,PARKLIGHT INVESTMENT PVT.LTD.,PARKLIGHT INVESTMENT PVT.LTD.,Stock Broker,"Sep 02, 1998 - Perpetual",,,
INB011045730,PAS SECURITIES P LTD,PAS SECURITIES P LTD,Stock Broker,"Dec 23, 1998 - Perpetual",,,
INB011047231,RAMESH S DAMANI FINANCE PVT. LTD.,RAMESH S DAMANI FINANCE PVT. LTD.,Stock Broker,"Dec 30, 1998 - Perpetual",,,
INB011053437,PUNEET SHARES AND FINANCE PVT. LTD.,PUNEET SHARES AND FINANCE PVT. LTD.,Stock Broker,"Dec 26, 2005 - Perpetual",,,
INB011055135,MITRA EQUITIES PVT.LTD.,MITRA EQUITIES PVT.LTD.,Stock Broker,"Apr 16, 1999 - Perpetual",,,
INB011055333,JM FINANCIAL SECURITIES PVT LTD,JM FINANCIAL SECURITIES PVT LTD,Stock Broker,"Jan 17, 2008 - Perpetual",,,
INB011058436,SAV STOCK MANAGEMENT PVT.LTD.,SAV STOCK MANAGEMENT PVT.LTD.,Stock Broker,"Jun 16, 1999 - Perpetual",,,
INB011060333,MEWAR INTERNATIONAL PVT.LTD.,MEWAR INTERNATIONAL PVT.LTD.,Stock Broker,"Jul 26, 1999 - Perpetual",,,
INB011060531,CLARIDGES INVESTMENTS AND FINANCE PVT.LTD.,CLARIDGES INVESTMENTS AND FINANCE PVT.LTD.,Stock Broker,"Sep 07, 1999 - Perpetual",,,
INB011070332,BAKLIWAL FINANCIAL SERVICES (INDIA) PVT.LTD.,BAKLIWAL FINANCIAL SERVICES (INDIA) PVT.LTD.,Stock Broker,"Dec 08, 1999 - Perpetual",,,
INB011074136,BGSE FINANCIALS LTD.,BGSE FINANCIALS LTD.,Stock Broker,"Feb 25, 2000 - Perpetual",,,
INB011074532,M.D.SARAF SECURITIES PVT.LTD.,M.D.SARAF SECURITIES PVT.LTD.,Stock Broker,"Feb 01, 2000 - Perpetual",,,
INB011075430,INDIA BROKING LTD.,INDIA BROKING LTD.,Stock Broker,"Feb 03, 2000 - Perpetual",,,
INB011075836,SUMEDHA FISCAL SERVICES LIMITED,SUMEDHA FISCAL SERVICES LIMITED,Stock Broker,"Jul 29, 2010 - Perpetual",,,
INB011077337,M. PRASAD & CO. LTD.,M. PRASAD & CO. LTD.,Stock Broker,"Nov 28, 2000 - Perpetual",,,
INB011077832,DINDAYAL BIYANI EQUITIES LTD.,DINDAYAL BIYANI EQUITIES LTD.,Stock Broker,"Feb 24, 2000 - Perpetual",,,
INB011082931,PHOENIX SHARE & STOCK BROKERS PVT. LTD.,PHOENIX SHARE & STOCK BROKERS PVT. LTD.,Stock Broker,"Jun 27, 2000 - Perpetual",,,
INB011089837,RAKESH GOENKA STOCK BROKING PRIVATE LIMITED,RAKESH GOENKA STOCK BROKING PRIVATE LIMITED,Stock Broker,"Apr 28, 2000 - Perpetual",,,
INB011095636,DUNDEE SECURITIES COMPANY PVT. LTD.,DUNDEE SECURITIES COMPANY PVT. LTD.,Stock Broker,"Jun 22, 2001 - Perpetual",,,
INB011105237,SONPANKHI SHARES & SECURITIES PVT. LTD.,SONPANKHI SHARES & SECURITIES PVT. LTD.,Stock Broker,"May 31, 2000 - Perpetual",,,
INB011112837,VAG HOLDINGS PRIVATE LIMITED,VAG HOLDINGS PRIVATE LIMITED,Stock Broker,"Oct 01, 2010 - Perpetual",,,
INB011117539,INFOPILE INDIA PVT. LTD.,INFOPILE INDIA PVT. LTD.,Stock Broker,"Jul 27, 2000 - Perpetual",,,
INB011118230,STANFORD SECURITIES PVT. LTD.,STANFORD SECURITIES PVT. LTD.,Stock Broker,"Jul 27, 2000 - Perpetual",,,
INB011118636,MNS SECURITIES LIMITED,MNS SECURITIES LIMITED,Stock Broker,"Jul 14, 2010 - Perpetual",,,
INB011127256,MILLENNIUM EQUITIES (I) PVT.LTD.,MILLENNIUM EQUITIES (I) PVT.LTD.,Stock Broker,"Aug 30, 2000 - Perpetual",,,
INB011132330,EQUIQUEST BROKERAGE HOUSE PRIVATE LIMITED,EQUIQUEST BROKERAGE HOUSE PRIVATE LIMITED,Stock Broker,"Mar 05, 2010 - Perpetual",,,
INB011138238,INTIME EQUITIES LIMITED,INTIME EQUITIES LIMITED,Stock Broker,"Oct 10, 2000 - Perpetual",,,
INB011140333,ICAP INDIA PRIVATE LIMITED,ICAP INDIA PRIVATE LIMITED,Stock Broker,"May 21, 2012 - Perpetual",,,
INB011143238,RATNABALI CAPITAL MARKETS LIMITED,RATNABALI CAPITAL MARKETS LIMITED,Stock Broker,"Jun 17, 2004 - Perpetual",,,
INB011152130,TRIUMPH RETAIL BROKING SERVICES LTD.,TRIUMPH RETAIL BROKING SERVICES LTD.,Stock Broker,"Jan 24, 2001 - Perpetual",,,
INB011157238,EASTERN EQUITIES PVT. LTD.,EASTERN EQUITIES,Stock Broker,"Jun 17, 2004 - Perpetual",,,
INB011182616,HITESH KUMAR  DAGA,HITESH KUMAR  DAGA,Stock Broker,"Apr 12, 2002 - Perpetual",,,
INB011187631,JAMMS STOCK BROKERS PVT. LTD.,JAMMS STOCK BROKERS PVT. LTD.,Stock Broker,"Sep 30, 2002 - Perpetual",,,
INB011189934,PORTFOLIO FINANCIAL SERVICES LTD.,PORTFOLIO FINANCIAL SERVICES LTD.,Stock Broker,"Feb 19, 2004 - Perpetual",,,
INB011194819,VIJAY B. SHAH,VIJAY BHAGWANDAS & CO,Stock Broker,"May 29, 2003 - Perpetual",,,
INB011198539,A. K. EQUITIES PVT. LTD.,A. K. EQUITIES PVT. LTD.,Stock Broker,"Sep 15, 2003 - Perpetual",,,
INB011200731,PUG SECURITIES PRIVATE LIMITED,PUG SECURITIES PRIVATE LIMITED,Stock Broker,"Mar 31, 2011 - Perpetual",,,
INB011203438,RAMJIDAS NAGARMAL CONSULTANTS PVT. LTD.,RAMJIDAS NAGARMAL CONSULTANTS PVT. LTD.,Stock Broker,"Mar 11, 2004 - Perpetual",,,
INB011204030,N. BRIJANAND SECURITIES PRIVATE LTD.,N. BRIJANAND SECURITIES PRIVATE LTD.,Stock Broker,"May 06, 2004 - Perpetual",,,
INB011206738,S. P. J. STOCK BROKERS PVT. LTD.,S. P. J. STOCK BROKERS PVT. LTD.,Stock Broker,"Jul 06, 2004 - Perpetual",,,
INB011207251,KOTAK SECURITIES,KOTAK SECURITIES,Stock Broker,"Apr 26, 2000 - Perpetual",,,
INB011207350,DOLAT CAPITAL MARKET LTD,DOLAT CAPITAL MARKET LTD,Stock Broker,"Oct 28, 1999 - Perpetual",,,
INB011207553,SSJ FINANCE & SECURITIES PVT LTD,SSJ FINANCE & SECURITIES PVT LTD,Stock Broker,"Sep 14, 2000 - Perpetual",,,
INB011207756,MEHTA EQUITIES LIMITED,MEHTA EQUITIES LIMITED,Stock Broker,"Oct 04, 2000 - Perpetual",,,
INB011220937,PRL STOCK & SHARE BROKERS PRIVATE LIMITED,PRL STOCK & SHARE BROKERS PRIVATE LIMITED,Stock Broker,"Sep 28, 2010 - Perpetual",,,
INB011221331,TRANSPARENT SHARES & SECURITIES PRIVATE LIMITED (ARTHA VRDDHI NEWNAME),TRANSPARENT SHARES & SECURITIES PRIVATE LIMITED(ARTHA VRDDHI NEW NAME),Stock Broker,"Aug 29, 2008 - Perpetual",,,
INB011233336,SHREEHARI HIRA STOCK BROKING PVT. LTD.,SHREEHARI HIRA STOCK BROKING PVT. LTD.,Stock Broker,"Sep 01, 2005 - Perpetual",,,
INB011238715,DEEPAK C. DALAL,CHANDRAVADAN J. DALAL,Stock Broker,"Oct 07, 2005 - Perpetual",,,
INB011240513,BHARAT BHAGWANDAS LAKHANI,BHARAT BHAGWANDAS LAKHANI,Stock Broker,"Oct 21, 2005 - Perpetual",,,
INB011241230,OPUS INTERNATIONAL SECURITIES PVT. LTD.,OPUS INTERNATIONAL SECURITIES PVT. LTD.,Stock Broker,"Oct 21, 2005 - Perpetual",,,
INB011243137,SGK SECURITIES LTD.,SGK SECURITIES LTD.,Stock Broker,"Oct 26, 2005 - Perpetual",,,
INB011244317,RAJIV HIRALAL KOTHARI,GIRDHARLAL TRICAMLAL,Stock Broker,"Nov 18, 2005 - Perpetual",,,
INB011244416,RAKESH VASANT SHAH,RAKESH VASANT SHAH,Stock Broker,"Nov 18, 2005 - Perpetual",,,
INB011244614,NINI SUNIL MEHTA,NINI SUNIL MEHTA,Stock Broker,"Nov 18, 2005 - Perpetual",,,
INB011245611,CHANDRAKANT M. PAREKH,CHANDRAKANT M. PAREKH,Stock Broker,"Dec 12, 2005 - Perpetual",,,
INB011247518,DINESH J. MODY,ALKESH DINESH MODY,Stock Broker,"Dec 26, 2005 - Perpetual",,,
INB011254639,JOGLEKAR INVESTMENTS PVT. LTD.,JOGLEKAR INVESTMENTS PVT. LTD.,Stock Broker,"Mar 16, 2006 - Perpetual",,,
INB011255438,NG RATHI INVESTRADES PRIVATE LIMITED,NG RATHI INVESTRADES PRIVATE LIMITED,Stock Broker,"Jul 12, 2010 - Perpetual",,,
INB011255529,KUSHAL DALAL,MAJORTREND FINANCIAL SERVICES,Stock Broker,"Mar 16, 2006 - Perpetual",,,
INB011269033,AXIS SHARES & SECURITIES PRIVATE LIMITED,AXIS SHARES & SECURITIES PRIVATE LIMITED,Stock Broker,"Jun 14, 2006 - Perpetual",,,
INB011270130,ATLANTA SHARE SHOPEE LIMITED,ATLANTA SHARE SHOPEE LIMITED,Stock Broker,"Jul 28, 2006 - Perpetual",,,
INB011272136,MAHESHWARI SHARE & STOCK BROKERS PRIVATE LIMITED,MAHESHWARI SHARE & STOCK BROKERS PRIVATE LIMITED,Stock Broker,"May 21, 2012 - Perpetual",,,
INB011272532,REYMOUNT SECURITIES PRIVATE LIMITED,REYMOUNT SECURITIES PRIVATE LIMITED,Stock Broker,"Jul 28, 2006 - Perpetual",,,
INB011273530,ANMOL SHARE BROKING LIMITED,ANMOL SHARE BROKING LIMITED,Stock Broker,"Jan 25, 2011 - Perpetual",,,
INB011275030,KANCHANJANGA SECURITIES COMPANY (PVT) LTD.,KANCHANJANGA SECURITIES COMPANY (PVT) LTD.,Stock Broker,"Sep 05, 2006 - Perpetual",,,
INB011278034,VENI MADHAV SECURITIES PRIVATE LIMITED,VENI MADHAV SECURITIES PRIVATE LIMITED,Stock Broker,"Jan 01, 2008 - Perpetual",,,
INB011281137,FIDUCIARY EUROMAX CAPITAL MARKETS PRIVATE LIMITED,FIDUCIARY EUROMAX CAPITAL MARKETS PRIVATE LIMITED,Stock Broker,"Jul 27, 2010 - Perpetual",,,
INB011290633,A TO Z STOCK TRADE PRIVATE LIMITED,A TO Z STOCK TRADE PRIVATE LIMITED,Stock Broker,"Aug 11, 2011 - Perpetual",,,
INB011292514,KETAN SUMANTRAI SHAH,KETAN SUMANTRAI SHAH,Stock Broker,"Feb 04, 2008 - Perpetual",,,
INB011294031,INDITRADE CAPITAL LIMITED,INDITRADE CAPITAL LIMITED,Stock Broker,"Feb 28, 2008 - Perpetual",,,
INB011301919,MAHENDRA RAMJI GALA,RAVECHI SECURITIES,Stock Broker,"Feb 03, 2012 - Perpetual",,,
INB011302636,RELIGARE CAPITAL MARKETS LIMITED,RELIGARE CAPITAL MARKETS LIMITED,Stock Broker,"Jul 31, 2008 - Perpetual",,,
INB011309631,ADG SECURITIES PRIVATE LIMITED,ADG SECURITIES PRIVATE LIMITED,Stock Broker,"Dec 24, 2010 - Perpetual",,,
INB011322113,PARVEEN GARG,SHRI HARIRAM HOLDINGS,Stock Broker,"Jan 03, 2011 - Perpetual",,,
INB011326437,A C AGARWAL SHARE BROKERS PRIVATE LIMITED,A C AGARWAL SHARE BROKERS PRIVATE LIMITED,Stock Broker,"Nov 23, 2010 - Perpetual",,,
INB011337236,GEOJIT BNP PARIBAS FINANCIAL SERVICES LIMITED,GEOJIT BNP PARIBAS FINANCIAL SERVICES LIMITED,Stock Broker,"May 05, 2009 - Perpetual",,,
INB011340230,ENCASH SECURITIES LIMITED,ENCASH SECURITIES LIMITED,Stock Broker,"May 03, 2011 - Perpetual",,,
INB011341410,MUKESH MANHARLAL PAREKH,M M PAREKH,Stock Broker,"Jun 19, 2009 - Perpetual",,,
INB011347219,AMIY YOGESH RUNGTA,AMIY RUNGTA,Stock Broker,"Aug 12, 2009 - Perpetual",,,
INB011349439,ABANS SECURITIES LIMITED,ABANS SECURITIES LIMITED,Stock Broker,"Oct 01, 2009 - Perpetual",,,
INB011352839,ACHIEVERS SECURITIES PRIVATE LIMITED,ACHIEVERS SECURITIES PRIVATE LIMITED,Stock Broker,"Jun 24, 2011 - Perpetual",,,
INB011355436,BERKELEY SECURITIES LIMITED,BERKELEY SECURITIES LIMITED,Stock Broker,"Sep 20, 2010 - Perpetual",,,
INB011377331,CHOICE EQUITY BROKING PRIVATE LIMITED,CHOICE EQUITY BROKING PRIVATE LIMITED,Stock Broker,"Apr 09, 2010 - Perpetual",,,
INB011379139,MAYUR SHARE BROKING PRIVATE LIMITED,MAYUR SHARE BROKING PRIVATE LIMITED,Stock Broker,"Oct 13, 2010 - Perpetual",,,
INB011383313,KAMAL DHANSUKHLAL PAREKH,KAMAL D.  PAREKH,Stock Broker,"May 25, 2010 - Perpetual",,,
INB011393031,PANTHEON INVESTMENT MANAGER PRIVATE LIMITED,PANTHEON INVESTMENT MANAGER PRIVATE LIMITED,Stock Broker,"Feb 02, 2011 - Perpetual",,,
INB011393718,BIPIN M SAVLA,STOCKPLUS BROKING & ADVISORY SERVICES,Stock Broker,"Jul 16, 2010 - Perpetual",,,
INB011395135,OSS STOCK BROKING PRIVATE LIMITED,OSS STOCK BROKING PRIVATE LIMITED,Stock Broker,"Jul 30, 2010 - Perpetual",,,
INB011399236,JANKI CAPSEC PRIVATE LIMITED,JANKI CAPSEC PRIVATE LIMITED,Stock Broker,"Aug 06, 2010 - Perpetual",,,
INB011401412,MANISH ARVIND SHAH,MANISH ARVIND SHAH,Stock Broker,"Sep 03, 2010 - Perpetual",,,
INB011401636,TRUSTONE INVESTMENT ADVISORS PRIVATE LIMITED,TRUSTONE INVESTMENT ADVISORS PRIVATE LIMITED,Stock Broker,"Sep 03, 2010 - Perpetual",,,
INB011408631,AVON MANAGEMENT PRIVATE LIMITED,AVON MANAGEMENT PRIVATE LIMITED,Stock Broker,"Sep 20, 2010 - Perpetual",,,
INB011408912,JITENDRA JAIN,JITENDRA JAIN,Stock Broker,"Sep 22, 2010 - Perpetual",,,
INB011410033,ONELIFE CAPITAL ADVISORS PRIVATE LIMITED,ONELIFE CAPITAL ADVISORS PRIVATE LIMITED,Stock Broker,"Sep 24, 2010 - Perpetual",,,
INB011410835,SHREE CHINMAYA SECURITIES PRIVATE LIMITED,SHREE CHINMAYA SECURITIES PRIVATE LIMITED,Stock Broker,"Sep 27, 2010 - Perpetual",,,
INB011411734,BABA BHOOTHNATH TRADE & COMMERCE PRIVATE LIMITED,BABA BHOOTHNATH TRADE & COMMERCE PRIVATE LIMITED,Stock Broker,"Sep 28, 2010 - Perpetual",,,
INB011412732,VSN SECURITIES SOUTH ASIA PRIVATE LIMITED,VSN SECURITIES SOUTH ASIA PRIVATE LIMITED,Stock Broker,"Oct 01, 2010 - Perpetual",,,
INB011413334,AARYA EQUITY (INDIA) PRIVATE LIMITED,AARYA EQUITY (INDIA) PRIVATE LIMITED,Stock Broker,"Dec 09, 2010 - Perpetual",,,
INB011414415,RAJEEV PANDEY,VISHNUPRIYA SECURITIES,Stock Broker,"Oct 08, 2010 - Perpetual",,,
INB011415313,MINAL RONAK PARIKH,MINAL RONAK PARIKH,Stock Broker,"Oct 19, 2010 - Perpetual",,,
INB011415933,AMODINI SECURITIES PRIVATE LIMITED,AMODINI SECURITIES PRIVATE LIMITED,Stock Broker,"Oct 20, 2010 - Perpetual",,,
INB011416931,PHORUM FINANCIAL SERVICES PRIVATE LIMITED,PHORUM FINANCIAL SERVICES PRIVATE LIMITED,Stock Broker,"Oct 28, 2010 - Perpetual",,,
INB011417236,SHREE SHETH SECURITIES & SERVICES PRIVATE LIMITED,SHREE SHETH SECURITIES & SERVICES PRIVATE LIMITED,Stock Broker,"Nov 03, 2010 - Perpetual",,,
INB011418630,AVANCE INDICES PRIVATE LIMITED,AVANCE INDICES PRIVATE LIMITED,Stock Broker,"Jan 31, 2011 - Perpetual",,,
INB011422731,ASSOCIATED STOCK BROKING PRIVATE LIMITED,ASSOCIATED STOCK BROKING PRIVATE LIMITED,Stock Broker,"Nov 29, 2010 - Perpetual",,,
INB011422830,LAHOTI FINANCIAL SERVICES LIMITED,LAHOTI FINANCIAL SERVICES LIMITED,Stock Broker,"Nov 29, 2010 - Perpetual",,,
INB011423234,STELLANT STOCK BROKING PRIVATE LIMITED,STELLANT STOCK BROKING PRIVATE LIMITED,Stock Broker,"Nov 30, 2010 - Perpetual",,,
INB011425619,KARANJIT SINGH CHAHAL,KARANJIT SINGH CHAHAL,Stock Broker,"Dec 23, 2010 - Perpetual",,,
INB011425734,ASCENT SHARES AND STOCK BROKERS PRIVATE LIMITED,ASCENT SHARES AND STOCK BROKERS PRIVATE LIMITED,Stock Broker,"Dec 24, 2010 - Perpetual",,,
INB011426237,SRM SECURITIES PRIVATE LIMITED,SRM SECURITIES PRIVATE LIMITED,Stock Broker,"Dec 29, 2010 - Perpetual",,,
INB011428431,MYRIAD CAPITAL MANAGEMENT PRIVATE LIMITED,MYRIAD CAPITAL MANAGEMENT PRIVATE LIMITED,Stock Broker,"Jan 18, 2011 - Perpetual",,,
INB011428613,SHIV PRASAD VEERAM,SHIV PRASAD VEERAM,Stock Broker,"Jan 21, 2011 - Perpetual",,,
INB011432136,ANEMONE ENTERPRISES PRIVATE LIMITED,ANEMONE ENTERPRISES PRIVATE LIMITED,Stock Broker,"Mar 04, 2011 - Perpetual",,,
INB011432219,MUKESH KUMAR,MUKESH KUMAR,Stock Broker,"Mar 04, 2011 - Perpetual",,,
INB011438430,KLG STOCK BROKERS PRIVATE LIMITED,KLG STOCK BROKERS PRIVATE LIMITED,Stock Broker,"May 06, 2011 - Perpetual",,,
INB011439131,MAX PLANWEALTH SECURITIES LIMITED,MAX PLANWEALTH SECURITIES LIMITED,Stock Broker,"Jun 29, 2011 - Perpetual",,,
INB011441236,SAKAR FINSTOCK PRIVATE LIMITED,SAKAR FINSTOCK PRIVATE LIMITED,Stock Broker,"Jun 15, 2011 - Perpetual",,,
INB011444131,OMJI SECURITIES LIMITED,OMJI SECURITIES LIMITED,Stock Broker,"Jul 07, 2011 - Perpetual",,,
INB011444339,LOTUS EQBROKING PRIVATE LIMITED,LOTUS EQBROKING PRIVATE LIMITED,Stock Broker,"Jul 14, 2011 - Perpetual",,,
INB011448637,PASSION STOCK BROKING PRIVATE LIMITED,PASSION STOCK BROKING PRIVATE LIMITED,Stock Broker,"Oct 28, 2011 - Perpetual",,,
INB011448918,NITIMA HIRALAL PODDAR,NITIMA HIRALAL PODDAR,Stock Broker,"Oct 25, 2011 - Perpetual",,,
INB011450039,SHIV CHARAN SECURITIES PRIVATE LIMITED,SHIV CHARAN SECURITIES PRIVATE LIMITED,Stock Broker,"Dec 02, 2011 - Perpetual",,,
INB011451334,TRADEDEAL FINANCIAL SERVICES PRIVATE LIMITED,TRADEDEAL FINANCIAL SERVICES PRIVATE LIMITED,Stock Broker,"Jan 02, 2012 - Perpetual",,,
INB011451839,ESPIRITO SANTO SECURITIES INDIA PRIVATE LIMITED,ESPIRITO SANTO SECURITIES INDIA PRIVATE LIMITED,Stock Broker,"Jan 10, 2012 - Perpetual",,,
INB011453330,AMAZON STOCK SERVICES PRIVATE LIMITED,AMAZON STOCK SERVICES PRIVATE LIMITED,Stock Broker,"Feb 22, 2012 - Perpetual",,,
INB011454130,VIOLET ARCH SECURITIES PRIVATE LIMITED,VIOLET ARCH SECURITIES PRIVATE LIMITED,Stock Broker,"Feb 28, 2012 - Perpetual",,,
INB011457539,AARUSH EQUITIES PRIVATE LIMITED,AARUSH EQUITIES PRIVATE LIMITED,Stock Broker,"May 29, 2012 - Perpetual",,,
INB011482537,APAAR FINANCE & INVESTMENT LIMITED,APAAR FINANCE & INVESTMENT LIMITED,Stock Broker,"Mar 28, 2013 - Perpetual",,,
INB011484111,JYOTI RAJENDRA SHAH,R JAMNADAS TULSIDAS SHAH,Stock Broker,"Apr 15, 2013 - Perpetual",,,
INB011492932,MASS TRADE INDIA CONSULTANTS PRIVATE LIMITED,MASS TRADE INDIA CONSULTANTS PRIVATE LIMITED,Stock Broker,"Jul 23, 2013 - Perpetual",,,
INB030033510,ARCHNA KHANDELWAL,ARCHNA KHANDELWAL,Stock Broker,"Nov 30, 1992 - Perpetual",,,
INB030033814,KISHORILAL SONTHALIA,MURLIDHAR SONTHALIA,Stock Broker,"Nov 30, 1992 - Perpetual",,,
INB030033912,RAJ KUMAR JHUNJHUNWALA,RAJ KUMAR & CO.,Stock Broker,"Nov 30, 1992 - Perpetual",,,
INB030034216,SHRI KUMAR BAGRI,SHRI KUMAR BAGRI,Stock Broker,"Nov 30, 1992 - Perpetual",,,
INB030034813,GOPAL PRASAD CHOKHANY,GOPAL PRASAD CHOKHANY,Stock Broker,"Nov 30, 1992 - Perpetual",,,
INB030034911,SATYA NARAYAN KHAITAN,KAMLA PRASAD KHAITAN,Stock Broker,"Nov 30, 1992 - Perpetual",,,
INB030035215,KUMUDINI PAREKH,KUMUDINI PAREKH,Stock Broker,"Nov 30, 1992 - Perpetual",,,
INB030035313,PARUL SHAH,PARUL SHAH,Stock Broker,"Nov 30, 1992 - Perpetual",,,
INB030035411,DEBI DUTT LADIA,DEBI DUTT LADIA,Stock Broker,"Nov 30, 1992 - Perpetual",,,
INB030035518,RADHESHYAM CHOUDHARY,CHOUDHARY & SONS,Stock Broker,"Nov 30, 1992 - Perpetual",,,
INB030036312,VINOD KUMAR SINGHANIA,V.K. SINGHANIA & CO,Stock Broker,"Nov 30, 1992 - Perpetual",,,
INB030036517,LOKNATH SARAF,LOKNATH SARAF,Stock Broker,"Nov 30, 1992 - Perpetual",,,
INB030036811,KASHI PRASAD CHOKHANY,SHANKAR LAL CHOKHANY,Stock Broker,"Nov 30, 1992 - Perpetual",,,
INB030036919,BIJAY SINGH LUNIA,B.S. LUNIA & CO,Stock Broker,"Nov 30, 1992 - Perpetual",,,
INB030037017,GHANSHYAM DAS KEJRIWAL,GHANSHYAM DAS KEJRIWAL,Stock Broker,"Nov 30, 1992 - Perpetual",,,
INB030037115,NIRAJ KUMAR BALASARIA,NIRAJ KUMAR BALASARIA,Stock Broker,"Nov 30, 1992 - Perpetual",,,
INB030037213,SANWAR  MULL SINGHANIA,S.M. SINGHANIA & CO,Stock Broker,"Nov 30, 1992 - Perpetual",,,
INB030037311,MAHADEOPRASAD SINGHANIA,MADHU & CO,Stock Broker,"Nov 30, 1992 - Perpetual",,,
INB030037419,GOPAL KRISHNA SARAF,GOPAL KRISHNA SARAF,Stock Broker,"Nov 30, 1992 - Perpetual",,,
INB030037516,SHRI BALLABH BHUTRA.,S.B. BHUTRA & CO,Stock Broker,"Nov 30, 1992 - Perpetual",,,
INB030037614,KAILASH PRASAD DHYAWALA,K.PRASAD & CO,Stock Broker,"Nov 30, 1992 - Perpetual",,,
INB030037712,BANWARI LAL GOENKA,BASDEO GOENKA,Stock Broker,"Nov 30, 1992 - Perpetual",,,
INB030037810,PRADEEP KUMAR DHELIA,PRADEEP KUMAR DHELIA,Stock Broker,"Nov 30, 1992 - Perpetual",,,
INB030038310,OM PRAKASH BUKREDIWALA,OM PRAKASH BUKREDIWALA,Stock Broker,"Nov 30, 1992 - Perpetual",,,
INB030038418,BRIJ MOHAN SARDA,BRIJ MOHAN SARDA,Stock Broker,"Nov 30, 1992 - Perpetual",,,
INB030038515,CHIRANJI LAL JHUNJHUNWALA,BADRIBISHAL CHIRANJILAL,Stock Broker,"Nov 30, 1992 - Perpetual",,,
INB030038613,DWARKA DAS SARDA,SARDA & CO,Stock Broker,"Nov 30, 1992 - Perpetual",,,
INB030038819,JAMUNA DHAR LADIA,JAMUNA DHAR LADIA & CO,Stock Broker,"Nov 30, 1992 - Perpetual",,,
INB030039015,SURESH KUMAR CHIRIMAR,SURESH KUMAR & CO,Stock Broker,"Nov 30, 1992 - Perpetual",,,
INB030039319,RAGHVENDRA MOHTA,RADHA KISHAN MOHTA,Stock Broker,"Nov 30, 1992 - Perpetual",,,
INB030039710,USHA SUREKA,SHREE PRAKASH & CO,Stock Broker,"Nov 30, 1992 - Perpetual",,,
INB030039818,GIRDHARIMALL CHORARIA,GIRDHARIMALL CHORARIA,Stock Broker,"Nov 30, 1992 - Perpetual",,,
INB030040014,MADHU JHUNJHUNWALA,MADHU JHUNJHUNWALA,Stock Broker,"Nov 30, 1992 - Perpetual",,,
INB030040112,SHIVA KUMAR SARAF,SHIVA KUMAR SARAF,Stock Broker,"Nov 30, 1992 - Perpetual",,,
INB030040210,ANITA BUBNA,ANITA BUBNA,Stock Broker,"Nov 30, 1992 - Perpetual",,,
INB030040318,RAJENDRA PRASAD BUBNA,R P BUBNA & CO.,Stock Broker,"Nov 30, 1992 - Perpetual",,,
INB030040416,SUNIL KUMAR KANODIA,SUNIL KUMAR KANODIA,Stock Broker,"Nov 30, 1992 - Perpetual",,,
INB030040513,KAMAL KUMAR SARAOGI,H M FATEHPURIA,Stock Broker,"Nov 30, 1992 - Perpetual",,,
INB030040915,MOHANLALL NATHANY,JUGGONPURSAD BAIJNATH,Stock Broker,"Nov 30, 1992 - Perpetual",,,
INB030041013,RAMKRISHNA DUDWAWALA,BAIJ KRISHNA & CO.,Stock Broker,"Nov 30, 1992 - Perpetual",,,
INB030041111,NAGARMULL KEJRIWAL,NAGARMULL KEJRIWAL,Stock Broker,"Nov 30, 1992 - Perpetual",,,
INB030041219,GOPI KISHAN DAMANI,GOPI KISHAN DAMANI,Stock Broker,"Nov 30, 1992 - Perpetual",,,
INB030041512,SURESH KUMAR KAUSHIK,S K KAUSHIK & CO.,Stock Broker,"Nov 30, 1992 - Perpetual",,,
INB030041610,P L NATHANY,P L NATHANY,Stock Broker,"Nov 30, 1992 - Perpetual",,,
INB030041914,SARITA MOHTA,RAM RATAN NARENDRA KUMAR,Stock Broker,"Nov 30, 1992 - Perpetual",,,
INB030042218,AJIT KOCHAR,AJIT KOCHAR & CO,Stock Broker,"Nov 30, 1992 - Perpetual",,,
INB030042316,UJJAL SINGH DUDHORIA,UJJAL SINGH DUDHORIA,Stock Broker,"Nov 30, 1992 - Perpetual",,,
INB030042511,BADRI DAS DAMANI,BADRI DAS DAMANI & SONS,Stock Broker,"Nov 30, 1992 - Perpetual",,,
INB030042815,SHYAM SUNDAR DHANUKA,SHYAM DHANUKA &CO,Stock Broker,"Nov 30, 1992 - Perpetual",,,
INB030043011,ABHIJIT UPADHYAYA,ABHIJIT UPADHAYAYA & CO.,Stock Broker,"Nov 30, 1992 - Perpetual",,,
INB030043510,SANJEEV PHUMBHRA,SANJEEV B PHUMBHRA & CO.,Stock Broker,"Nov 30, 1992 - Perpetual",,,
INB030043618,PREM LAL ROY,PREM LAL ROY,Stock Broker,"Nov 30, 1992 - Perpetual",,,
INB030043716,ALPANA PHUMBHRA,ALPANA PHUMBHRA,Stock Broker,"Nov 30, 1992 - Perpetual",,,
INB030043912,ARUN KEJRIWAL,ARUN KEJRIWAL,Stock Broker,"Nov 30, 1992 - Perpetual",,,
INB030044216,KRISHNA KUMAR DAGA,KRISHNA KUMAR DAGA,Stock Broker,"Nov 30, 1992 - Perpetual",,,
INB030044617,MIHIR KISHORDAS SHAH,M.K.SHAH & CO.,Stock Broker,"Nov 30, 1992 - Perpetual",,,
INB030044715,SAMPAT KUMAR DUGAR,JAWARIMAL DUGAR,Stock Broker,"Nov 30, 1992 - Perpetual",,,
INB030044813,SURESH KR.BHAGCHANDKA,S. KUMAR STOCK BROKING & SERVICES,Stock Broker,"Nov 30, 1992 - Perpetual",,,
INB030044911,PRAVEEN KUMAR SULTANIA,SULTANIA BROTHERS,Stock Broker,"Nov 30, 1992 - Perpetual",,,
INB030045019,PARMESHWARLAL SULTANIA,PARMESHWARLAL SULTANIA,Stock Broker,"Nov 30, 1992 - Perpetual",,,
INB030045117,L.K.MOHTA,L.K.MOHTA,Stock Broker,"Nov 30, 1992 - Perpetual",,,
INB030045215,SURYA PRAKASH TOSNIWAL,SURYA PRAKASH TOSNIWAL,Stock Broker,"Nov 30, 1992 - Perpetual",,,
INB030045518,CHIRANJILALL SUREKA,SUREKA BROTHERS,Stock Broker,"Nov 30, 1992 - Perpetual",,,
INB030045812,DEBI PRASAD PODDAR,BISSENDYAL DAYARAM,Stock Broker,"Nov 30, 1992 - Perpetual",,,
INB030046018,RAMNATH PODDAR,RAMNATH PODDAR & CO.,Stock Broker,"Nov 30, 1992 - Perpetual",,,
INB030046116,CHHAGAN LAL BINANI,BAIJNATH CHAMPALAL,Stock Broker,"Nov 30, 1992 - Perpetual",,,
INB030046312,RAMESH CHANDRA BIYANI,RAMESH BIYANI & CO.,Stock Broker,"Nov 30, 1992 - Perpetual",,,
INB030046713,AJIT KUMAR JAIN,AJIT KUMAR JAIN,Stock Broker,"Nov 30, 1992 - Perpetual",,,
INB030047017,SALIGRAM MOHTA,MOHTA & CO.,Stock Broker,"Nov 30, 1992 - Perpetual",,,
INB030047115,DILIP KUMAR KHANDELWAL,KHANDELWAL BROS.,Stock Broker,"Nov 30, 1992 - Perpetual",,,
INB030047419,PARMESHWARLAL GANERIWALLA,P.L.GANERIWALLA,Stock Broker,"Nov 30, 1992 - Perpetual",,,
INB030047614,MOHAN LAL SARAF,MOHAN LAL SARAF,Stock Broker,"Nov 30, 1992 - Perpetual",,,
INB030047712,BANWARI LAL SARAF,BANWARI LAL SARAF,Stock Broker,"Nov 30, 1992 - Perpetual",,,
INB030048016,SAVITA JAIN,S.JAIN & CO.,Stock Broker,"Nov 30, 1992 - Perpetual",,,
INB030048310,SUBH KARAN MARDA,SUBH KARAN MARDA,Stock Broker,"Nov 30, 1992 - Perpetual",,,
INB030048613,JESUKHLAL VANMALI SHETH,J.V.SHETH & CO.,Stock Broker,"Nov 30, 1992 - Perpetual",,,
INB030048819,DINESH PRASAD JASORIA,DINESH PRASAD JASORIA,Stock Broker,"Nov 30, 1992 - Perpetual",,,
INB030049015,GOPI KRISHNA MUSKARA,SEWDUTTROY RAMBULLAV & SON.,Stock Broker,"Nov 30, 1992 - Perpetual",,,
INB030049211,MADHU BHIWANIWALA,M.BHIWANIWALA & CO.,Stock Broker,"Nov 30, 1992 - Perpetual",,,
INB030049514,ANIL KUMAR GARG,ANIL KUMAR GARG,Stock Broker,"Nov 30, 1992 - Perpetual",,,
INB030050112,SUDHA CHIRIPAL,S.CHIRIPAL & CO.,Stock Broker,"Nov 30, 1992 - Perpetual",,,
INB030050210,PAWAN KUMAR DEORA,PAWAN KUMAR DEORA & CO.,Stock Broker,"Nov 30, 1992 - Perpetual",,,
INB030050416,MAHENDRA KUMAR JALAN,MAHENDRA KUMAR JALAN,Stock Broker,"Nov 30, 1992 - Perpetual",,,
INB030050513,BASANT KUMAR PERIWAL,BASANT PERIWAL & CO.,Stock Broker,"Nov 30, 1992 - Perpetual",,,
INB030050611,KASHI NATH ROY,ROY BROS.,Stock Broker,"Nov 30, 1992 - Perpetual",,,
INB030050719,JAIKISHAN DAGA,DAGA COMPANY,Stock Broker,"Nov 30, 1992 - Perpetual",,,
INB030051013,PRITHVINATH CHATURVEDI,PRITHVINATH CHATURVEDI,Stock Broker,"Nov 30, 1992 - Perpetual",,,
INB030051111,SHANTI SWAROOP BARMAN,S.S.BARMAN & SONS,Stock Broker,"Nov 30, 1992 - Perpetual",,,
INB030051219,NATHMAL LOHIA,N.M.LOHIA & CO.,Stock Broker,"Nov 30, 1992 - Perpetual",,,
INB030051610,SUNIL KUMAR CHANGOIWALLA,S.K.CHANGOIWALLA & CO.,Stock Broker,"Nov 30, 1992 - Perpetual",,,
INB030051816,RAM KUMAR KARNANI,RAMKUMAR & CO.,Stock Broker,"Nov 30, 1992 - Perpetual",,,
INB030052110,RAJESH P.SHAH,RAJESH P.SHAH & CO.,Stock Broker,"Nov 30, 1992 - Perpetual",,,
INB030052414,DEBDAS CHATTERJEE,S.K.CHATTERJEE,Stock Broker,"Nov 30, 1992 - Perpetual",,,
INB030052717,AMAL CHAND LAHA,SHAMLALL LAHA & CO.,Stock Broker,"Nov 30, 1992 - Perpetual",,,
INB030052913,SOMDUTT BOSE,S BOSE & CO.,Stock Broker,"Nov 30, 1992 - Perpetual",,,
INB030053011,BIJAY KUMAR AGARWAL,BIJAY KUMAR AGARWAL,Stock Broker,"Nov 30, 1992 - Perpetual",,,
INB030053217,D.P.PODDAR,D.P.PODDAR & CO.,Stock Broker,"Nov 30, 1992 - Perpetual",,,
INB030053510,RABINDRA KUMAR HARLALKA,R.K.HARLALKA,Stock Broker,"Nov 30, 1992 - Perpetual",,,
INB030053618,SANJAY KUMAR CHANDAK,SANJAY KUMAR CHANDAK,Stock Broker,"Nov 30, 1992 - Perpetual",,,
INB030054010,RAJENDRA PRASAD SHAH,RAJENDRA PRASAD SHAH,Stock Broker,"Nov 30, 1992 - Perpetual",,,
INB030054118,MANOJ KUMAR JHUNJHUNWALA,MANOJ KUMAR JHUNJHUNWALA,Stock Broker,"Nov 30, 1992 - Perpetual",,,
INB030054314,DHIRAJLAL K DOSHI,DHIRAJLAL & SONS,Stock Broker,"Nov 30, 1992 - Perpetual",,,
INB030054412,CHANDRAKANT TIBRAWALLA,C.K.TIBRAWALLA & CO.,Stock Broker,"Nov 30, 1992 - Perpetual",,,
INB030054519,SANTOSH KR.TULSHYAN,LUXMI & CO.,Stock Broker,"Nov 30, 1992 - Perpetual",,,
INB030054617,M.P.KANODIA,M.P. KANODIA,Stock Broker,"Nov 30, 1992 - Perpetual",,,
INB030054813,MRIDULA RANI SHROFF,MRIDULA RANI SHROFF,Stock Broker,"Nov 30, 1992 - Perpetual",,,
INB030055019,PRANLAL M SHAH,PRANLAL M SHAH & CO,Stock Broker,"Nov 30, 1992 - Perpetual",,,
INB030055215,RAJESH PACHISIA,RAJESH PACHISIA,Stock Broker,"Nov 30, 1992 - Perpetual",,,
INB030055518,ANAND CHAND MEHTA,ANAND MEHTA & CO.,Stock Broker,"Nov 30, 1992 - Perpetual",,,
INB030056116,JITENDRA TANDON,JEETENDRA & CO.,Stock Broker,"Nov 30, 1992 - Perpetual",,,
INB030056312,YOGESH SHARMA,Y.RAKESH & CO.,Stock Broker,"Nov 30, 1992 - Perpetual",,,
INB030056811,MANOJ KUMAR JAIN,MANOJ KUMAR JAIN,Stock Broker,"Nov 30, 1992 - Perpetual",,,
INB030057017,NARESH PACHISIA,NARESH PACHISIA,Stock Broker,"Nov 30, 1992 - Perpetual",,,
INB030057213,ARUNKUMAR CHIRIPAL,ARUNKUMAR & CO.,Stock Broker,"Nov 30, 1992 - Perpetual",,,
INB030057311,SHIV PRAKASH MODI,SHIV PRAKASH MODI,Stock Broker,"Nov 30, 1992 - Perpetual",,,
INB030057419,GOURI SHANKAR MANTRY,GOURI SHANKAR MANTRY,Stock Broker,"Nov 30, 1992 - Perpetual",,,
INB030057614,SHREENATH KAPOOR,SHREENATH KAPOOR,Stock Broker,"Nov 30, 1992 - Perpetual",,,
INB030057810,SRI SITA RAM GOENKA,SATYADEO SITARAM,Stock Broker,"Nov 30, 1992 - Perpetual",,,
INB030057918,KRISHNA KUMAR VARMA,KRISHNA KUMAR VARMA,Stock Broker,"Nov 30, 1992 - Perpetual",,,
INB030058016,B.L.SEAL,B.L. SEAL,Stock Broker,"Nov 30, 1992 - Perpetual",,,
INB030058212,MAHESHCHANDRA KAPUR,M.C.KAPUR,Stock Broker,"Nov 30, 1992 - Perpetual",,,
INB030058418,RAMESH CHANDRA KAPUR,RAMESH CHANDRA KAPUR,Stock Broker,"Nov 30, 1992 - Perpetual",,,
INB030059319,UMASHANKAR PARASRAMPURIA,UMASHANKAR PARASRAMPURIA,Stock Broker,"Nov 30, 1992 - Perpetual",,,
INB030059417,BIPIN KUMAR DEWRA,DEWRA BROTHERS,Stock Broker,"Nov 30, 1992 - Perpetual",,,
INB030059612,SHYAM SABOO,SHYAM SABOO,Stock Broker,"Nov 30, 1992 - Perpetual",,,
INB030060014,ARUN KUMAR KHEMKA,KHEMKA & CO.,Stock Broker,"Nov 30, 1992 - Perpetual",,,
INB030060112,MAHAVIR PRASAD SONI,MAHAVIR SONI & CO.,Stock Broker,"Nov 30, 1992 - Perpetual",,,
INB030060513,PURUSHOTTAM DAS JALAN,P. JALAN & CO.,Stock Broker,"Nov 30, 1992 - Perpetual",,,
INB030060719,ARUN KUMAR DALMIA,ARUN KUMAR DALMIA,Stock Broker,"Nov 30, 1992 - Perpetual",,,
INB030061013,BISHNU PRASAD AGARWAL,B. P. AGARWAL & CO.,Stock Broker,"Nov 30, 1992 - Perpetual",,,
INB030061219,GOPIRAM CHIRIPAL,GOPIRAM & SONS.,Stock Broker,"Nov 30, 1992 - Perpetual",,,
INB030061610,KEDARNATH KHANDELWAL,KEDARNATH KHANDELWAL.,Stock Broker,"Nov 30, 1992 - Perpetual",,,
INB030061816,ASHOK KUMAR CHOUDHARY.,A. K. CHOUDHARY & CO.,Stock Broker,"Nov 30, 1992 - Perpetual",,,
INB030062110,ANIL KUMAR KHANDELWAL,ANIL KHANDELWAL,Stock Broker,"Nov 30, 1992 - Perpetual",,,
INB030062218,BARUN KUMAR DUGAR,BARUN KUMAR DUGAR,Stock Broker,"Nov 30, 1992 - Perpetual",,,
INB030062316,BINOD KUMAR BAGRI.,BINOD KUMAR BAGRI.,Stock Broker,"Nov 30, 1992 - Perpetual",,,
INB030062619,PRAMOD KUMAR DABRIWALA,PRAMOD KUMAR DABRIWALA,Stock Broker,"Nov 30, 1992 - Perpetual",,,
INB030062717,PAWAN KUMAR SONTHALIA,SONTHALIA & CO.,Stock Broker,"Nov 30, 1992 - Perpetual",,,
INB030063011,SHANTIKUMAR CHIRANJILAL LOYALKA,LOYALKA & SONS,Stock Broker,"Nov 30, 1992 - Perpetual",,,
INB030063119,OM PRAKASH BAJAJ,OM PRAKASH BAJAJ,Stock Broker,"Nov 30, 1992 - Perpetual",,,
INB030063315,JAI SINGH BORAR,JAI SINGH BORAR,Stock Broker,"Nov 30, 1992 - Perpetual",,,
INB030063510,SHEW RATAN SHROFF,SHEW RATAN SHROFF,Stock Broker,"Nov 30, 1992 - Perpetual",,,
INB030063618,PAHARI LAL ROY,PAHARI LAL ROY,Stock Broker,"Nov 30, 1992 - Perpetual",,,
INB030063814,VIKASH NEWAR,VIKASH NEWAR,Stock Broker,"Nov 30, 1992 - Perpetual",,,
INB030063912,ANITA MEHRA,A. MEHRA & CO.,Stock Broker,"Nov 30, 1992 - Perpetual",,,
INB030064216,NARESH KUMAR AGARWAL,NARESH AGARWAL AND COMPANY,Stock Broker,"Nov 30, 1992 - Perpetual",,,
INB030064314,ANIL DHELIA,ANIL DHELIA,Stock Broker,"Nov 30, 1992 - Perpetual",,,
INB030064412,SUNIL DHELIA,SUNIL DHELIA,Stock Broker,"Nov 30, 1992 - Perpetual",,,
INB030064519,SUSHIL KUMAR AGRAWAL,SUSHIL KUMAR AGRAWAL,Stock Broker,"Nov 30, 1992 - Perpetual",,,
INB030064617,LALIT KUMAR SHROFF,LALIT KUMAR SHROFF,Stock Broker,"Nov 30, 1992 - Perpetual",,,
INB030064813,RAMESH KUMAR SARAF,RAMESH KUMAR SARAF,Stock Broker,"Nov 30, 1992 - Perpetual",,,
INB030064911,SURENDRA KUMAR DUGAR,SURENDRA KUMAR DUGAR & CO.,Stock Broker,"Nov 30, 1992 - Perpetual",,,
INB030065019,SAJJAN KUMAR SINGHANIA,SHYAM & CO.,Stock Broker,"Nov 30, 1992 - Perpetual",,,
INB030065117,TARUN SETHIA,TARUN SETHIA,Stock Broker,"Nov 30, 1992 - Perpetual",,,
INB030065215,SHANKAR LAL PODDAR,SHANKAR LAL PODDAR,Stock Broker,"Nov 30, 1992 - Perpetual",,,
INB030065313,SHYAM SUNDER CHIRIPAL,SHYAM SUNDER CHIRIPAL,Stock Broker,"Nov 30, 1992 - Perpetual",,,
INB030065518,SUDHIR KUMAR SOMANI,SUDHIR KUMAR SOMANI,Stock Broker,"Nov 30, 1992 - Perpetual",,,
INB030065616,PRAMOD KUMAR SARAFF,JWALA PARSHAD SARAFF,Stock Broker,"Nov 30, 1992 - Perpetual",,,
INB030065714,PAWAN KUMAR SARAF,PAWAN KUMAR & CO.,Stock Broker,"Nov 30, 1992 - Perpetual",,,
INB030066018,SURENDRA NATH KAPOOR,KAPOOR CO,Stock Broker,"Nov 30, 1992 - Perpetual",,,
INB030066410,SREE GOPAL DAMANI,SREE GOPAL DAMANI,Stock Broker,"Nov 30, 1992 - Perpetual",,,
INB030066615,SHYAMA PRASAD MURARKA,MURARKA BROTHERS,Stock Broker,"Nov 30, 1992 - Perpetual",,,
INB030066713,SURESH KUMAR SOMANI,SURESH KUMAR SOMANI,Stock Broker,"Nov 30, 1992 - Perpetual",,,
INB030066811,RAM MOHAN SARDA,RAM MOHAN SARDA,Stock Broker,"Nov 30, 1992 - Perpetual",,,
INB030066919,RAMESH KUMAR KABRA,RAMESH KUMAR KABRA & CO.,Stock Broker,"Nov 30, 1992 - Perpetual",,,
INB030067017,RAMNIWAS DHANDLANIA,RAMNIWAS & SONS,Stock Broker,"Nov 30, 1992 - Perpetual",,,
INB030067115,PRAMILA LATH,PRAMILA LATH,Stock Broker,"Nov 30, 1992 - Perpetual",,,
INB030067213,HARI PRAKASH KABRA,HARI PRAKASH KABRA,Stock Broker,"Nov 30, 1992 - Perpetual",,,
INB030067311,DEBABRATA BISWAS,D. B. & CO.,Stock Broker,"Nov 30, 1992 - Perpetual",,,
INB030067419,BHAGIRATH MURARKA,BHAGIRATH MURARKA,Stock Broker,"Nov 30, 1992 - Perpetual",,,
INB030068016,DWARKA PRASAD KEJRIWAL,DWARKA PRASAD KEJRIWAL,Stock Broker,"Nov 30, 1992 - Perpetual",,,
INB030068212,LAKSHMAN PRASAD BUBNA,LAKSHMAN PRASAD BUBNA,Stock Broker,"Nov 30, 1992 - Perpetual",,,
INB030068418,PARAS RAM SOMANI,PARAS RAM SOMANI,Stock Broker,"Nov 30, 1992 - Perpetual",,,
INB030068613,B. N. KAPUR,B.N. KAPUR,Stock Broker,"Nov 30, 1992 - Perpetual",,,
INB030068819,KRISHNA KUMAR KOTHARI,KRISHNA KOTHARI & CO.,Stock Broker,"Nov 30, 1992 - Perpetual",,,
INB030069514,SURAJ RATAN MOHTA,SURAJ RATAN MOHTA,Stock Broker,"Nov 30, 1992 - Perpetual",,,
INB030069710,SHIV NARAYAN RATHI,SHIV NARAYAN RATHI,Stock Broker,"Nov 30, 1992 - Perpetual",,,
INB030069916,MURLI MANOHAR CHANDAK,MURLI.M.CHANDAK & CO.,Stock Broker,"Nov 30, 1992 - Perpetual",,,
INB030070112,MAHESH PRAHLADKA,MAHESH PRAHLADKA,Stock Broker,"Nov 30, 1992 - Perpetual",,,
INB030070210,MOHENDRA NATH MUKHERJEE,MOHENDRA NATH MUKHERJEE,Stock Broker,"Nov 30, 1992 - Perpetual",,,
INB030070416,MANGTU  RAM KEJRIWAL,MANGTU RAM KEJRIWAL,Stock Broker,"Nov 30, 1992 - Perpetual",,,
INB030070719,NARENDRA KUMAR DAKALIA,NARENDRA KUMAR DAKALIA &  CO.,Stock Broker,"Nov 30, 1992 - Perpetual",,,
INB030070915,NARAYAN PRASAD CHOKHANI,NARAYAN PRASAD CHOKHANI,Stock Broker,"Nov 30, 1992 - Perpetual",,,
INB030071013,JOGENDRA KRISTO DUTT,JOGENDRA KRISTO DUTT,Stock Broker,"Nov 30, 1992 - Perpetual",,,
INB030071219,JAMUNA DASS BAGRI,JAMUNA DASS BAGRI,Stock Broker,"Nov 30, 1992 - Perpetual",,,
INB030071317,SHRI KRISHNA BHATTER,SHRI KRISHNA BHATTER,Stock Broker,"Nov 30, 1992 - Perpetual",,,
INB030071512,SURESH KHEMKA,S.K. KHEMKA,Stock Broker,"Nov 30, 1992 - Perpetual",,,
INB030071610,SHYAM SUNDAR TODI,SHYAM SUNDAR TODI,Stock Broker,"Nov 30, 1992 - Perpetual",,,
INB030071718,SURJA NATH NANDY,NANDY CO,Stock Broker,"Nov 30, 1992 - Perpetual",,,
INB030071816,SURESH KUMAR ALMAL,SURESH KUMAR ALMAL,Stock Broker,"Nov 30, 1992 - Perpetual",,,
INB030071914,AMARENDRO KRISTO DUTT,HORENDRO KRISTO DUTT.,Stock Broker,"Nov 30, 1992 - Perpetual",,,
INB030072218,ARUN KUMAR BHUWALKA,ARUN KUMAR BHUWALKA,Stock Broker,"Nov 30, 1992 - Perpetual",,,
INB030072316,ANJU ALMAL,A.ALMAL & CO.,Stock Broker,"Nov 30, 1992 - Perpetual",,,
INB030072815,BENI PRASAD KEJRIWAL,KEJRIWAL & CO.,Stock Broker,"Nov 30, 1992 - Perpetual",,,
INB030073413,KISHAN GOPAL MOHTA,KISHAN CO.,Stock Broker,"Nov 30, 1992 - Perpetual",,,
INB030073618,KRISHNA KUMAR JHUNJHUNWALA,K.TULSAN & CO.,Stock Broker,"Nov 30, 1992 - Perpetual",,,
INB030073716,LALITA KAYAN,KAYAN & CO.,Stock Broker,"Nov 30, 1992 - Perpetual",,,
INB030074216,RAJESH KUMAR MISHRA,R.K. MISHRA & CO.,Stock Broker,"Nov 30, 1992 - Perpetual",,,
INB030074314,RAJENDRA KUMAR BACHHAWAT,RAJENDRA KUMAR BACHHAWAT,Stock Broker,"Nov 30, 1992 - Perpetual",,,
INB030074412,RAMESH KUMAR BHATTER,RAMESH KUMAR BHATTER,Stock Broker,"Nov 30, 1992 - Perpetual",,,
INB030074813,RAJ KUMAR NAHATA,RAJ KUMAR NAHATA,Stock Broker,"Nov 30, 1992 - Perpetual",,,
INB030074911,RATAN PRAKASH GUPTA,BANSHIDHAR GUPTA & CO.,Stock Broker,"Nov 30, 1992 - Perpetual",,,
INB030075117,SUBHASH CHANDRA PACHISIA,SUBHASH & CO.,Stock Broker,"Nov 30, 1992 - Perpetual",,,
INB030075215,SUSHIL KUMAR MAHESHWARI,SUSHIL KUMAR MAHESHWARI & CO.,Stock Broker,"Nov 30, 1992 - Perpetual",,,
INB030075313,SHIWCHANDRAY DABRIWALA,RAJENDRA COMPANY,Stock Broker,"Nov 30, 1992 - Perpetual",,,
INB030075616,ASHOK KUMAR SUREKA,ASHOK KUMAR SUREKA,Stock Broker,"Nov 30, 1992 - Perpetual",,,
INB030075714,AJAY BHAUWALA,AJAY BHAUWALA & CO.,Stock Broker,"Nov 30, 1992 - Perpetual",,,
INB030075812,AJIT KUMAR PAL,AJIT KUMAR PAUL,Stock Broker,"Nov 30, 1992 - Perpetual",,,
INB030076018,JAGDISH PRASAD MAHESWARI,JAGDISH PRASAD MAHESWARI,Stock Broker,"Nov 30, 1992 - Perpetual",,,
INB030076312,LALIT KUMAR LAKHOTIA,L.K. LAKHOTIA,Stock Broker,"Nov 30, 1992 - Perpetual",,,
INB030076615,RAJESH SHAH,RAJESH SHAH & CO.,Stock Broker,"Nov 30, 1992 - Perpetual",,,
INB030076713,SUNDER LAL GUPTA,S.L. GUPTA,Stock Broker,"Nov 30, 1992 - Perpetual",,,
INB030078016,JANKI DAS MOHATA,JANKI DAS MOHATA,Stock Broker,"Nov 30, 1992 - Perpetual",,,
INB030078310,RAJ KARAN BACHHAWAT,BACHHAWAT & CO.,Stock Broker,"Nov 30, 1992 - Perpetual",,,
INB030078418,R.NARASIMHAN,R. NARASIMHAN,Stock Broker,"Nov 30, 1992 - Perpetual",,,
INB030078613,VINAY B.KAPADIA,V.B.KAPADIA & CO.,Stock Broker,"Nov 30, 1992 - Perpetual",,,
INB030078819,NAVNEET MOHTA,NAVNEET MOHTA,Stock Broker,"Nov 30, 1992 - Perpetual",,,
INB030079015,PRADEEP KUMAR KAPOOR,PRADEEP KUMAR KAPOOR,Stock Broker,"Nov 30, 1992 - Perpetual",,,
INB030079211,KAILASH CHANDRA KAPUR,KAILASH CHANDRA KAPUR,Stock Broker,"Nov 30, 1992 - Perpetual",,,
INB030085311,DHARAM PAL ARORA,DHARAM PAL ARORA,Stock Broker,"Mar 16, 1999 - Perpetual",,,
INB030124417,JAYESH P. KHANDWALA,JAYESH P. KHANDWALA,Stock Broker,"Oct 26, 1999 - Perpetual",,,
INB030185812,MOHAN KUMAR DHANUKA,M/S NAND KISHORE DHANUKA,Stock Broker,"Nov 23, 1994 - Perpetual",,,
INB030357311,LALITA JAIN,LALITA & CO.,Stock Broker,"Oct 19, 1995 - Perpetual",,,
INB030446928,KAMAL PAREKH,STEWART & CO.,Stock Broker,"Dec 22, 1992 - Perpetual",,,
INB030447026,UTSAV PAREKH,STEWART & CO.,Stock Broker,"Dec 22, 1992 - Perpetual",,,
INB030447124,SEVANTILAL ANOOPCHAND SHAH,STEWART & CO,Stock Broker,"Dec 22, 1992 - Perpetual",,,
INB030447222,RAJESH VARMA,VARMA & CO,Stock Broker,"Dec 22, 1992 - Perpetual",,,
INB030447525,DEO KISHAN MOHTA,PREM RATAN MOHTA & SONS,Stock Broker,"Dec 22, 1992 - Perpetual",,,
INB030447623,BIRENDRA KUMAR ROY,N.L.ROY & CO.,Stock Broker,"Dec 22, 1992 - Perpetual",,,
INB030447721,KARTICK CHANDRA DUTT,N.L.ROY & CO.,Stock Broker,"Dec 22, 1992 - Perpetual",,,
INB030447829,JAIHIND KABRA,SADASUKH KABRA & CO.,Stock Broker,"Dec 22, 1992 - Perpetual",,,
INB030448329,AMARESH MUKHERJEE,KISORYLAL MUKHERJEE,Stock Broker,"Dec 22, 1992 - Perpetual",,,
INB030448622,SHRAVAN KUMAR BAGLA,BAGLA & CO.,Stock Broker,"Dec 22, 1992 - Perpetual",,,
INB030448828,SHREE KRISHAN BAGLA,BAGLA & CO.,Stock Broker,"Dec 22, 1992 - Perpetual",,,
INB030449122,RADHESHYAM KHANDELWAL,BRIJNATH KHANDELWAL & CO.,Stock Broker,"Dec 22, 1992 - Perpetual",,,
INB030449220,SACHINDRA NATH NUNDY,B.K.NUNDY & SONS,Stock Broker,"Dec 22, 1992 - Perpetual",,,
INB030449328,PRASANTA NUNDY,B.K.NUNDY & SONS,Stock Broker,"Dec 22, 1992 - Perpetual",,,
INB030449729,SAWAL RAM SHROFF,SHROFF BROTHERS,Stock Broker,"Dec 22, 1992 - Perpetual",,,
INB030449827,SUDHINDRA MOHAN MITRA,S M MITRA,Stock Broker,"Dec 22, 1992 - Perpetual",,,
INB030450121,SUMIT MITRA,S. M. MITRA,Stock Broker,"Dec 22, 1992 - Perpetual",,,
INB030450327,GOPAL DAS BAGREE,GOPAL DAS BAGREE,Stock Broker,"Dec 22, 1992 - Perpetual",,,
INB030450522,VISHWANATH PRASAD TANDON,V. P. TANDON & CO.,Stock Broker,"Dec 22, 1992 - Perpetual",,,
INB030450620,ARUN KHANDELWAL,NARAYANDASS KHANDELWAL & CO.,Stock Broker,"Dec 22, 1992 - Perpetual",,,
INB030450728,TARUN KHANDELWAL,NARAYANDASS KHANDELWAL & CO.,Stock Broker,"Dec 22, 1992 - Perpetual",,,
INB030450826,PREMNATH KHANDELWAL,NARAYANDASS KHANDELWAL & CO.,Stock Broker,"Dec 22, 1992 - Perpetual",,,
INB030450924,DEBASISH RAY,A. ROY & CO.,Stock Broker,"Dec 22, 1992 - Perpetual",,,
INB030451022,GOVARDHAN DASS KEJRIWAL,PANNALAL KEJRIWAL,Stock Broker,"Dec 22, 1992 - Perpetual",,,
INB030451120,SHESH KARAN SINGHI,GOPAL DAS BAGREE,Stock Broker,"Dec 22, 1992 - Perpetual",,,
INB030451228,GIRISH S. MEHTA,MEHTA & AJMERA,Stock Broker,"Dec 22, 1992 - Perpetual",,,
INB030451326,HIMANSHU AJMERA,MEHTA & AJMERA,Stock Broker,"Dec 22, 1992 - Perpetual",,,
INB030451521,HIRALAL LAKHOTIA,LAKHOTIA & SONS,Stock Broker,"Dec 22, 1992 - Perpetual",,,
INB030471914,NARAIN PRASAD DALMIA,NARAIN PRASAD DALMIA,Stock Broker,"Jan 15, 1993 - Perpetual",,,
INB030473217,VINOD BAID,VINOD BAID & CO.,Stock Broker,"Jan 15, 1993 - Perpetual",,,
INB030474939,CANBANK FINANCIAL SERVICES LTD.,CANBANK FINANCIAL SERVICES LTD.,Stock Broker,"Jan 15, 1993 - Perpetual",,,
INB030475037,SBI CAPITAL MARKETS LTD.,SBI CAPITAL MARKETS LTD.,Stock Broker,"Jan 15, 1993 - Perpetual",,,
INB030475448,INDUSTRIAL FINANCE CORPO.OF INDIA,INDUSTRIAL FINANCE CORPO. OF INDIA,Stock Broker,"Jan 15, 1993 - Perpetual",,,
INB030482913,RADHESHYAM GOENKA,RADHESHYAM GOENKA,Stock Broker,"Jan 25, 1993 - Perpetual",,,
INB030483119,MATADIN GOENKA,MATADIN GOENKA,Stock Broker,"Jan 25, 1993 - Perpetual",,,
INB030483315,JAGDISH PRASAD BHALOTIA,J.P. BHALOTIA,Stock Broker,"Jan 25, 1993 - Perpetual",,,
INB030483413,HANUMAN PRASAD DHANUKA,HANUMAN PRASAD DHANUKA,Stock Broker,"Jan 25, 1993 - Perpetual",,,
INB030483618,BIMAL KUMAR CHIRIMAR,BIMAL KUMAR CHIRIMAR,Stock Broker,"Jan 25, 1993 - Perpetual",,,
INB030483716,NETAI CHAND SEAL,NETAI CHAND SEAL,Stock Broker,"Jan 25, 1993 - Perpetual",,,
INB030483912,HANUMAN PRASAD SARAF,HANUMAN PRASAD SARAF,Stock Broker,"Jan 25, 1993 - Perpetual",,,
INB030484010,HIRA LAL DAGA,HIRA LAL DAGA,Stock Broker,"Jan 25, 1993 - Perpetual",,,
INB030484118,DINENDRA NATH SIRCAR,DINENDRA NATH  SIRCAR,Stock Broker,"Jan 25, 1993 - Perpetual",,,
INB030484216,NIRENDRA NATH SARKAR,NIRENDRA NATH SARKAR,Stock Broker,"Jan 25, 1993 - Perpetual",,,
INB030484314,BHAGWATI PRASAD LOHIA,BHAGWATI PRASAD LOHIA,Stock Broker,"Jan 25, 1993 - Perpetual",,,
INB030484412,HEMENDRA L. ASHER,LAKHMIDASS DOYAL,Stock Broker,"Jan 25, 1993 - Perpetual",,,
INB030484519,HARI RAM KHANDELWAL,HARIRAM NAVEEN KUMAR,Stock Broker,"Jan 25, 1993 - Perpetual",,,
INB030484617,MOTILAL JALAN,MOTILAL JALAN,Stock Broker,"Jan 25, 1993 - Perpetual",,,
INB030484813,HARI RAM SHARMA,HARI RAM SHARMA,Stock Broker,"Jan 25, 1993 - Perpetual",,,
INB030485019,DINESH KUMAR KANORIA,DINESH KUMAR KANORIA,Stock Broker,"Jan 25, 1993 - Perpetual",,,
INB030485117,SHARDA CHARAN CHATURVEDI,S C CHATURVEDI,Stock Broker,"Jan 25, 1993 - Perpetual",,,
INB030485215,SUMAN K TRIVEDI,SUMAN K TRIVEDI,Stock Broker,"Jan 25, 1993 - Perpetual",,,
INB030485411,BHIM SEN CHATURVEDI,BHIM SEN CHATURVEDI,Stock Broker,"Jan 25, 1993 - Perpetual",,,
INB030485616,BADRI PRASAD PODDAR,HURDYAL SITARAM,Stock Broker,"Jan 25, 1993 - Perpetual",,,
INB030485714,NAND KUMAR PODDAR,NAND KUMAR PODDAR,Stock Broker,"Jan 25, 1993 - Perpetual",,,
INB030485812,RAJ GOPAL BANGUR,RAJ GOPAL BANGUR,Stock Broker,"Jan 25, 1993 - Perpetual",,,
INB030485910,KAMAL KUMAR NEOGI,N.C.NEOGI & CO.,Stock Broker,"Jan 25, 1993 - Perpetual",,,
INB030486116,DAVID ALBERT SILLIMAN,SILLIMAN & CO.,Stock Broker,"Jan 25, 1993 - Perpetual",,,
INB030486312,PAWAN KUMAR CHIRIMAR,PAWAN KUMAR CHIRIMAR,Stock Broker,"Jan 25, 1993 - Perpetual",,,
INB030486517,OMPRAKASH AGARWAL,OM PRAKASH AGARWAL,Stock Broker,"Jan 25, 1993 - Perpetual",,,
INB030486713,SHREE KUMAR MAJEJI,SHREE KUMAR MAJEJI,Stock Broker,"Jan 25, 1993 - Perpetual",,,
INB030487017,SAJAN KUMAR NATHANY,SAJAN  KUMAR NATHANY,Stock Broker,"Jan 25, 1993 - Perpetual",,,
INB030487213,MOHAN SWAROOP CHATURVEDI,MOHAN SWAROOP CHATURVEDI,Stock Broker,"Jan 25, 1993 - Perpetual",,,
INB030487311,MAHABIR PRASAD BUKREDIWALA,MAHABIR PRASAD BUKREDIWALA,Stock Broker,"Jan 25, 1993 - Perpetual",,,
INB030487419,SHANKAR LAL MODI,SHANKAR LAL MODI,Stock Broker,"Jan 25, 1993 - Perpetual",,,
INB030488016,RAJENDRA PRASAD SANGANERIA,RAJENDRA PRASAD SANGANERIA,Stock Broker,"Jan 25, 1993 - Perpetual",,,
INB030488212,BANWARI LAL KEJDIWAL,BANWARI LAL KEJDIWAL,Stock Broker,"Jan 25, 1993 - Perpetual",,,
INB030488310,HARALALL ROY,HARALALL ROY,Stock Broker,"Jan 25, 1993 - Perpetual",,,
INB030488418,JAGMOHAN KHEMKA,JAGMOHAN KHEMKA,Stock Broker,"Jan 25, 1993 - Perpetual",,,
INB030488515,DINESH KUMAR MEHROTRA,D.K.MEHROTRA,Stock Broker,"Jan 25, 1993 - Perpetual",,,
INB030488819,PURANMALL KEDIA,NAGARMALL PURANMALL,Stock Broker,"Jan 25, 1993 - Perpetual",,,
INB030488917,AJIT KHANDELWAL,AJIT KHANDELWAL,Stock Broker,"Jan 25, 1993 - Perpetual",,,
INB030489113,SUNIL KUMAR SARKAR,S.K.SARKAR & CO.,Stock Broker,"Jan 25, 1993 - Perpetual",,,
INB030489417,PRABHUDAS NARSI MANEK,PRABHUDAS NARSI MANEK,Stock Broker,"Jan 25, 1993 - Perpetual",,,
INB030489514,SHANKARLAL PASARI,SITARAM SHANKARLAL,Stock Broker,"Jan 25, 1993 - Perpetual",,,
INB030489710,ARUN KUMAR MUNDRA,A K MUNDRA,Stock Broker,"Jan 25, 1993 - Perpetual",,,
INB030489916,SREE GOPAL NATHANY,SREE GOPAL NATHANY,Stock Broker,"Jan 25, 1993 - Perpetual",,,
INB030490014,THANESHWAR PRASAD CHATURVEDI,T P CHATURVEDI,Stock Broker,"Jan 25, 1993 - Perpetual",,,
INB030490112,ATINDRANATH SARKAR,ATINDRANATH SARKAR,Stock Broker,"Jan 25, 1993 - Perpetual",,,
INB030490611,MURARILAL CHIRIMAR,MURARILAL CHIRIMAR,Stock Broker,"Jan 25, 1993 - Perpetual",,,
INB030490719,BIJAY KUMAR DHELIA,PANCHULAL DHELIA,Stock Broker,"Jan 25, 1993 - Perpetual",,,
INB030490915,ARJUN KUMAR ROY,ARJUN KUMAR ROY,Stock Broker,"Jan 25, 1993 - Perpetual",,,
INB030491219,NANDLAL KEJRIWAL,NANDLAL KEJRIWAL,Stock Broker,"Jan 25, 1993 - Perpetual",,,
INB030491415,ARUN KUMAR TULSYAN,ARUN KUMAR TULSYAN,Stock Broker,"Jan 25, 1993 - Perpetual",,,
INB030491718,SHREE KUMAR BANGUR,SHREE KUMAR BANGUR,Stock Broker,"Jan 25, 1993 - Perpetual",,,
INB030491816,BALBHADRA DAS BANGUR,BALBHADRA DAS BANGUR,Stock Broker,"Jan 25, 1993 - Perpetual",,,
INB030491914,KRISHNA KUMAR MIMANI,KRISHNA KUMAR MIMANI,Stock Broker,"Jan 25, 1993 - Perpetual",,,
INB030492110,VINAYCHANDRA  J. VORA,V. JAYANTILAL,Stock Broker,"Jan 25, 1993 - Perpetual",,,
INB030492218,BALLABH DASS DAGA,BALLABH DASS DAGA,Stock Broker,"Jan 25, 1993 - Perpetual",,,
INB030492628,ABHA CHANGOIWALA,GOPIKISHAN CHAMPALAL,Stock Broker,"Jan 25, 1993 - Perpetual",,,
INB030492824,DEVDUTT BASU,G.M. BOSU & CO.,Stock Broker,"Jan 25, 1993 - Perpetual",,,
INB030492911,SANDIP KAMPANI,SANDIP KAMPANI,Stock Broker,"Jan 25, 1993 - Perpetual",,,
INB030493039,HEMAL KAMPANI,VCK SHARE & STOCK BROKING SER.P.LTD,Stock Broker,"Jan 25, 1993 - Perpetual",,,
INB030493235,VARJIVAN C. KAMPANI,VCK SHARE & STOCK BROKING SER.P.LTD,Stock Broker,"Jan 25, 1993 - Perpetual",,,
INB030493812,PRADEEP PASARI,PRADEEP & CO.,Stock Broker,"Feb 15, 1999 - Perpetual",,,
INB030510318,AJIT KUMAR BHUWALKA,BHUWALKA & SONS.,Stock Broker,"Feb 25, 1993 - Perpetual",,,
INB030510513,NAND KISHORE PODDAR,NAND KISHORE PODDAR,Stock Broker,"Feb 25, 1993 - Perpetual",,,
INB030510817,SEWKARAN DHELIA,SEWKARAN DHELIA,Stock Broker,"Feb 25, 1993 - Perpetual",,,
INB030510915,NAND KISHORE DAGA,NAND KISHORE DAGA,Stock Broker,"Feb 25, 1993 - Perpetual",,,
INB030511219,CHANDI PRASAD MODI,CHANDI PRASAD MODI,Stock Broker,"Feb 25, 1993 - Perpetual",,,
INB030511512,JASVANTRAI SHETH,JASVANTRAI SHETH,Stock Broker,"Feb 25, 1993 - Perpetual",,,
INB030511816,MAHENDRA KUMAR CHIRIPAL,MAHENDRA KUMAR CHIRIPAL,Stock Broker,"Feb 25, 1993 - Perpetual",,,
INB030512218,GOPAL KRISHAN BHAIA,GOPAL KRISHAN BHAIA,Stock Broker,"Feb 25, 1993 - Perpetual",,,
INB030512316,GOKUL DASS BAGRI,GOKUL DASS BAGRI,Stock Broker,"Feb 25, 1993 - Perpetual",,,
INB030512414,NAWAL KISHORE KEJRIWAL,NAWAL KISHORE KEJRIWAL,Stock Broker,"Feb 25, 1993 - Perpetual",,,
INB030512511,HAR KISHORE KEJRIWAL,HAR KISHORE KEJRIWAL,Stock Broker,"Feb 25, 1993 - Perpetual",,,
INB030512619,JADAVJI L. MODHA,JADAVJI L. MODHA,Stock Broker,"Feb 25, 1993 - Perpetual",,,
INB030512717,INDERCHAND SURANA,INDERCHAND SURANA,Stock Broker,"Feb 25, 1993 - Perpetual",,,
INB030512913,SHEWRAM BERIWALA,SHEWRAM BERIWALA,Stock Broker,"Feb 25, 1993 - Perpetual",,,
INB030513011,SHUBHA KARAN LOHIA,SHUBHA KARAN LOHIA,Stock Broker,"Feb 25, 1993 - Perpetual",,,
INB030513119,BALLABH DAS DWARKANI,BALLABH DAS DWARKANI,Stock Broker,"Feb 25, 1993 - Perpetual",,,
INB030513217,BASANT KUMAR CHIRIMAR,BASANT KUMAR CHIRIMAR,Stock Broker,"Feb 25, 1993 - Perpetual",,,
INB030513315,CHANDRA KISHORE KEJRIWAL,CHANDRA KISHORE KEJRIWAL,Stock Broker,"Feb 25, 1993 - Perpetual",,,
INB030513413,DEEPCHAND NAHATA,DEEPCHAND NAHATA,Stock Broker,"Feb 25, 1993 - Perpetual",,,
INB030513618,PRABHU DAYAL TODI,P. TODI,Stock Broker,"Feb 25, 1993 - Perpetual",,,
INB030513814,RAJENDRA KUMAR SARAOGI,R.SARAOGI & CO.,Stock Broker,"Feb 25, 1993 - Perpetual",,,
INB030514412,BHOGILAL ANOPCHAND,SHAH & CO.,Stock Broker,"Feb 25, 1993 - Perpetual",,,
INB030514519,KRISHAN KUMAR JALAN,KRISHAN KUMAR JALAN,Stock Broker,"Feb 25, 1993 - Perpetual",,,
INB030514724,BENU GOPAL BANGUR,MUGNEERAM BANGUR & COMPANY,Stock Broker,"Feb 25, 1993 - Perpetual",,,
INB030514822,GOBINDLALL BANGUR,MUGNEERAM BANGUR & COMPANY,Stock Broker,"Feb 25, 1993 - Perpetual",,,
INB030515028,NARSING DASS BANGUR,MUGNEERAM BANGUR & CO.,Stock Broker,"Feb 25, 1993 - Perpetual",,,
INB030515126,MAHESH CHANDRA KHEMKA,D.P. KHEMKA,Stock Broker,"Feb 25, 1993 - Perpetual",,,
INB030528917,J.T. AMIRTHASINGH,J.T. AMIRTHASINGH & CO.,Stock Broker,"Nov 23, 1994 - Perpetual",,,
INB030548739,BLB SHARES & FINANCIAL SERV. LTD,BLB SHARES & FINANCIAL SERV. LTD,Stock Broker,"Jun 07, 1995 - Perpetual",,,
INB030552012,MAHADEO AGARWALA,MAHADEO AGARWALA,Stock Broker,"Dec 16, 1993 - Perpetual",,,
INB030555215,GAURI SHANKAR KAYAN,RAHUL & CO.,Stock Broker,"Jan 10, 1994 - Perpetual",,,
INB030556116,K.L. RAJGARHIA,K.RAJGARHIA & CO.,Stock Broker,"Jan 20, 1994 - Perpetual",,,
INB030556214,BIMAL KUMAR LILA,BIMAL & CO,Stock Broker,"Jan 20, 1994 - Perpetual",,,
INB030556713,KRISHNA MURARI KHANDELWAL,R KHANDELWAL & CO,Stock Broker,"Jan 20, 1994 - Perpetual",,,
INB030556811,SITARAM DAGA,SITARAM DAGA,Stock Broker,"Jan 20, 1994 - Perpetual",,,
INB030556919,VINOD KUMAR KEDIA,VINOD KUMAR KEDIA,Stock Broker,"Jan 20, 1994 - Perpetual",,,
INB030567339,CLASSIC SHR & STK BRKNG SERV  LTD,CLASSIC SHR &STK BRKNG SERV LTD,Stock Broker,"Feb 25, 1994 - Perpetual",,,
INB030570531,CPL SECURITIES PRIVATE LIMITED,CPL SECURITIES PRIVATE LIMITED,Stock Broker,"Mar 08, 1994 - Perpetual",,,
INB030570639,MEGA STOCKS LTD,MEGA STOCKS LTD,Stock Broker,"Mar 08, 1994 - Perpetual",,,
INB030578737,KLG SECUIRITIES LTD,KLG SECURITIES LTD,Stock Broker,"May 19, 1998 - Perpetual",,,
INB030581638,J.THOMAS INVESTMENT SERVICES PVT LT,J.THOMAS INVESTMENT SERVICES PVT LT,Stock Broker,"Apr 08, 1994 - Perpetual",,,
INB030604617,BHIKHAMCHAND LAMBORIA,B.C. LAMBORIA & CO,Stock Broker,"Jun 14, 1994 - Perpetual",,,
INB030604715,PRAMOD KUMAR MAHESHWARI,PRAMOD KUMAR MAHESHWARI & CO,Stock Broker,"Jun 14, 1994 - Perpetual",,,
INB030604911,KAMALA PRASAD BIHANI,K.P. BIHANI & CO,Stock Broker,"Jun 14, 1994 - Perpetual",,,
INB030605019,SATYA NARAYAN SUREKA,S.N. SUREKA & CO,Stock Broker,"Jun 14, 1994 - Perpetual",,,
INB030605313,SURYA KANT DALMIA,SURYA KANT DALMIA,Stock Broker,"Jun 14, 1994 - Perpetual",,,
INB030605616,ASHOK KUMAR JHAWAR,ASHOK JHAWAR & COMPANY,Stock Broker,"Jun 14, 1994 - Perpetual",,,
INB030605714,PRAKASH KUMAR MOHTA,PRAKASH MOHTA & CO,Stock Broker,"Jun 14, 1994 - Perpetual",,,
INB030605812,OM PRAKASH THARD,OM PRAKASH THARD,Stock Broker,"Jun 14, 1994 - Perpetual",,,
INB030606018,PAWAN KUMAR HARLALKA,PAWAN KUMAR HARLALKA,Stock Broker,"Jun 14, 1994 - Perpetual",,,
INB030606116,MAHESH KUMAR BALASARIA,MAHESH KUMAR BALASARIA,Stock Broker,"Jun 14, 1994 - Perpetual",,,
INB030606410,PAWAN KUMAR TODI,PAWAN KUMAR TODI,Stock Broker,"Jun 14, 1994 - Perpetual",,,
INB030621718,SANJAY PANSARI,SANJAY PANSARI,Stock Broker,"Jul 05, 1994 - Perpetual",,,
INB030622012,SHREE RATAN BAHETY,SHREE RATAN BAHETY,Stock Broker,"Jul 05, 1994 - Perpetual",,,
INB030657115,BIMAL KUMAR BARARIA,B.K. BARARIA,Stock Broker,"Nov 02, 1994 - Perpetual",,,
INB030657516,PRADEEP GOENKA,PRADEEP GOENKA & CO,Stock Broker,"Nov 02, 1994 - Perpetual",,,
INB030657712,VINOD KUMAR JAIN,V.K. JAIN & CO.,Stock Broker,"Nov 02, 1994 - Perpetual",,,
INB030657918,GOPI KRISHAN THARD,GOPI KRISHAN THARD,Stock Broker,"Nov 02, 1994 - Perpetual",,,
INB030658016,DILIP KUMAR KHANDELWAL,D.K. KHANDELWAL & CO,Stock Broker,"Nov 02, 1994 - Perpetual",,,
INB030658114,OM PRAKASH LADIA,OM PRAKASH LADIA & CO,Stock Broker,"Nov 02, 1994 - Perpetual",,,
INB030658212,BIJAY KUMAR DAGA,BIJAY KUMAR DAGA,Stock Broker,"Nov 02, 1994 - Perpetual",,,
INB030658310,GOPAL DAS CHANDAK,GOPAL DAS CHANDAK,Stock Broker,"Nov 02, 1994 - Perpetual",,,
INB030658418,GHANSHYAM TAPARIA,GHANSHYAM TAPARIA & CO,Stock Broker,"Nov 02, 1994 - Perpetual",,,
INB030658515,PRAVIN DIDWANIA,P. DIDWANIA & CO.,Stock Broker,"Nov 02, 1994 - Perpetual",,,
INB030658613,CHANDRAKANT PHUMBHRA,CHANDRAKANT & CO,Stock Broker,"Nov 02, 1994 - Perpetual",,,
INB030658711,GANESH KUMAR SINGHANIA,G K SINGHANIA & CO,Stock Broker,"Nov 02, 1994 - Perpetual",,,
INB030659015,GIRDHARI LAL SARAF,G L SARAF & CO,Stock Broker,"Nov 02, 1994 - Perpetual",,,
INB030659113,TARAL DOSHI,TARAL DOSHI,Stock Broker,"Nov 02, 1994 - Perpetual",,,
INB030659220,RAMESH J. MEHTA,CHUNILAL T.MEHTA,Stock Broker,"Nov 02, 1994 - Perpetual",,,
INB030659328,SUNIL KEDIA,SUNIL KEDIA,Stock Broker,"Nov 02, 1994 - Perpetual",,,
INB030664412,GHAN SHYAM DAS MOHATA,GHANSHYAM DAS MOHATA,Stock Broker,"Nov 23, 1994 - Perpetual",,,
INB030664519,MADANLAL BAFNA,MADAN BAFNA & CO.,Stock Broker,"Nov 23, 1994 - Perpetual",,,
INB030664813,SARITA DHANUKA,SARITA DHANUKA,Stock Broker,"Nov 23, 1994 - Perpetual",,,
INB030665019,ANVER HUSSAIN,ANVER HUSSAIN,Stock Broker,"Nov 23, 1994 - Perpetual",,,
INB030665117,BAL BINOD BAJORIA,B. B. BAJORIA & CO.,Stock Broker,"Nov 23, 1994 - Perpetual",,,
INB030665313,B.N. CHATURVEDI,CHATURVEDI & SONS,Stock Broker,"Nov 23, 1994 - Perpetual",,,
INB030665411,JAMNADAS L. SONPAL,JAMNADAS L. SONPAL,Stock Broker,"Nov 23, 1994 - Perpetual",,,
INB030665518,MAHESH GUPTA,SHANTI SWAROOP GUPTA,Stock Broker,"Nov 23, 1994 - Perpetual",,,
INB030665910,NARENDRA M PATEL,MATHURBHAI B PATEL,Stock Broker,"Nov 23, 1994 - Perpetual",,,
INB030666018,NANDLAL TANTIA,NANDLAL TANTIA,Stock Broker,"Nov 23, 1994 - Perpetual",,,
INB030666116,PURSHOTTAM DAS BERIWALA,PURSHOTTAM DAS BERIWALA,Stock Broker,"Nov 23, 1994 - Perpetual",,,
INB030666214,ROSHANLAL SINGHANIA,ROSHANLAL SINGHANIA,Stock Broker,"Nov 23, 1994 - Perpetual",,,
INB030666312,RAM RATAN SONIHALIA,RAM RATAN SONIHALIA,Stock Broker,"Nov 23, 1994 - Perpetual",,,
INB030666410,SHANTI SEAL,SHANTI SEAL,Stock Broker,"Nov 23, 1994 - Perpetual",,,
INB030666517,SATYA NARAYAN BHALOTIA,S BHALOTIA & CO,Stock Broker,"Nov 23, 1994 - Perpetual",,,
INB030666615,SHREE NARAYAN BAGLA,SHREE NARAYAN BAGLA,Stock Broker,"Nov 23, 1994 - Perpetual",,,
INB030666811,VIJAY SINGH BENGANI,VIJAY SINGH BENGANI,Stock Broker,"Nov 23, 1994 - Perpetual",,,
INB030666919,ARUN SHROFF,ARUN SHROFF,Stock Broker,"Nov 23, 1994 - Perpetual",,,
INB030667115,GITA MEHARA,GITA MEHARA,Stock Broker,"Nov 23, 1994 - Perpetual",,,
INB030667213,JAI KRISHAN JHUNJHUNWALA,J.K. JHUNJHUNWALA & CO,Stock Broker,"Nov 23, 1994 - Perpetual",,,
INB030667311,NAND GOPAL BANGUR,N G BANGUR & CO,Stock Broker,"Nov 23, 1994 - Perpetual",,,
INB030667419,OM PRAKASH TANTIA,OM PRAKASH TANTIA,Stock Broker,"Nov 23, 1994 - Perpetual",,,
INB030667516,PAWAN KUMAR SINGHANIA,P K SINGHANIA & CO,Stock Broker,"Nov 23, 1994 - Perpetual",,,
INB030667918,SHRUTI MOHTA,SHRUTI MOHTA,Stock Broker,"Nov 23, 1994 - Perpetual",,,
INB030668114,SUCHITRA NATHANY,SUCHITRA NATHANY,Stock Broker,"Nov 23, 1994 - Perpetual",,,
INB030668310,SHIV RATAN BHIWANIWALA,SHIV RATAN BHIWANIWALA,Stock Broker,"Nov 23, 1994 - Perpetual",,,
INB030668418,SASHI MEHRA,SASHI MEHRA,Stock Broker,"Nov 23, 1994 - Perpetual",,,
INB030668515,SHANKER LAL MARODIA,M MARODIA & CO,Stock Broker,"Nov 23, 1994 - Perpetual",,,
INB030668613,VIJAY SINGH KOTHARI,VIJAY SINGH KOTHARI,Stock Broker,"Nov 23, 1994 - Perpetual",,,
INB030668711,MOTILALL PYNE,G M PYNE,Stock Broker,"Nov 23, 1994 - Perpetual",,,
INB030669015,KAMAL PUGALIA,KAMAL PUGALIA,Stock Broker,"Nov 23, 1994 - Perpetual",,,
INB030669113,SATISH KUMAR KARNANI,S.K. KARNANI & CO.,Stock Broker,"Nov 23, 1994 - Perpetual",,,
INB030669319,VIDHAN DUGAR,VIDHAN DUGAR,Stock Broker,"Nov 23, 1994 - Perpetual",,,
INB030669417,INDER CHAND BAID,I.C. BAID & CO,Stock Broker,"Nov 23, 1994 - Perpetual",,,
INB030670112,RAMESH KUMAR SARAOGI,RAMESH KUMAR SARAOGI,Stock Broker,"Nov 23, 1994 - Perpetual",,,
INB030670318,NARAYAN PRASAD GOENKA,NARAYAN PRASAD GOENKA,Stock Broker,"Nov 23, 1994 - Perpetual",,,
INB030670719,RAJENDRA KEJRIWAL,RAJENDRA KEJRIWAL & CO.,Stock Broker,"Nov 23, 1994 - Perpetual",,,
INB030670915,KEDARNATH FATHEPURIA,K.N. FATEHPURIA & COMPANY,Stock Broker,"Nov 23, 1994 - Perpetual",,,
INB030671111,ANANDI LAL SHAH,ANANDI LAL SHAH,Stock Broker,"Nov 23, 1994 - Perpetual",,,
INB030671512,KAMAL KUMAR DUGAR,KAMAL KUMAR DUGAR & CO.,Stock Broker,"Nov 23, 1994 - Perpetual",,,
INB030671610,LALIT KUMAR MARODIA,LALIT KUMAR MARODIA,Stock Broker,"Nov 23, 1994 - Perpetual",,,
INB030671816,RAJEEV PHUMBHRA,RAJEEV PHUMBRA & CO.,Stock Broker,"Nov 23, 1994 - Perpetual",,,
INB030672218,MAHENDRA KUMAR BHAIA,NARSINGH DAS BHAIA & SONS,Stock Broker,"Nov 23, 1994 - Perpetual",,,
INB030672726,MAHADEO PRASAD BALASARIA,NIRAJ KUMAR BALASARIA,Stock Broker,"Nov 23, 1994 - Perpetual",,,
INB030672824,SUBRATA NUNDY,B.K. NUNDY & SONS,Stock Broker,"Nov 23, 1994 - Perpetual",,,
INB030684234,REGENCY SHARE & STOCK BROKERS LTD.,REGENCY SHARE & STOCK BROKERS LTD.,Stock Broker,"Jan 17, 1995 - Perpetual",,,
INB030684332,PRUDENTIAL STOCK BROKING SERVS.LTD.,PRUDENTIAL,Stock Broker,"Jan 17, 1995 - Perpetual",,,
INB030684813,SHARAD CHANDRA JHUNJHUNWALA,BADRIBISHAL CHIRANJILAL,Stock Broker,"Jan 17, 1995 - Perpetual",,,
INB030693618,RAJESH CHIRIMAR,RAJESH & CO,Stock Broker,"Feb 07, 1995 - Perpetual",,,
INB030693716,GORDHAN  DAS KOTHARI,GORDHAN DAS KOTHARI,Stock Broker,"Feb 07, 1995 - Perpetual",,,
INB030693823,SHIV KISHAN SARAF,SITARAM MAHABIRPRASAD & CO,Stock Broker,"Feb 07, 1995 - Perpetual",,,
INB030700513,PAWAN KUMAR SULTANIA,SHYAM LAL SULTANIA,Stock Broker,"Mar 15, 1995 - Perpetual",,,
INB030700737,DAYCO SECURITIES PRIVATE LIMITED,DAYCO SECURITIES PRIVATE LIMITED,Stock Broker,"Mar 15, 1995 - Perpetual",,,
INB030707017,RAJ KUMAR SHROFF,RAJ KUMAR SHROFF,Stock Broker,"Mar 31, 1995 - Perpetual",,,
INB030707213,ALOK PRAKASH PODDAR,M/S ALOK PODDAR & CO,Stock Broker,"Mar 31, 1995 - Perpetual",,,
INB030707311,INDER CHAND BHANDARI,M/S I.C. BHANDARI & CO.,Stock Broker,"Mar 31, 1995 - Perpetual",,,
INB030707632,BUBNA STOCK BROKING SERVS LTD,M/S BUBNA STOCK BROKING SERVS LTD,Stock Broker,"Mar 31, 1995 - Perpetual",,,
INB030707730,GLOBAL STOCK BROKING SERVICES P LTD,GLOBAL STOCK BROKING SERVICES P LTD,Stock Broker,"Mar 31, 1995 - Perpetual",,,
INB030723832,BAJAJ PORTFOLIO SERVICES PVT LTD,BAJAJ PORTFOLIO SERVICES PVT LTD,Stock Broker,"Jun 07, 1995 - Perpetual",,,
INB030723930,WIDEANGLE FINANCIAL SERVICES LTD,WIDEANGLE FINANCIAL SERVICES LTD,Stock Broker,"Jun 07, 1995 - Perpetual",,,
INB030724136,GINNI SECURITIES LTD.,GINNI SECURITIES LTD.,Stock Broker,"Jun 07, 1995 - Perpetual",,,
INB030724715,DILIP KUMAR GOENKA,DILIP KUMAR GOENKA,Stock Broker,"Jun 07, 1995 - Perpetual",,,
INB030724813,RAMESH KUMAR GOENKA,RAMESH KUMAR GOENKA & CO.,Stock Broker,"Jun 07, 1995 - Perpetual",,,
INB030725019,SARWAN KUMAR SABOO,SARWAN KUMAR SABOO,Stock Broker,"Jun 07, 1995 - Perpetual",,,
INB030757133,K.C. SOMANI STK BROKING SER.(P)LTD.,K.C. SOMANI STK BROKING SER.(P)LTD.,Stock Broker,"Aug 08, 1995 - Perpetual",,,
INB030757231,SHREE HARIVANSHA SECURITIES (P)LTD.,SHREE HARIVANSHA SECURITIES (P)LTD.,Stock Broker,"Aug 08, 1995 - Perpetual",,,
INB030757339,SOMANI STOCK BROKING PVT. LTD.,SOMANI STOCK BROKING PVT. LTD.,Stock Broker,"Aug 08, 1995 - Perpetual",,,
INB030757437,KANDOI SECURITIES PVT. LTD.,KANDOI SECURITIES PVT. LTD.,Stock Broker,"Aug 08, 1995 - Perpetual",,,
INB030757632,RKDK CAPITAL MARKET LTD,RKDK CAPITAL MARKET LTD,Stock Broker,"Aug 08, 1995 - Perpetual",,,
INB030757838,SOMANI & SOMANI STK BROK SER.(P)LTD,SOMANI & SOMANI STK BROK SER.(P)LTD,Stock Broker,"Aug 08, 1995 - Perpetual",,,
INB030761816,SURESH KUMAR FOGLA,SURESH KUMAR FOGLA,Stock Broker,"Aug 30, 1995 - Perpetual",,,
INB030762110,SUBHASH BAHETI,SUBHASH BAHETI & CO.,Stock Broker,"Aug 30, 1995 - Perpetual",,,
INB030763538,B.K.C. SECURITIES & SHARE (P) LTD.,B.K.C. SECURITIES & SHARE (P) LTD.,Stock Broker,"Feb 14, 1994 - Perpetual",,,
INB030764816,AJAY JAIN,AJAY JAIN,Stock Broker,"Feb 01, 2000 - Perpetual",,,
INB030766312,MAN MOHAN DAMANI,MAN MOHAN DAMANI,Stock Broker,"Aug 30, 1995 - Perpetual",,,
INB030766438,MCC STOCK & SHARES BROKERS (P) LTD.,MCC STOCK & SHARES BROKERS (P) LTD.,Stock Broker,"Feb 14, 1994 - Perpetual",,,
INB030776836,ACCORD CAPITAL MARKETS LTD,ACCORD CAPITAL MARKETS LTD.,Stock Broker,"Jan 03, 2001 - Perpetual",,,
INB030795135,ELBEE SECURITIES PVT. LIMITED,ELBEE SECURITIES PVT. LIMITED,Stock Broker,"Oct 06, 1995 - Perpetual",,,
INB030795233,PARAMOUNT STOCK & SHARE BRO.SER.LTD,PARAMOUNT STOCK & SHARE BRO.SER.LTD,Stock Broker,"Oct 06, 1995 - Perpetual",,,
INB030795331,DVS STOCK & SHARE BROKING (P) LTD.,DVS STOCK & SHARE BROKING (P) LTD.,Stock Broker,"Oct 06, 1995 - Perpetual",,,
INB030795536,LAKSHMI STOCK BROKING (P) LTD.,LAKSHMI STOCK BROKING (P) LTD.,Stock Broker,"Oct 06, 1995 - Perpetual",,,
INB030795812,DINESH KUMAR BANGUR,DEOKINANDAN BANGUR & CO.,Stock Broker,"Oct 06, 1995 - Perpetual",,,
INB030795910,JATAN DEVI NAHATA,MAHAL CHAND NAHATA,Stock Broker,"Oct 06, 1995 - Perpetual",,,
INB030796018,BHAGIRATH PASARI,M/S BHAGIRATH PASARI,Stock Broker,"Oct 06, 1995 - Perpetual",,,
INB030798034,BKM STOCK BROKERS PVT. LTD.,BKM STOCK BROKERS PVT. LTD.,Stock Broker,"Oct 06, 1995 - Perpetual",,,
INB030798132,ANAND SHARE BROKING (P) LTD.,ANAND SHARE BROKING (P) LTD.,Stock Broker,"Oct 06, 1995 - Perpetual",,,
INB030798310,SRI PARMESHWAR DAYAL MATHRAN,M/S P.D. MATHRAN & CO.,Stock Broker,"Oct 06, 1995 - Perpetual",,,
INB030798515,AMAR TODI,AMAR TODI,Stock Broker,"Oct 06, 1995 - Perpetual",,,
INB030804332,BPS SECURITIES PVT LTD.,BPS SECURITIES PVT LTD.,Stock Broker,"May 20, 1996 - Perpetual",,,
INB030808739,DEWRA STOCKS & SEC. PVT. LTD.,DEWRA STOCKS & SEC. PVT. LTD.,Stock Broker,"Oct 19, 1995 - Perpetual",,,
INB030809113,RAGHU RAM KEJRIWAL,RAGHU RAM KEJRIWAL,Stock Broker,"Oct 19, 1995 - Perpetual",,,
INB030827419,KAMAL KISHORE PAHARIA,M/S K.K. PAHARIA & CO.,Stock Broker,"Nov 22, 1995 - Perpetual",,,
INB030827516,PRAKASH CHAND BAID,PRAKASH CHAND BAID,Stock Broker,"Nov 22, 1995 - Perpetual",,,
INB030827810,SPAN STOCK BROKING PVT. LIMITED,SPAN STOCK BROKING PVT. LIMITED,Stock Broker,"Nov 22, 1995 - Perpetual",,,
INB030859814,PRADEEP KUMAR BANSAL,PRADEEP KUMAR BANSAL,Stock Broker,"Jan 12, 2000 - Perpetual",,,
INB030878338,KANODIA STOCK BROKING (P) LTD,KANODIA STOCK BROKING (P) LTD,Stock Broker,"Feb 06, 1996 - Perpetual",,,
INB030878436,JCD STOCK BROKERS PVT. LTD.,JCD STOCK BROKERS PVT. LTD.,Stock Broker,"Feb 06, 1996 - Perpetual",,,
INB030878533,CITIZEN SECURITIES (P) LTD.,CITIZEN SECURITIES (P) LTD.,Stock Broker,"Feb 06, 1996 - Perpetual",,,
INB030878631,KAMANI STOCK BROKING SERVS PVT. LTD,KAMANI STOCK BROKING SERVS PVT. LTD,Stock Broker,"Feb 06, 1996 - Perpetual",,,
INB030878739,H.M.F. STOCK BROKING PVT. LTD.,H.M.F. STOCK BROKING PVT. LTD.,Stock Broker,"Feb 06, 1996 - Perpetual",,,
INB030879033,TRANS ASIA STOCK SERVICES (P) LTD.,TRANS ASIA STOCK SERVICES (P) LTD.,Stock Broker,"Feb 06, 1996 - Perpetual",,,
INB030879239,STENLY SECURITIES LIMITED,STENLY SECURITIES LIMITED,Stock Broker,"Feb 06, 1996 - Perpetual",,,
INB030879337,C. MACKERTICH LTD.,C. MACKERTICH LTD.,Stock Broker,"Feb 06, 1996 - Perpetual",,,
INB030879514,BIJAY SHROFF,BIJAY SHROFF,Stock Broker,"Feb 06, 1996 - Perpetual",,,
INB030879612,NILESH KUMAR TIWARY,N K TIWARY,Stock Broker,"Feb 06, 1996 - Perpetual",,,
INB030883119,TULSI KUMAR DUGAR,T.K. DUGAR & CO.,Stock Broker,"Feb 27, 1996 - Perpetual",,,
INB030883333,INVESTECH SECURITIES PVT. LIMITED,INVESTECH SECURITIES PVT. LIMITED,Stock Broker,"Feb 27, 1996 - Perpetual",,,
INB030883431,PREMIER STK BRO FIN. SER. (P) LTD.,PREMIER STK BRO FIN. SER. (P) LTD.,Stock Broker,"Feb 27, 1996 - Perpetual",,,
INB030883538,SHYAMJI SECURITIES PVT. LIMITED,SHYAMJI SECURITIES PVT. LIMITED,Stock Broker,"Feb 27, 1996 - Perpetual",,,
INB030883636,KKS SHARE BROKERS LIMITED,KKS SHARE BROKERS LIMITED,Stock Broker,"Feb 27, 1996 - Perpetual",,,
INB030904136,JCG SECURITIES (P) LTD.,JCG SECURITIES (P) LTD.,Stock Broker,"Apr 04, 1996 - Perpetual",,,
INB030904234,GCS CAPITAL MARKETS (P) LTD.,GCS CAPITAL MARKETS (P) LTD.,Stock Broker,"Apr 04, 1996 - Perpetual",,,
INB030904519,BASANT KUMAR SANGANERIA,BASANT KUMAR SANGANERIA,Stock Broker,"Apr 04, 1996 - Perpetual",,,
INB030904617,ASHOK KUMAR SHARDA,ASHOK KUMAR SHARDA,Stock Broker,"Apr 04, 1996 - Perpetual",,,
INB030904715,ARUN KUMAR SHARDA,ARUN KUMAR SHARDA,Stock Broker,"Apr 04, 1996 - Perpetual",,,
INB030910933,BAFNA SECURITIES PRIVATE LTD.,BAFNA SECURITIES PRIVATE LTD.,Stock Broker,"May 20, 1996 - Perpetual",,,
INB030911031,MUDRA STOCKS PRIVATE LTD,MUDRA STOCKS PRIVATE LTD,Stock Broker,"May 20, 1996 - Perpetual",,,
INB030911237,RCT SECURITIES PRIVATE LIMITED,RCT SECURITIES PRIVATE LIMITED,Stock Broker,"May 20, 1996 - Perpetual",,,
INB030911335,SUYASH CAPITAL SERVICES LTD,SUYASH CAPITAL SERVICES LTD,Stock Broker,"May 20, 1996 - Perpetual",,,
INB030919239,MAGMA SECURITIES PRIVATE LIMITED,MAGMA SECURITIES PRIVATE LIMITED,Stock Broker,"Jun 12, 1996 - Perpetual",,,
INB030919337,SPA STOCK & SECURITIES P LTD,SPA STOCK & SECURITIES P LTD,Stock Broker,"Jun 12, 1996 - Perpetual",,,
INB030920611,ISWARI PRASAD PODDAR,ISWARI PODDAR & SONS,Stock Broker,"Jun 20, 1996 - Perpetual",,,
INB030930817,SHRI KISHAN JHUNJHUNWALA,S.K. JHUNJHUNWALA,Stock Broker,"Aug 06, 1996 - Perpetual",,,
INB030930915,GOURANGA MITRA,GOURANGA MITRA,Stock Broker,"Aug 06, 1996 - Perpetual",,,
INB030931013,MR. DIGVIJAY JAGJIVAN,DIGVIJAY J. SHAH,Stock Broker,"Aug 06, 1996 - Perpetual",,,
INB030931111,NARAYAN DAS MOHTA,M/S N.D. MOHTA & CO,Stock Broker,"Aug 06, 1996 - Perpetual",,,
INB030932334,DABRIWALA SECURITIES LIMITED,DABRIWALA SECURITIES LIMITED,Stock Broker,"Aug 26, 1996 - Perpetual",,,
INB030936018,MUKUL BHATTACHARJEE,MUKUL BHATTACHARJEE,Stock Broker,"Sep 18, 1996 - Perpetual",,,
INB030942815,LALIT CHHAWCHHARIA,LALIT CHHAWCHHARIA,Stock Broker,"Nov 21, 1996 - Perpetual",,,
INB030943039,MSV SHARE & STOCK BROKERS LTD,MSV SHARE & STOCK BROKERS LTD,Stock Broker,"Nov 21, 1996 - Perpetual",,,
INB030945019,JITENDRA KUMAR BOTHRA,SAMPATMALL BOTHRA,Stock Broker,"Nov 29, 1996 - Perpetual",,,
INB030946535,A K STOCK BROKING SERVICES (P) LTD,A K STOCK BROKING SERVICES (P) LTD,Stock Broker,"Dec 06, 1996 - Perpetual",,,
INB030946633,STAR BROKING PRIVATE LIMITED,STAR BROKING PRIVATE LIMITED,Stock Broker,"Dec 06, 1996 - Perpetual",,,
INB030947712,DEEPAK CHOUDHURY,DEEPAK CHOUDHURY,Stock Broker,"Dec 13, 1996 - Perpetual",,,
INB030948114,MUKESH DOKANIA,MUKESH DOKANIA & CO.,Stock Broker,"Dec 13, 1996 - Perpetual",,,
INB030948212,VINOD KUMAR RATHI,VINOD KUMAR RATHI & CO.,Stock Broker,"Dec 13, 1996 - Perpetual",,,
INB030948310,RAJEEV JHUNJHUNWALA,RAJEEV JHUNJHUNWALA,Stock Broker,"Dec 13, 1996 - Perpetual",,,
INB030949211,LADHU RAM PANSARI,LADHU RAM PANSARI,Stock Broker,"Dec 17, 1996 - Perpetual",,,
INB030949532,SIKARIA SHARE & STOCK BROK.SER.P.LT,SIKARIA SHARE & STOCK BROK.SER.P.LT,Stock Broker,"Dec 20, 1996 - Perpetual",,,
INB030950130,BKG STK & SHARE BROKING SER. P LTD,BKG STK & SHARE BROKING SER. P LTD,Stock Broker,"Dec 27, 1996 - Perpetual",,,
INB030951718,KAMAL KUMAR KOTHARI,KAMAL KUMAR KOTHARI,Stock Broker,"Jan 14, 1997 - Perpetual",,,
INB030951914,RAM MOHTA,RAM MOHTA,Stock Broker,"Jan 14, 1997 - Perpetual",,,
INB030952012,SANTOSH KUMAR CHAUDHARY,SANTOSH KUMAR CHAUDHARY,Stock Broker,"Jan 14, 1997 - Perpetual",,,
INB030952110,VIJAY KUMAR JALAN,M/S VIJAY JALAN & CO,Stock Broker,"Jan 14, 1997 - Perpetual",,,
INB030953431,KOHINOOR STOCKBROKING (P) LTD,KOHINOOR STOCKBROKING (P) LTD,Stock Broker,"Feb 06, 1997 - Perpetual",,,
INB030955732,TACKEL STOCK BROKING SERV. PVT LTD,TACKEL STOCK BROKING SERV. PVT LTD,Stock Broker,"Mar 06, 1997 - Perpetual",,,
INB030958917,SUSHIM KUMAR PODDAR,S K PODDAR & CO,Stock Broker,"Apr 03, 1997 - Perpetual",,,
INB030965439,TOSHITH SECURITIES PVT LTD,TOSHITH SECURITIES PVT LTD,Stock Broker,"Jun 10, 1997 - Perpetual",,,
INB030966811,BIMAL KUMAR BEDI,BIMAL KUMAR BEDI,Stock Broker,"Jun 10, 1997 - Perpetual",,,
INB030967115,BIMAL KUMAR PATODIA,BIMAL KUMAR PATODIA,Stock Broker,"Jul 09, 1997 - Perpetual",,,
INB030967419,SAJENDRA MOOKIM,SAJENDRA MOOKIM,Stock Broker,"Jul 09, 1997 - Perpetual",,,
INB030972218,MUKESH R THANKY,MUKESH R THANKY,Stock Broker,"Nov 12, 1997 - Perpetual",,,
INB030972414,BASANT KUMAR GOENKA,BASANT GOENKA & CO,Stock Broker,"Nov 12, 1997 - Perpetual",,,
INB030972511,AMIT SARAF,AMIT SARAF,Stock Broker,"Nov 12, 1997 - Perpetual",,,
INB030972717,SUDHIR KUMAR JAIN,SUDHIR KUMAR JAIN,Stock Broker,"Nov 12, 1997 - Perpetual",,,
INB030972931,KPC SECURITIES PVT LTD,KPC SECURITIES PVT LTD,Stock Broker,"Nov 12, 1997 - Perpetual",,,
INB030974733,GKK CAPITAL MARKETS PVT LTD,GKK CAPITAL MARKETS PVT LTD,Stock Broker,"Nov 28, 1997 - Perpetual",,,
INB030974831,AEKAY SECURITIES LTD,AEKAY SECURITIES LTD,Stock Broker,"Nov 28, 1997 - Perpetual",,,
INB030974911,ASHA TODI,ASHA TODI,Stock Broker,"Nov 28, 1997 - Perpetual",,,
INB030978837,M.M.MURARKA SHARES&SECURITIES P.L.,M.M.MURARKA SHARES&SECURITIES P.L.,Stock Broker,"Dec 19, 1997 - Perpetual",,,
INB030978935,KBM STOCKBROKING SERVICES PVT.LTD.,KBM STOCKBROKING SERVICES PVT.LTD.,Stock Broker,"Dec 19, 1997 - Perpetual",,,
INB031002430,GKN CAPITAL SERVICES PRIVATE LIMITED,GKN CAPITAL SERVICES PRIVATE LIMITED,Stock Broker,"May 31, 2000 - Perpetual",,,
INB031017133,KHEMANI SECURITIES PVT. LTD.,KHEMANI SECURITIES PVT. LTD.,Stock Broker,"Jan 28, 1998 - Perpetual",,,
INB031017339,EXCELLENT STOCK BROKING SERVICES PV,EXCELLENT STOCK BROKING SERVICES PV,Stock Broker,"Jan 28, 1998 - Perpetual",,,
INB031017437,KCGP SHARE BROKING SERVICES PVT.LTD,KCGP SHARE BROKING SERVICES PVT.LTD,Stock Broker,"Dec 31, 1997 - Perpetual",,,
INB031017534,AGBROS SECURITIES PVT. LTD.,AGBROS SECURITIES PVT. LTD.,Stock Broker,"Jan 28, 1998 - Perpetual",,,
INB031017632,LEXUS SHARES & STOCK BROKERS PVT.LT,LEXUS SHARES & STOCK BROKERS PVT.LT,Stock Broker,"Dec 31, 1997 - Perpetual",,,
INB031017730,RAMA SECURITIES PVT. LTD.,RAMA SECURITIES PVT. LTD.,Stock Broker,"Dec 31, 1997 - Perpetual",,,
INB031018230,VARMA STOCK BROKING PVT. LTD.,VARMA STOCK BROKING PVT. LTD.,Stock Broker,"Jan 28, 1998 - Perpetual",,,
INB031018338,VPT SECURITIES PVT. LTD.,VPT SECURITIES PVT. LTD.,Stock Broker,"Dec 31, 1997 - Perpetual",,,
INB031018436,SKC SHARE & STOCK BROKING SERVICES PVT.LTD.,SKC SHARE & STOCK BROKING SERVICES  PVT.LTD.,Stock Broker,"Jan 28, 1998 - Perpetual",,,
INB031018533,SURAJ GLOBAL CAPITAL LTD.,SURAJ GLOBAL CAPITAL LTD.,Stock Broker,"Jan 28, 1998 - Perpetual",,,
INB031018631,GKCL STOCK BROKING PVT. LTD.,GKCL STOCK BROKING PVT. LTD.,Stock Broker,"Dec 31, 1997 - Perpetual",,,
INB031018739,ASIAN SECURITIES EXCHANGE PVT.LTD.,ASIAN SECURITIES EXCHANGE PVT.LTD.,Stock Broker,"Jan 28, 1998 - Perpetual",,,
INB031018837,SHRADDHA STOCK BROKING PVT. LTD.,SHRADDHA STOCK BROKING PVT. LTD.,Stock Broker,"Dec 31, 1997 - Perpetual",,,
INB031018935,SINGHANIA BROTHERS  LTD.,SINGHANIA BROTHERS  LTD.,Stock Broker,"Dec 31, 1997 - Perpetual",,,
INB031024616,NARENDRA KEJRIWAL,NARENDRA KEJRIWAL,Stock Broker,"Mar 31, 1998 - Perpetual",,,
INB031024715,VIMAL KUMAR CHAUDHARY,VIMAL KUMAR J CHAUDHARY,Stock Broker,"Mar 31, 1998 - Perpetual",,,
INB031027213,ADARSH KUMAR HALWASIYA,ADARSH KUMAR HALWASIYA,Stock Broker,"Apr 15, 1998 - Perpetual",,,
INB031032437,ANC SECURITIES LTD,ANC SECURITIES LTD,Stock Broker,"Jun 09, 1998 - Perpetual",,,
INB031032718,SHANTI PRASAD RAKHECHA,S P RAKHECHA & CO,Stock Broker,"Jun 09, 1998 - Perpetual",,,
INB031033237,PARKLIGHT SECURITIES LTD.,PARKLIGHT SECURITIES LTD.,Stock Broker,"Sep 29, 2000 - Perpetual",,,
INB031034730,GAJANAN STOCK BROKING & SERVICES PVT LTD,GAJANAN STOCK BROKING & SERVICES PVT LTD,Stock Broker,"Jul 15, 1998 - Perpetual",,,
INB031036016,NEELAM SONTHALIA,NEELAM SONTHALIA,Stock Broker,"Jul 28, 1998 - Perpetual",,,
INB031036412,SANTOSH KUMAR MERTIA,S. K. MERTIA & CO.,Stock Broker,"Jul 28, 1998 - Perpetual",,,
INB031036511,ALOK KUMAR CHOWDHARY,ALOK KUMAR CHOWDHARY,Stock Broker,"Jul 28, 1998 - Perpetual",,,
INB031037915,CHANDI PRASAD SIKARI,C.P.SIKARI & CO,Stock Broker,"Sep 08, 1998 - Perpetual",,,
INB031038012,DINESH GUPTA,DINESH GUPTA,Stock Broker,"Sep 08, 1998 - Perpetual",,,
INB031038913,NARESH CHAND CHANDAK,NARESH CHAND CHANDAK,Stock Broker,"Sep 16, 1998 - Perpetual",,,
INB031039010,BIPIN KUMAR BAJAJ,B.K.BAJAJ & CO.,Stock Broker,"Sep 16, 1998 - Perpetual",,,
INB031041438,SOM DATT OVERSEAS LTD.,SOM DATT OVERSEAS LTD.,Stock Broker,"May 04, 2000 - Perpetual",,,
INB031049431,LNS CAPITAL MARKET PVT. LTD.,LNS CAPITAL MARKET PVT. LTD.,Stock Broker,"Feb 03, 1999 - Perpetual",,,
INB031049530,GOVINDA STOCK & SECURITIES PVT.LTD.,GOVINDA STOCK & SECURITIES PVT. LTD.,Stock Broker,"Feb 03, 1999 - Perpetual",,,
INB031049639,KCA STOCK BROKING PVT. LTD.,KCA STOCK BROKING PVT. LTD.,Stock Broker,"Feb 03, 1999 - Perpetual",,,
INB031049738,HERALD EQUITIES PVT.LTD.,HERALD EQUITIES PVT.LTD.,Stock Broker,"Feb 03, 1999 - Perpetual",,,
INB031050934,G.M.BOSU & CO. PVT. LTD.,G.M.BOSU & CO.PVT. LTD.,Stock Broker,"Feb 15, 1999 - Perpetual",,,
INB031051031,JALAN SHARE BROKING SERVICES PVT.LTD.,JALAN SHARE BROKING SERVICES PVT.LTD.,Stock Broker,"Feb 15, 1999 - Perpetual",,,
INB031051239,SHIVAM STOCK BROKING PVT. LTD.,SHIVAM STOCK BROKING PVT. LTD.,Stock Broker,"Feb 15, 1999 - Perpetual",,,
INB031051338,FIX FIT SECURITIES PVT. LTD.,FIX FIT SECURITIES PVT. LTD.,Stock Broker,"Feb 15, 1999 - Perpetual",,,
INB031051437,TITAN STOCK BROKING PVT. LTD.,TITAN STOCK BROKING PVT. LTD.,Stock Broker,"Feb 15, 1999 - Perpetual",,,
INB031056014,ROOP CHAND TOSNIWAL,ROOP CHAND TOSNIWAL,Stock Broker,"May 05, 1999 - Perpetual",,,
INB031057038,INDOVISION STOCK BROKING SERVICES PVT. LTD.,INDOVISION STOCK BROKING SERVICES PVT. LTD.,Stock Broker,"May 25, 1999 - Perpetual",,,
INB031058010,SHREE KANT LADIA,M/S. SHREE KANT LADIA,Stock Broker,"Jun 09, 1999 - Perpetual",,,
INB031061014,BIMAL KUMAR KHAITAN,MATADIN KHAITAN & CO.,Stock Broker,"Aug 06, 1999 - Perpetual",,,
INB031061337,S.R.STOCK BROKING PVT.LTD.,S.R.STOCK BROKING PVT. LTD.,Stock Broker,"Aug 13, 1999 - Perpetual",,,
INB031064810,SAJAN AGARWAL,SAJAN AGARWAL,Stock Broker,"Sep 21, 1999 - Perpetual",,,
INB031064919,ALOKE SATNALIWALA,A. SATNALIWALA & CO.,Stock Broker,"Sep 21, 1999 - Perpetual",,,
INB031066419,SULTAN OSMAN,SULTAN OSMAN & CO.,Stock Broker,"Oct 20, 1999 - Perpetual",,,
INB031066518,KISHAN KUMAR KHANDELWAL,PARASNATH KHANDELWAL,Stock Broker,"Oct 20, 1999 - Perpetual",,,
INB031066617,ANJU JHUNJHUNWALA,JHUNJHUNWALA BROS,Stock Broker,"Oct 20, 1999 - Perpetual",,,
INB031068118,PANKAJ D. SHAH,PANKAJ D. SHAH,Stock Broker,"Nov 03, 1999 - Perpetual",,,
INB031070411,DEEPAK JHUNJHUNWALA,DEEPAK JHUNJHUNWALA & CO.,Stock Broker,"Dec 09, 1999 - Perpetual",,,
INB031070510,ANJANI KUMAR DHANUKA,ANJANI KUMAR DHANUKA & CO.,Stock Broker,"Dec 09, 1999 - Perpetual",,,
INB031071930,ANAND RATHI SECURITIES PVT. LTD.,ANAND RATHI SECURITIES PVT. LTD.,Stock Broker,"Aug 30, 2000 - Perpetual",,,
INB031072516,AMOD KUMAR KHANDELWAL,AMOD KUMAR KHANDELWAL,Stock Broker,"Dec 15, 1999 - Perpetual",,,
INB031072912,PRAMOD KUMAR AGARWAL,P.K.AGARWAL & CO.,Stock Broker,"Dec 21, 1999 - Perpetual",,,
INB031073019,MUKESH BABU,MUKESH BABU,Stock Broker,"Dec 21, 1999 - Perpetual",,,
INB031073613,SUKHBIR AGARWAL,SUKHBIR AGARWAL,Stock Broker,"Jan 12, 2000 - Perpetual",,,
INB031075915,SHREE NARAYAN JALAN,SHREE NARAYAN JALAN,Stock Broker,"Feb 09, 2000 - Perpetual",,,
INB031077234,GOLDY SECURITIES PVT. LTD.,GOLDY SECURITIES PVT. LTD.,Stock Broker,"Feb 26, 2002 - Perpetual",,,
INB031078216,VIJAY KUMAR PATNI,VIJAY KUMAR PATNI,Stock Broker,"Feb 25, 2000 - Perpetual",,,
INB031079917,LAKSHMI NIWAS BANGUR,LAKSHMI NIWAS BANGUR,Stock Broker,"Mar 07, 2000 - Perpetual",,,
INB031080014,ALKA BANGUR,ALKA BANGUR,Stock Broker,"Mar 07, 2000 - Perpetual",,,
INB031080311,RAMESH KUMAR BAJAJ,RAMESH KUMAR BAJAJ,Stock Broker,"Mar 07, 2000 - Perpetual",,,
INB031080410,RABINDRA KUMAR DAMANI,RABINDRA KUMAR DAMANI,Stock Broker,"Mar 07, 2000 - Perpetual",,,
INB031081517,KAMAL KUMAR G. JALAN,KAMAL KUMAR G. JALAN,Stock Broker,"Mar 07, 2000 - Perpetual",,,
INB031085518,YASHWANT KUMAR TOLIA,YASHWANT KUMAR TOLIA,Stock Broker,"Apr 06, 2000 - Perpetual",,,
INB031085617,UMESH KUMAR KAMANI,UMESH KUMAR KAMANI,Stock Broker,"Apr 06, 2000 - Perpetual",,,
INB031085716,HANUMAN PRASAD MITTAL,H P MITTAL & CO.,Stock Broker,"Apr 06, 2000 - Perpetual",,,
INB031085815,NANDA S. KHEMANI,N. KHEMANI & CO.,Stock Broker,"Apr 06, 2000 - Perpetual",,,
INB031086730,BAKLIWAL CORPORATE SERVICES PVT. LTD.,BAKLIWAL CORPORATE SERVICES PVT. LTD.,Stock Broker,"Apr 10, 2000 - Perpetual",,,
INB031087712,DINESH KUMAR BUBNA,DINESH KUMAR BUBNA,Stock Broker,"Apr 20, 2000 - Perpetual",,,
INB031092332,BACHHAWAT SHARE BROKING PVT. LTD.,BACHHAWAT SHARE BROKING PVT. LTD.,Stock Broker,"May 04, 2000 - Perpetual",,,
INB031092415,BRIJ RATAN BHATTER,BRIJ RATAN BHATTER,Stock Broker,"May 04, 2000 - Perpetual",,,
INB031093439,AHILYA COMMERCIAL PVT. LTD.,AHILYA COMMERCIAL PVT. LTD.,Stock Broker,"May 09, 2000 - Perpetual",,,
INB031093538,BKL SECURITIES LTD.,BKL SECURITIES LTD.,Stock Broker,"May 09, 2000 - Perpetual",,,
INB031094510,SARIKA KANSAL,S. KANSAL & CO.,Stock Broker,"May 17, 2000 - Perpetual",,,
INB031098511,SHIW NARAYAN MALL,SHIW NARAYAN MALL,Stock Broker,"May 24, 2000 - Perpetual",,,
INB031099931,SKY HIGH FINLEASE PVT. LTD.,SKY HIGH FINLEASE PVT. LTD.,Stock Broker,"May 24, 2000 - Perpetual",,,
INB031108211,KISHAN KUMAR SARAF,KISHAN KUMAR SARAF,Stock Broker,"Jun 14, 2000 - Perpetual",,,
INB031108419,JETHMAL MEHTA,JETHMAL MEHTA,Stock Broker,"Jun 14, 2000 - Perpetual",,,
INB031111215,PRAMODE KUMAR AGARWAL,PRAMODE & CO.,Stock Broker,"Jul 11, 2000 - Perpetual",,,
INB031111314,SHEELA MOHTA,S. MOHTA & CO.,Stock Broker,"Jul 11, 2000 - Perpetual",,,
INB031117634,TECHNO GLOBAL SECURITY PVT. LTD.,TECHNO GLOBAL SECURITY PVT. LTD.,Stock Broker,"Jul 27, 2000 - Perpetual",,,
INB031118830,RITURAJ SHARES & SECURITIES LTD.,RITURAJ SHARES & SECURITIES LTD.,Stock Broker,"Jul 27, 2000 - Perpetual",,,
INB031119416,SHAILESH SARAF,SHAILESH SARAF,Stock Broker,"Jul 27, 2000 - Perpetual",,,
INB031119515,PREM KUMAR KEDIA,PREM KEDIA,Stock Broker,"Jul 27, 2000 - Perpetual",,,
INB031120919,RAJENDRA D. SHAH,RAJENDRA D. SHAH,Stock Broker,"Aug 02, 2000 - Perpetual",,,
INB031121636,SAM FINVEST PVT. LTD.,SAM FINVEST PVT. LTD.,Stock Broker,"Aug 09, 2000 - Perpetual",,,
INB031122618,VISHAL J. SHAH,VISHAL J. SHAH & CO.,Stock Broker,"Aug 16, 2000 - Perpetual",,,
INB031123012,ANIL AGARWAL,ANIL AGARWAL,Stock Broker,"Aug 16, 2000 - Perpetual",,,
INB031123830,PLD SECURITIES PVT. LTD.,PLD SECURITIES PVT. LTD.,Stock Broker,"Aug 22, 2000 - Perpetual",,,
INB031125918,SANJAY TAPARIA,SANJAY TAPARIA,Stock Broker,"Aug 23, 2000 - Perpetual",,,
INB031127419,SANJU KABRA,SANJU KABRA,Stock Broker,"Aug 30, 2000 - Perpetual",,,
INB031127633,BAJAJ OVERSEAS & FINANCE PVT. LTD.,BAJAJ OVERSEAS & FINANCE PVT. LTD.,Stock Broker,"Aug 30, 2000 - Perpetual",,,
INB031127732,SNB SHARE BROKING PVT. LTD.,SNB SHARE BROKING PVT. LTD.,Stock Broker,"Aug 30, 2000 - Perpetual",,,
INB031128532,MSEA SECURITIES LTD.,MSEA SECURITIES LTD.,Stock Broker,"Aug 30, 2000 - Perpetual",,,
INB031131411,RAJKUMAR DAMANI,RAJKUMAR DAMANI,Stock Broker,"Sep 20, 2000 - Perpetual",,,
INB031136139,SPARTEK FINANCIERS & INVESTMENT PVT. LTD.,SPARTEK FINANCIERS & INVESTMENT PVT. LTD.,Stock Broker,"Sep 29, 2000 - Perpetual",,,
INB031136634,INTERSTATE SHARE BROKING PVT. LTD.,INTERSTATE SHARE BROKING PVT. LTD.,Stock Broker,"Sep 29, 2000 - Perpetual",,,
INB031136733,PRAKASH BAID SECURITIES PVT. LTD.,PRAKASH BAID SECURITIES PVT. LTD.,Stock Broker,"Sep 29, 2000 - Perpetual",,,
INB031137012,GOVIND PRASAD GOENKA,GOVIND PRASAD GOENKA,Stock Broker,"Oct 05, 2000 - Perpetual",,,
INB031138515,HARI PRASAD TODI,HARI PRASAD TODI,Stock Broker,"Oct 11, 2000 - Perpetual",,,
INB031139331,VINOD FINCAP PVT. LTD.,VINOD FINCAP PVT. LTD.,Stock Broker,"Mar 06, 2002 - Perpetual",,,
INB031139513,SUNIL KUMAR AGRAWAL,SUNIL KUMAR AGRAWAL,Stock Broker,"Oct 20, 2000 - Perpetual",,,
INB031141014,BASANT KUMAR NAHATA,POWER GILT TREASURIES,Stock Broker,"Oct 23, 2000 - Perpetual",,,
INB031141139,DHANANJAY SECURITIES PVT. LTD.,DHANANJAY SECURITIES PVT. LTD.,Stock Broker,"Oct 23, 2000 - Perpetual",,,
INB031144232,MARS SECURITIES PVT. LTD.,MARS SECURITIES PVT. LTD.,Stock Broker,"Nov 16, 2000 - Perpetual",,,
INB031145411,SIDDHARTH SETHIA,SIDDHARTH SETHIA,Stock Broker,"Nov 28, 2000 - Perpetual",,,
INB031148035,MEHRA SECURITIES PVT. LTD.,MEHRA SECURITIES PVT. LTD.,Stock Broker,"Dec 15, 2000 - Perpetual",,,
INB031149611,HIMANSHU AJMERA,HIMANSHU AJMERA & CO.,Stock Broker,"Dec 20, 2000 - Perpetual",,,
INB031149819,SRI ARVIND KUMAR NEWAR,B. NEWAR & CO.,Stock Broker,"Jan 03, 2001 - Perpetual",,,
INB031151534,CNB FINWIZ PRIVATE LIMITED,CNB FINWIZ PRIVATE LIMITED,Stock Broker,"Jan 24, 2001 - Perpetual",,,
INB031151633,RICHIRICH SECURITIES PVT. LTD.,RICHIRICH SECURITIES PVT. LTD.,Stock Broker,"Jan 24, 2001 - Perpetual",,,
INB031151732,MODI SECURITIES PVT. LTD.,MODI SECURITIES PVT. LTD.,Stock Broker,"Jan 24, 2001 - Perpetual",,,
INB031151831,GBC SHARE BROKING LTD.,GBC SHARE BROKING LTD.,Stock Broker,"Jan 24, 2001 - Perpetual",,,
INB031151930,MAXELL SECURITIES LTD.,MAXELL SECURITIES LTD.,Stock Broker,"Jan 24, 2001 - Perpetual",,,
INB031156236,WOODSTOCK SHARE & STOCK BROKERS PVT. LTD.,WOODSTOCK SHARE & STOCK BROKERS PVT. LTD.,Stock Broker,"Mar 09, 2001 - Perpetual",,,
INB031156616,VRINDA J. KARNANI,VRINDA KARNANI,Stock Broker,"Mar 28, 2001 - Perpetual",,,
INB031156814,SHREE MOHAN BINANI,S. M. BINANI & CO.,Stock Broker,"Mar 28, 2001 - Perpetual",,,
INB031157234,EASTERN EQUITIES PVT. LTD.,EASTERN EQUITIES PVT. LTD.,Stock Broker,"Mar 28, 2001 - Perpetual",,,
INB031166110,SHRADDHA JHUNJHUNWALA,S. JHUNJHUNWALA & CO.,Stock Broker,"Nov 21, 2001 - Perpetual",,,
INB031166235,BESTLUCK SECURITIES PVT. LTD.,BESTLUCK SECURITIES PVT. LTD.,Stock Broker,"Nov 21, 2001 - Perpetual",,,
INB031167217,GHANSHYAM DASS MOHTA,G. D. MOHTA & CO.,Stock Broker,"Jan 07, 2002 - Perpetual",,,
INB031178834,SURLUX STOCKS & SECURITIES PVT. LTD.,SURLUX STOCKS & SECURITIES PVT. LTD.,Stock Broker,"Feb 27, 2002 - Perpetual",,,
INB031179113,SRI SHYAM SUNDER GOYAL,SHYAM SUNDER GOYAL & CO.,Stock Broker,"Mar 06, 2002 - Perpetual",,,
INB031293237,JRK STOCK BROKING PRIVATE LIMITED,JRK STOCK BROKING PRIVATE LIMITED,Stock Broker,"Jul 12, 2010 - Perpetual",,,
INB031301212,MAN MOHAN KOTHARI,MAN MOHAN KOTHARI,Stock Broker,"Jun 20, 2008 - Perpetual",,,
INB031326011,SAROJ KABRA,SAROJ KABRA,Stock Broker,"Jan 13, 2009 - Perpetual",,,
INB031344519,SOUMENDRA KRISTO DUTT,SOUMENDRA KRISTO DUTT,Stock Broker,"Jul 13, 2009 - Perpetual",,,
INB031348718,LAKSHMI DEVI JHAWAR,LAKSHMI DEVI JHAWAR,Stock Broker,"Sep 11, 2009 - Perpetual",,,
INB031352231,SHIDHARTH SECURITIES PRIVATE LIMITED,SHIDHARTH SECURITIES PRIVATE LIMITED,Stock Broker,"Oct 15, 2009 - Perpetual",,,
INB031382733,RITESH STOCK BROKING PRIVATE LIMITED,RITESH STOCK BROKING PRIVATE LIMITED,Stock Broker,"May 21, 2010 - Perpetual",,,
INB031425938,ACS ADVISORY SERVICES LIMITED,ACS ADVISORY SERVICES LIMITED,Stock Broker,"Dec 24, 2010 - Perpetual",,,
INB031427637,DEVANG MANAGEMENT PRIVATE LIMITED,DEVANG MANAGEMENT PRIVATE LIMITED,Stock Broker,"Jan 13, 2011 - Perpetual",,,
INB031436620,CHETAN AVINASH MEHTA,CHUNILAL T MEHTA,Stock Broker,"Apr 19, 2011 - Perpetual",,,
INB031437131,SHIVA STOCK BROKING PRIVATE LIMITED,SHIVA STOCK BROKING PRIVATE LIMITED,Stock Broker,"Apr 25, 2011 - Perpetual",,,
INB031439632,DJS STOCK AND SHARES LIMITED,DJS STOCK AND SHARES LIMITED,Stock Broker,"May 26, 2011 - Perpetual",,,
INB031442313,ANIL KUMAR JAJODIA,N. JAJODIA & CO,Stock Broker,"Jun 24, 2011 - Perpetual",,,
INB031447130,ANUMATI STOCK BROKING PRIVATE LIMITED,ANUMATI STOCK BROKING PRIVATE LIMITED,Stock Broker,"Sep 20, 2011 - Perpetual",,,
INB031449631,NARAYANI STOCK BROKING PRIVATE LIMITED,NARAYANI STOCK BROKING PRIVATE LIMITED,Stock Broker,"Nov 21, 2011 - Perpetual",,,
INB031452833,BABA BASUKINATH STOCK BROKING PRIVATE LIMITED,BABA BASUKINATH STOCK BROKING PRIVATE LIMITED,Stock Broker,"Jan 31, 2012 - Perpetual",,,
INB031457436,MANI INVEST BROKERS PRIVATE LIMITED,MANI INVEST BROKERS PRIVATE LIMITED,Stock Broker,"May 29, 2012 - Perpetual",,,
INB031461339,DREAMWAY SHARE AND STOCKS INDIA LIMITED,DREAMWAY SHARE AND STOCKS INDIA LIMITED,Stock Broker,"Aug 01, 2012 - Perpetual",,,
INB031461735,DEVADEVA SECURITIES PRIVATE LIMITED,DEVADEVA SECURITIES PRIVATE LIMITED,Stock Broker,"Aug 03, 2012 - Perpetual",,,
INB031464531,ANUBHAV STOCK BROKING PRIVATE LIMITED,ANUBHAV STOCK BROKING PRIVATE LIMITED,Stock Broker,"Sep 07, 2012 - Perpetual",,,
INB031464739,DEVSHYAM STOCK BROKING PRIVATE LIMITED,DEVSHYAM STOCK BROKING PRIVATE LIMITED,Stock Broker,"Sep 10, 2012 - Perpetual",,,
INB031465439,ENTACT EQUITIES PRIVATE LIMITED,ENTACT EQUITIES PRIVATE LIMITED,Stock Broker,"Sep 18, 2012 - Perpetual",,,
INB031468334,AIMCO FINEX LIMITED,AIMCO FINEX LIMITED,Stock Broker,"Nov 08, 2012 - Perpetual",,,
INB031468417,AMIT SARAOGI,AMIT SARAOGI AND COMPANY,Stock Broker,"Nov 08, 2012 - Perpetual",,,
INB031468730,ACCRETION SECURITIES PRIVATE LIMITED,ACCRETION SECURITIES PRIVATE LIMITED,Stock Broker,"Nov 16, 2012 - Perpetual",,,
INB031479117,SUNIL AGRAWAL,ISHITA ADVISORY,Stock Broker,"Feb 18, 2013 - Perpetual",,,
INB031488431,PINCON SECURITIES LIMITED,PINCON SECURITIES LIMITED,Stock Broker,"May 20, 2013 - Perpetual",,,
INB031498737,BANAYAN SHARES AND DERIVATIVES PRIVATE LIMITED,BANAYAN SHARES AND DERIVATIVES PRIVATE LIMITED,Stock Broker,"Sep 19, 2013 - Perpetual",,,
INB031498935,FERVENT CAPITAL ADVISORS PRIVATE LIMITED,FERVENT CAPITAL ADVISORS PRIVATE LIMITED,Stock Broker,"Sep 27, 2013 - Perpetual",,,
INB230079610,AJIT S. SIAL,AJIT S. SIAL,Stock Broker,"Oct 06, 1995 - Perpetual",,,
INB230138915,M. ASHOK MOOTHA,M. ASHOK MOOTHA,Stock Broker,"Feb 27, 1996 - Perpetual",,,
INB230174615,KUMAR V. JAHGIRDAR,KUMAR V. JAHGIRDAR,Stock Broker,"Aug 30, 1995 - Perpetual",,,
INB230558933,DATABASE INVESTMENT SERV.(I) LTD,DATABASE INVESTMENT SERV.(I) LTD,Stock Broker,"Aug 30, 1995 - Perpetual",,,
INB230598238,MUKESH BABU SECURITIES LTD.,MUKESH BABU SECURITIES LTD.,Stock Broker,"May 27, 1994 - Perpetual",,,
INB230599530,CRB DAEWOO SECURITIES LIMITED,CRB DAEWOO SECURITIES LIMITED,Stock Broker,"May 27, 1994 - Perpetual",,,
INB230600030,KHANDWALA SECURITIES LTD.,KHANDWALA SECURITIES LTD.,Stock Broker,"May 27, 1994 - Perpetual",,,
INB230601235,ITI SECURITIES LIMITED,ITI SECURITIES LIMITED,Stock Broker,"May 27, 1994 - Perpetual",,,
INB230637738,BEARBULL SECURITIES PVT. LTD.,BEARBULL SECURITIES PVT. LTD.,Stock Broker,"Sep 23, 1994 - Perpetual",,,
INB230642038,REPL SECURITIES PRIVATE LIMITED,REPL SECURITIES PRIVATE LIMITED,Stock Broker,"Oct 26, 1994 - Perpetual",,,
INB230644438,PARNI SECURITIES LTD,PARNI SECURITIES LTD,Stock Broker,"Oct 26, 1994 - Perpetual",,,
INB230644839,SOUTH INDIA STOCK BROKING SERVS LTD,VISHWAPRIYA STOCKS AND SECURITIES,Stock Broker,"Oct 26, 1994 - Perpetual",,,
INB230646739,FOUR DIMENSIONS SECURTES (INDIA)LTD,FOUR DIMENSIONS SECURTES (INDIA)LTD,Stock Broker,"Oct 26, 1994 - Perpetual",,,
INB230647738,DBS CAPITAL MARKETS PVT LTD,DBS CAPITAL MARKETS PVT LTD,Stock Broker,"Oct 26, 1994 - Perpetual",,,
INB230648611,AJAY GOENKA,M/S. GOENKA CAPITAL MARKET SERVICES,Stock Broker,"Oct 26, 1994 - Perpetual",,,
INB230649415,RAJKUMAR CHAINRAI BASANTANI,RAJKUMAR C. BASANTANI,Stock Broker,"Oct 26, 1994 - Perpetual",,,
INB230649914,SANTOSH G. BIYANI,SANTOSH G. BIYANI,Stock Broker,"Oct 26, 1994 - Perpetual",,,
INB230653830,INTIME EQUITIES LIMITED,INTIME EQUITIES LIMITED,Stock Broker,"Nov 01, 1994 - Perpetual",,,
INB230662822,SHILPA SHARES & SECURITIES,SHILPA SHARES & SECURITIES,Stock Broker,"Nov 15, 1994 - Perpetual",,,
INB230677033,INTERFACE BRKRGE AND RESEARCH LTD,INTERFACE BRKRGE AND RESEARCH LTD,Stock Broker,"Dec 16, 1994 - Perpetual",,,
INB230677523,NISSAR BROS.,NISSAR BROS.,Stock Broker,"Dec 16, 1994 - Perpetual",,,
INB230678719,OMPRAKASH CHATURVEDI,OMPRAKASH CHATURVEDI,Stock Broker,"Dec 16, 1994 - Perpetual",,,
INB230681235,H.K. FINANCE AND CAPITALS LTD,H.K. FINANCE AND CAPITALS LTD,Stock Broker,"Jan 02, 1995 - Perpetual",,,
INB230701235,M.G. CAPITAL SERVICES LTD.,M.G. CAPITAL SERVICES LTD.,Stock Broker,"Oct 19, 1995 - Perpetual",,,
INB230706631,IDBI CAPITAL MKT SERVICES LTD(ICMS),IDBI CAPITAL MKT SERVICES LTD(ICMS),Stock Broker,"Mar 15, 1995 - Perpetual",,,
INB230706930,RBS EQUITIES (INDIA) LIMITED,RBS EQUITIES (INDIA) LIMITED,Stock Broker,"Aug 30, 2011 - Perpetual",,,
INB230713830,MODERN HOLDINGS (P) LTD,MODERN HOLDINGS (P) LTD,Stock Broker,"Apr 19, 1995 - Perpetual",,,
INB230752136,SRI SAIRAM GLOBAL SECURITIES LIMITED,SRI SAIRAM GLOBAL SECURITIES LIMITED,Stock Broker,"Jul 26, 1995 - Perpetual",,,
INB230753135,NIKKO CAPITAL MARKET PVT. LTD.,NIKKO CAPITAL MARKET PVT. LTD.,Stock Broker,"Jul 26, 1995 - Perpetual",,,
INB230753233,RAJANARAYAN CAPITAL MARKETS SERVICES LTD.,RAJANARAYAN CAPITAL MARKETS SERVICES LTD.,Stock Broker,"Jul 26, 1995 - Perpetual",,,
INB230755035,R.G. SHARE BROKERS LTD.,R.G. SHARE BROKERS LTD.,Stock Broker,"Jul 26, 1995 - Perpetual",,,
INB230760236,TOSS FINANCIAL SERVICES PVT. LTD.,TOSS FINANCIAL SERVICES PVT. LTD.,Stock Broker,"Aug 08, 1995 - Perpetual",,,
INB230778130,GROWTH AVENUES LTD.,GROWTH AVENUES LTD.,Stock Broker,"Sep 14, 1995 - Perpetual",,,
INB230779219,ANIL KUMAR SEHGAL,ANIL KUMAR SEHGAL,Stock Broker,"Sep 14, 1995 - Perpetual",,,
INB230781235,INTEGRATED STK. BROKING SER.(P) LTD,INTEGRATED STK. BROKING SER.(P) LTD,Stock Broker,"Sep 14, 1995 - Perpetual",,,
INB230781538,BULLS & BEARS PORTFOLIO LTD,BULLS & BEARS PORTFOLIO LTD,Stock Broker,"Sep 14, 1995 - Perpetual",,,
INB230781930,VICTORY PORTFOLIO LTD.,VICTORY PORTFOLIO LTD.,Stock Broker,"Sep 14, 1995 - Perpetual",,,
INB230783732,MULTIPLEX CAPITAL LTD.,MULTIPLEX CAPITAL LTD.,Stock Broker,"Sep 14, 1995 - Perpetual",,,
INB230792332,CHUGH SECURITIES PVT. LTD.,CHUGH SECURITIES PVT LTD.,Stock Broker,"Oct 06, 1995 - Perpetual",,,
INB230794722,NKB SECURITIES,NKB SECURITIES,Stock Broker,"Oct 06, 1995 - Perpetual",,,
INB230803536,CEEKAY HOLDING PVT. LTD.,CEEKAY HOLDING PVT LTD.,Stock Broker,"Oct 17, 1995 - Perpetual",,,
INB230806935,SEVENHILL SECURITIES LTD.,SEVENHILL SECURITIES LTD.,Stock Broker,"Oct 17, 1995 - Perpetual",,,
INB230807523,HANSOTIA FINANCIAL SERVICES,HANSOTIA FINANCIAL SERVICES,Stock Broker,"Oct 17, 1995 - Perpetual",,,
INB230812733,GOLDSTREET SECURITIES LIMITED,GOLDSTREET SECURITIES LIMITED,Stock Broker,"Oct 19, 1995 - Perpetual",,,
INB230814232,BHARAT RASAYAN FINANCE LTD.,BHARAT RASAYAN FINANCE LTD,Stock Broker,"Oct 19, 1995 - Perpetual",,,
INB230814535,R.S.G SHARE & STOCK BROKERS LTD.,R.S.G. SHARE & STOCK BROKERS LTD.,Stock Broker,"Oct 19, 1995 - Perpetual",,,
INB230815231,ASTUTE INVESTMENT MANAGEMENT PRIVATE LIMITED,ASTUTE INVESTMENT MANAGEMENT PRIVATE LIMITED,Stock Broker,"Oct 19, 1995 - Perpetual",,,
INB230822939,SDFC SECURITIES LTD.,SDFC SECURITIES LTD.,Stock Broker,"Nov 22, 1995 - Perpetual",,,
INB230823536,KRISHA INCAP SERVICES PVT. LTD.,KRISHA INCAP SERVICES PVT. LTD.,Stock Broker,"Nov 22, 1995 - Perpetual",,,
INB230824731,SIDDARTHA CAPITAL MARKET LTD.,SIDDARTHA CAPITAL MARKET LTD.,Stock Broker,"Nov 22, 1995 - Perpetual",,,
INB230838434,ROHINI CAPITAL SERVICES LTD.,ROHINI CAPITAL SERVICES LTD.,Stock Broker,"Dec 15, 1995 - Perpetual",,,
INB230852733,MIDEAST INVESTMENTS PVT. LTD.,MIDEAST INVESTMENTS PVT. LTD.,Stock Broker,"Jan 12, 1996 - Perpetual",,,
INB230853536,EXPONENTIAL FINANCIAL SERVICES (P),EXPONENTIAL FINANCIAL SERVICES (P),Stock Broker,"Jan 12, 1996 - Perpetual",,,
INB230855437,AKI FINANCE & SECURITIES PVT. LTD.,AKI FINANCE AND SECURITIES PVT. LTD,Stock Broker,"Jan 12, 1996 - Perpetual",,,
INB230855632,CYNOSURE COMPANY PVT. LTD,CYNOSURE,Stock Broker,"Jan 12, 1996 - Perpetual",,,
INB230876034,MARWADI SHARES AND FINANCE LIMITED,MARWADI SHARES AND FINANCE LIMITED,Stock Broker,"Feb 01, 1996 - Perpetual",,,
INB230876533,FINCAP PORTFOLIO LIMITED,FINCAP PORTFOLIO LIMITED,Stock Broker,"Feb 01, 1996 - Perpetual",,,
INB230876837,MEGHVARSHA SECURITIES PRIVATE LTD,MEGHVARSHA SECURITIES PRIVATE LTD,Stock Broker,"Feb 01, 1996 - Perpetual",,,
INB230877337,INTEC SHARE & STOCK BROKERS LTD,INTEC SHARE & STOCK BROKERS LTD,Stock Broker,"Feb 01, 1996 - Perpetual",,,
INB230880637,INDIAN FINANCE GUARANTY LTD.,INDIAN FINANCE GUARANTY LTD.,Stock Broker,"Feb 27, 1996 - Perpetual",,,
INB230884937,CHANAKYA STOCK BROKING SER.(P) LTD.,CHANAKYA STOCK BROKING SER.(P) LTD.,Stock Broker,"Feb 27, 1996 - Perpetual",,,
INB230886034,SUMMIT INTEGRATED CREDIT CAP. LTD.,SUMMIT INTEGRATED CREDIT CAP. LTD.,Stock Broker,"Feb 27, 1996 - Perpetual",,,
INB230886230,S.G. STOCK SERVICES LTD.,S.G. STOCK SERVICES LTD.,Stock Broker,"Feb 27, 1996 - Perpetual",,,
INB230886436,GILTEDGE CREDIT CAPITAL LIMITED,GILTEDGE CREDIT CAPITAL LIMITED,Stock Broker,"Feb 27, 1996 - Perpetual",,,
INB230906739,SUVRIDHI CAPITAL MARKETS LTD.,SUVRIDHI CAPITAL MARKETS LTD.,Stock Broker,"Apr 22, 1996 - Perpetual",,,
INB230914036,PADMAKSHI FINANCIAL SERVICES LTD.,PADMAKSHI FINANCIAL SERVICES LTD.,Stock Broker,"Nov 28, 1997 - Perpetual",,,
INB230914232,VISHVAS SECURITIES LTD,VISHVAS SECURITIES LTD,Stock Broker,"Jun 12, 1996 - Perpetual",,,
INB230922920,BAKLIWAL INVESTMENT,BAKLIWAL INVESTMENT,Stock Broker,"Jun 20, 1996 - Perpetual",,,
INB230931832,GAZI SHARE & STOCK BROKERS LTD,GAZI SHARE & STOCK BROKERS LTD,Stock Broker,"Jan 24, 1997 - Perpetual",,,
INB230934330,FACTS SHARE & STOCK BROKING PVT LTD,FACTS,Stock Broker,"Aug 26, 1996 - Perpetual",,,
INB230938434,NOUVEAU SHARES & SECURITIES (P) LTD,NOUVEAU FINANCE LTD,Stock Broker,"Sep 18, 1996 - Perpetual",,,
INB230945934,KOTAK MAHINDRA CAPITAL COMPANY LIMITED,KOTAK MAHINDRA CAPITAL COMPANY LIMITED,Stock Broker,"Jun 14, 2007 - Perpetual",,,
INB230950637,MITRA OPTIONS & SHARE BROKERS LTD,MITRA OPTIONS & SHARE BROKERS LTD,Stock Broker,"Dec 30, 1996 - Perpetual",,,
INB230956935,ATLAS INTEGRATED FINANCE LTD,ATLAS INTEGRATED FINANCE LTD,Stock Broker,"Mar 06, 1997 - Perpetual",,,
INB230958434,HCG STOCK & SHARE BROKERS LTD,HCG STOCK & SHARE BROKERS LTD,Stock Broker,"Mar 19, 1997 - Perpetual",,,
INB230981830,WADHWA SECURITIES LIMITED,WADHWA SECURITIES LIMITED,Stock Broker,"Jul 16, 2008 - Perpetual",,,
INB230994833,MILAN MAHENDRA SECURITIES PVT. LTD.,MILAN MAHENDRA SECURITIES PVT. LTD.,Stock Broker,"Dec 09, 1998 - Perpetual",,,
INB230996416,BHARTI DHIREN THAKKAR,BHARTI DHIREN THAKKAR,Stock Broker,"Apr 21, 1999 - Perpetual",,,
INB231045239,SHIVNARAYAN NEMANI SHR & STK BROKERS PVT LTD,SHIVNARAYAN NEMANI SHR & STK BROKERS PVT LTD,Stock Broker,"Feb 04, 2008 - Perpetual",,,
INB231070336,BAKLIWAL FINANCIAL SERVICES (INDIA) PVT. LTD.,BAKLIWAL FINANCIAL SERVICES (INDIA) PVT. LTD.,Stock Broker,"Nov 06, 2000 - Perpetual",,,
INB231074130,BGSE FINANCIALS LTD.,BGSE FINANCIALS LTD.,Stock Broker,"Jan 12, 2000 - Perpetual",,,
INB231097933,ADITYA AJAY SHARE BROKERS PVT. LTD.,ADITYA AJAY SHARE BROKERS PVT. LTD.,Stock Broker,"May 17, 2000 - Perpetual",,,
INB231111635,HRIM FINANCE AND SECURITIES PRIVATE LIMITED,HRIM FINANCE AND SECURITIES PRIVATE LIMITED,Stock Broker,"Jul 11, 2000 - Perpetual",,,
INB231112831,VAG HOLDINGS PVT. LTD.,VAG HOLDINGS PVT. LTD.,Stock Broker,"Dec 28, 2006 - Perpetual",,,
INB231118838,RITURAJ SHARES & SECURITIES LTD.,RITURAJ SHARES & SECURITIES LTD.,Stock Broker,"Sep 27, 2000 - Perpetual",,,
INB231136939,LABDHI STOCK & DERIVATIVES SERVICES PVT. LTD.,LABDHI STOCK & DERIVATIVES SERVICES PVT. LTD.,Stock Broker,"Oct 04, 2000 - Perpetual",,,
INB231140337,ICAP INDIA PRIVATE LIMITED,ICAP INDIA PRIVATE LIMITED,Stock Broker,"Oct 20, 2000 - Perpetual",,,
INB231143232,Ratnabali Securities Private Limited,RATNABALI CAPITAL MARKETS LTD.,Stock Broker,"Nov 10, 2000 - Perpetual",,,
INB231167637,CANNY SECURITIES PVT. LTD.,CANNY SECURITIES PVT. LTD,Stock Broker,"Jan 07, 2002 - Perpetual",,,
INB231200735,PUG SECURITIES PRIVATE LIMITED,PUG SECURITIES PRIVATE LIMITED,Stock Broker,"Dec 18, 2003 - Perpetual",,,
INB231213837,VASANTI SHARE BROKERS LTD.,VASANTI SHARE BROKERS LTD.,Stock Broker,"Jan 16, 2006 - Perpetual",,,
INB231217135,SAS BROKING PVT. LTD.,SAS BROKING PVT. LTD.,Stock Broker,"Jan 06, 2005 - Perpetual",,,
INB231220931,PRL STOCK & SHARE BROKERS PVT. LTD.,PRL STOCK & SHARE BROKERS PVT. LTD.,Stock Broker,"Mar 17, 2005 - Perpetual",,,
INB231221335,TRANSPARENT SHARES & SECURITIES PVT. LTD.(NAME CHANGED TO ARTHA VRDDHI,TRANSPARENT SHARES & SECURITIES PVT. LTD.,Stock Broker,"Mar 23, 2005 - Perpetual",,,
INB231230732,DEPANSU SECURITIES (INDIA) PVT. LTD.,DEPANSU SECURITIES (INDIA) PVT. LTD.,Stock Broker,"Aug 12, 2005 - Perpetual",,,
INB231241630,PRATHAM SECURITIES (P) LTD.,PRATHAM SECURITIES (P) LTD.,Stock Broker,"Oct 21, 2005 - Perpetual",,,
INB231248734,ELAN EQUITY SERVICES PVT. LTD.,ELAN EQUITY SERVICES PVT. LTD.,Stock Broker,"Jan 16, 2006 - Perpetual",,,
INB231255036,C. M. GOENKA STOCK BROKERS P. LTD.,C. M. GOENKA STOCK BROKERS P. LTD.,Stock Broker,"Mar 16, 2006 - Perpetual",,,
INB231255432,NG RATHI INVESTRADES PRIVATE LIMITED,NG RATHI INVESTRADES PRIVATE LIMITED,Stock Broker,"Mar 16, 2006 - Perpetual",,,
INB231264822,VGP PORTFOLIO,VGP PORTFOLIO,Stock Broker,"Jun 12, 2008 - Perpetual",,,
INB231269631,SATYAM SECURITIES PRIVATE LIMITED,SATYAM SECURITIES PRIVATE LIMITED,Stock Broker,"Jun 14, 2006 - Perpetual",,,
INB231272130,MAHESHWARI SHARE & STOCK BROKERS PRIVATE LIMITED,MAHESHWARI SHARE & STOCK BROKERS PRIVATE LIMITED,Stock Broker,"Jul 28, 2006 - Perpetual",,,
INB231273534,ANMOL SHARE BROKING LIMITED,ANMOL SHARE BROKING LIMITED,Stock Broker,"Aug 24, 2006 - Perpetual",,,
INB231279036,GOLD COIN CAPITAL MARKET PRIVATE LIMITED,GOLD COIN CAPITAL MARKET PRIVATE LIMITED,Stock Broker,"Dec 28, 2006 - Perpetual",,,
INB231281339,SONA GLOBAL LIMITED,SONA GLOBAL LIMITED,Stock Broker,"Mar 29, 2007 - Perpetual",,,
INB231287633,B. M. GANDHI SHAREBROKING PRIVATE LIMITED,B. M. GANDHI SHAREBROKING PRIVATE LIMITED,Stock Broker,"Aug 30, 2007 - Perpetual",,,
INB231289530,MAJORTREND CAPITAL PRIVATE LIMITED,MAJORTREND CAPITAL PRIVATE LIMITED,Stock Broker,"Dec 18, 2007 - Perpetual",,,
INB231291338,S D NISSAR SECURITIES PRIVATE LIMITED,S D NISSAR SECURITIES PRIVATE LIMITED,Stock Broker,"Jan 18, 2008 - Perpetual",,,
INB231293037,JRV SECURITIES INDIA PRIVATE LIMITED,JRV SECURITIES INDIA PRIVATE LIMITED,Stock Broker,"Feb 04, 2008 - Perpetual",,,
INB231294035,JRG SECURITIES LIMITED,JRG SECURITIES LIMITED,Stock Broker,"Mar 27, 2008 - Perpetual",,,
INB231294431,SARA CAPITAL LIMITED,SARA CAPITAL LIMITED,Stock Broker,"Mar 13, 2008 - Perpetual",,,
INB231296832,TWENTY FOUR CARAT STOCK & SHARE BROKERS PRIVATE LIMITED,TWENTY FOUR CARAT STOCK & SHARE BROKERS PRIVATE LIMITED,Stock Broker,"Apr 28, 2008 - Perpetual",,,
INB231301632,GYANDEEP STOCKS PRIVATE LIMITED,GYANDEEP STOCKS PRIVATE LIMITED,Stock Broker,"Aug 04, 2008 - Perpetual",,,
INB231301913,MAHENDRA RAMJI GALA,RAVECHI SECURITIES,Stock Broker,"Jul 04, 2008 - Perpetual",,,
INB231304131,RADHARAMANA HOLDINGS PRIVATE LIMITED,RADHARAMANA HOLDINGS PRIVATE LIMITED,Stock Broker,"Aug 04, 2008 - Perpetual",,,
INB231309429,SATYA FINVEST COMPANY,SATYA FINVEST COMPANY,Stock Broker,"Sep 04, 2008 - Perpetual",,,
INB231309635,ADG SECURITIES PRIVATE LIMITED,ADG SECURITIES PRIVATE LIMITED,Stock Broker,"Sep 04, 2008 - Perpetual",,,
INB231316523,MAHAVEER STOCK BROKING SERVICES,MAHAVEER STOCK BROKING SERVICES,Stock Broker,"Oct 10, 2008 - Perpetual",,,
INB231322117,PARVEEN GARG,SHRI HARIRAM HOLDINGS,Stock Broker,"Dec 04, 2008 - Perpetual",,,
INB231324238,HSBC INVESTDIRECT SECURITIES (INDIA) LIMITED,HSBC INVESTDIRECT SECURITIES (INDIA) LIMITED,Stock Broker,"Dec 18, 2008 - Perpetual",,,
INB231324436,C K INVESTMENT CONSULTANT PRIVATE LIMITED,C K INVESTMENT CONSULTANT PRIVATE LIMITED,Stock Broker,"Jan 02, 2009 - Perpetual",,,
INB231333833,GIRIRAJ SHARES PRIVATE LIMITED,GIRIRAJ SHARES PRIVATE LIMITED,Stock Broker,"Mar 03, 2009 - Perpetual",,,
INB231337230,GEOJIT BNP PARIBAS FINANCIAL SERVICES LIMITED,GEOJIT BNP PARIBAS FINANCIAL SERVICES LIMITED,Stock Broker,"Apr 02, 2009 - Perpetual",,,
INB231340234,ENCASH SECURITIES LIMITED,ENCASH SECURITIES LIMITED,Stock Broker,"Jun 09, 2009 - Perpetual",,,
INB231340432,HERITAGE SECURITIES PRIVATE LIMITED,HERITAGE SECURITIES PRIVATE LIMITED,Stock Broker,"Jun 09, 2009 - Perpetual",,,
INB231345233,YOGEN BABU SECURITIES PRIVATE LIMITED,YOGEN BABU SECURITIES PRIVATE LIMITED,Stock Broker,"Jul 21, 2009 - Perpetual",,,
INB231345621,GANPATI SECURITIES,GANPATI SECURITIES,Stock Broker,"Jul 23, 2009 - Perpetual",,,
INB231346330,WEALTH FIRST PORTFOLIO MANAGERS PRIVATE LIMITED,WEALTH FIRST PORTFOLIO MANAGERS PRIVATE LIMITED,Stock Broker,"Oct 13, 2011 - Perpetual",,,
INB231348518,SUNIL KUMAR,S.S. STOCKS & SERVICES,Stock Broker,"Sep 11, 2009 - Perpetual",,,
INB231348823,SUNSTAR SECURITIES,SUNSTAR SECURITIES,Stock Broker,"Sep 11, 2009 - Perpetual",,,
INB231349433,ABANS SECURITIES LIMITED,ABANS SECURITIES LIMITED,Stock Broker,"Sep 17, 2009 - Perpetual",,,
INB231349524,BEST DEAL CAPITAL,BEST DEAL CAPITAL,Stock Broker,"Sep 17, 2009 - Perpetual",,,
INB231350118,SHELLY GUPTA,SHELLY SHARES & SECURITIES,Stock Broker,"Oct 01, 2009 - Perpetual",,,
INB231356834,PINNACLE EQUITIES PRIVATE LIMITED,PINNACLE EQUITIES PRIVATE LIMITED,Stock Broker,"Dec 03, 2009 - Perpetual",,,
INB231366437,BULLMART SECURITIES PRIVATE LIMITED,BULLMART SECURITIES PRIVATE LIMITED,Stock Broker,"Feb 17, 2010 - Perpetual",,,
INB231379133,MAYUR SHARE BROKING PRIVATE LIMITED,MAYUR SHARE BROKING PRIVATE LIMITED,Stock Broker,"Apr 19, 2010 - Perpetual",,,
INB231379430,PINAK SECURITIES LIMITED,PINAK SECURITIES LIMITED,Stock Broker,"Apr 21, 2010 - Perpetual",,,
INB231382939,KARMA STOCK TRADE LIMITED,KARMA STOCK TRADE LIMITED,Stock Broker,"May 25, 2010 - Perpetual",,,
INB231383531,AN CAPITAL MARKETS LIMITED,AN CAPITAL MARKETS LIMITED,Stock Broker,"May 25, 2010 - Perpetual",,,
INB231411738,BABA BHOOTHNATH TRADE AND COMMERCE PRIVATE LIMITED,BABA BHOOTHNATH TRADE AND COMMERCE PRIVATE LIMITED,Stock Broker,"Dec 13, 2010 - Perpetual",,,
INB231413338,AARYA EQUITY (INDIA) PRIVATE LIMITED,AARYA EQUITY (INDIA) PRIVATE LIMITED,Stock Broker,"Oct 05, 2010 - Perpetual",,,
INB231424137,HDIL SECURITIES PRIVATE LIMITED,HDIL SECURITIES PRIVATE LIMITED,Stock Broker,"Dec 21, 2010 - Perpetual",,,
INB231426231,SRM SECURITIES PRIVATE LIMITED,SRM SECURITIES PRIVATE LIMITED,Stock Broker,"Dec 30, 2010 - Perpetual",,,
INB231435232,VANTAGE SECURITIES PRIVATE LIMITED,VANTAGE SECURITIES PRIVATE LIMITED,Stock Broker,"Apr 05, 2011 - Perpetual",,,
INB231435539,OBEROI'S PORTFOLIO PRIVATE LIMITED,OBEROI'S PORTFOLIO PRIVATE LIMITED,Stock Broker,"Apr 06, 2011 - Perpetual",,,
INB231436537,KUMAR SHARE BROKERS LIMITED,KUMAR SHARE BROKERS LIMITED,Stock Broker,"Apr 19, 2011 - Perpetual",,,
INB231437733,COSMICMANDALA15 SECURITIES PRIVATE LIMITED,COSMICMANDALA15 SECURITIES PRIVATE LIMITED,Stock Broker,"May 04, 2012 - Perpetual",,,
INB231439135,MAX PLANWEALTH SECURITIES LIMITED,MAX PLANWEALTH SECURITIES LIMITED,Stock Broker,"May 24, 2011 - Perpetual",,,
INB231444028,OMJI CAPITAL,OMJI CAPITAL,Stock Broker,"Jul 07, 2011 - Perpetual",,,
INB231444416,PRAVIN CHHOGALAL DAVE,PSL SECURITIES,Stock Broker,"Jul 15, 2011 - Perpetual",,,
INB231446536,BLUE CHIP CORPORATION PRIVATE LIMITED,BLUE CHIP CORPORATION PRIVATE LIMITED,Stock Broker,"Aug 24, 2011 - Perpetual",,,
INB231447237,OPTIMUS SHARE BROKING LIMITED,OPTIMUS SHARE BROKING LIMITED,Stock Broker,"Sep 21, 2011 - Perpetual",,,
INB231447831,MANSATA SECURITIES PRIVATE LIMITED,MANSATA SECURITIES PRIVATE LIMITED,Stock Broker,"Oct 12, 2011 - Perpetual",,,
INB231450637,SRS GLOBAL SECURITIES LIMITED,SRS GLOBAL SECURITIES LIMITED,Stock Broker,"Mar 11, 2013 - Perpetual",,,
INB231451338,TRADEDEAL FINANCIAL SERVICES PRIVATE LIMITED,TRADEDEAL FINANCIAL SERVICES PRIVATE LIMITED,Stock Broker,"Dec 03, 2012 - Perpetual",,,
INB231451833,ESPIRITO SANTO SECURITIES INDIA PRIVATE LIMITED,ESPIRITO SANTO SECURITIES INDIA PRIVATE LIMITED,Stock Broker,"Mar 14, 2012 - Perpetual",,,
INB231455636,M3 MULTIPLE SECURITIES BROKERS PRIVATE LIMITED,M3 MULTIPLE SECURITIES BROKERS PRIVATE LIMITED,Stock Broker,"Apr 03, 2012 - Perpetual",,,
INB231456329,SDV INVESTMENTS,SDV INVESTMENTS,Stock Broker,"Apr 23, 2012 - Perpetual",,,
INB231458432,DREAMS BROKING PRIVATE LIMITED,DREAMS BROKING PRIVATE LIMITED,Stock Broker,"Jul 29, 2013 - Perpetual",,,
INB231458531,TIVR CAPITAL ADVISORS PRIVATE LIMITED,TIVR CAPITAL ADVISORS PRIVATE LIMITED,Stock Broker,"Jun 13, 2012 - Perpetual",,,
INB231458614,SAMIR LODHA,QUANTART SECURITIES,Stock Broker,"Jun 13, 2012 - Perpetual",,,
INB231459430,PROCAP FINANCIAL SERVICES PRIVATE LIMITED,PROCAP FINANCIAL SERVICES PRIVATE LIMITED,Stock Broker,"Jul 03, 2012 - Perpetual",,,
INB231468530,KALYNDA FINANCIAL ADVISORY PRIVATE LIMITED,KALYNDA FINANCIAL ADVISORY PRIVATE LIMITED,Stock Broker,"Nov 08, 2012 - Perpetual",,,
INB231477531,CHINTAMANI SHARES & BROKING LIMITED,CHINTAMANI SHARES & BROKING LIMITED,Stock Broker,"Feb 01, 2013 - Perpetual",,,
INB231498131,BANYAN TREE FINANCIAL SOLUTIONS PRIVATE LIMITED,BANYAN TREE FINANCIAL SOLUTIONS PRIVATE LIMITED,Stock Broker,"Aug 28, 2013 - Perpetual",,,
INB231499014,ANIRUDH GARG,ANIRUDH GARG & CO.,Stock Broker,"Sep 27, 2013 - Perpetual",,,
INB260015319,MAYUR MANGALDAS KOTHARI,MAYUR MANGALDAS KOTHARI,Stock Broker,"Feb 01, 2013 - Perpetual",,,
INB260020319,PREM A. SINGHAL,PREM A. SINGHAL,Stock Broker,"Jan 14, 2013 - Perpetual",,,
INB260597738,PRABHUDAS LILLADHER PRIVATE LIMITED,PRABHUDAS LILLADHER PRIVATE LIMITED,Stock Broker,"Feb 05, 2013 - Perpetual",,,
INB260639639,A.A.DOSHI SHARE & STOCK BROKERS LIMITED,A.A.DOSHI SHARE & STOCK BROKERS LIMITED,Stock Broker,"Dec 10, 2012 - Perpetual",,,
INB260642831,BLB LIMITED,BLB LIMITED,Stock Broker,"Jan 10, 2013 - Perpetual",,,
INB260643235,DB (INTERNATIONAL) STOCK BROKERS LIMITED,DB (INTERNATIONAL) STOCK BROKERS LIMITED,Stock Broker,"Dec 19, 2012 - Perpetual",,,
INB260653838,INTIME EQUITIES LIMITED,INTIME EQUITIES LIMITED,Stock Broker,"Dec 28, 2012 - Perpetual",,,
INB260679635,FULCRUM FINANCIAL SERVICES LIMITED,FULCRUM FINANCIAL SERVICES LIMITED,Stock Broker,"May 03, 2013 - Perpetual",,,
INB260714135,B. N. RATHI SECURITIES LIMITED,B. N. RATHI SECURITIES LIMITED,Stock Broker,"Jan 14, 2013 - Perpetual",,,
INB260727335,TFC FINCONS PRIVATE LIMITED,TFC FINCONS PRIVATE LIMITED,Stock Broker,"May 16, 2013 - Perpetual",,,
INB260777637,DSN SECURITIES LIMITED,DSN SECURITIES LIMITED,Stock Broker,"Feb 08, 2013 - Perpetual",,,
INB260778239,ARCADIA SHARE & STOCK BROKERS PRIVATE LIMITED,ARCADIA SHARE & STOCK BROKERS PRIVATE LIMITED,Stock Broker,"Jan 29, 2013 - Perpetual",,,
INB260783734,MULTIPLEX CAPITAL LIMITED,MULTIPLEX CAPITAL LIMITED,Stock Broker,"Dec 19, 2012 - Perpetual",,,
INB260792933,GOGIA CAPITAL SERVICES LIMITED,GOGIA CAPITAL SERVICES LIMITED,Stock Broker,"Feb 26, 2013 - Perpetual",,,
INB260805131,ELITE WEALTH ADVISORS LIMITED,ELITE WEALTH ADVISORS LIMITED,Stock Broker,"Jan 22, 2013 - Perpetual",,,
INB260806238,SUGAL & DAMANI SHARE BROKERS LIMITED,SUGAL & DAMANI SHARE BROKERS LIMITED,Stock Broker,"Jan 17, 2013 - Perpetual",,,
INB260876033,MARWADI SHARES AND FINANCE LIMITED,MARWADI SHARES AND FINANCE LIMITED,Stock Broker,"Feb 07, 2013 - Perpetual",,,
INB260891438,GAURAV SHARES TRADING PRIVATE LIMITED,GAURAV SHARES TRADING PRIVATE LIMITED,Stock Broker,"Jan 22, 2013 - Perpetual",,,
INB260906731,SUVRIDHI CAPITAL MARKETS LIMITED,SUVRIDHI CAPITAL MARKETS LIMITED,Stock Broker,"Dec 19, 2012 - Perpetual",,,
INB260907937,OMKAM CAPITAL MARKETS PRIVATE LIMITED,OMKAM CAPITAL MARKETS PRIVATE LIMITED,Stock Broker,"Jan 02, 2013 - Perpetual",,,
INB260920237,SRI MAHALAKSHMI SHARES PRIVATE LIMITED,SRI MAHALAKSHMI SHARES PRIVATE LIMITED,Stock Broker,"Feb 05, 2013 - Perpetual",,,
INB260992939,A C CHOKSI SHARE BROKERS PRIVATE LIMITED,A C CHOKSI SHARE BROKERS PRIVATE LIMITED,Stock Broker,"Feb 22, 2013 - Perpetual",,,
INB260993937,GEPL CAPITAL PRIVATE LIMITED,GEPL CAPITAL PRIVATE LIMITED,Stock Broker,"Dec 20, 2012 - Perpetual",,,
INB260997334,PRAKASH K SHAH SHARES & SECURITIES PRIVATE LIMITED,PRAKASH K SHAH SHARES & SECURITIES PRIVATE LIMITED,Stock Broker,"Jan 22, 2013 - Perpetual",,,
INB261045430,R. R. CHOKHANI STOCK BROKERS PRIVATE LIMITED,R. R. CHOKHANI STOCK BROKERS PRIVATE LIMITED,Stock Broker,"Feb 05, 2013 - Perpetual",,,
INB261057336,OHM STOCK BROKER PRIVATE LIMITED,OHM STOCK BROKER PRIVATE LIMITED,Stock Broker,"Dec 17, 2012 - Perpetual",,,
INB261058532,ANS PRIVATE LIMITED,ANS PRIVATE LIMITED,Stock Broker,"Jan 22, 2013 - Perpetual",,,
INB261063334,NIKKEI STOCKBROKERS PRIVATE LIMITED,NIKKEI STOCKBROKERS PRIVATE LIMITED,Stock Broker,"Jan 15, 2013 - Perpetual",,,
INB261063938,STAR FINVEST PRIVATE LIMITED,STAR FINVEST PRIVATE LIMITED,Stock Broker,"Dec 19, 2012 - Perpetual",,,
INB261067038,H.J. SECURITIES PRIVATE LIMITED,H.J. SECURITIES PRIVATE LIMITED,Stock Broker,"Dec 19, 2012 - Perpetual",,,
INB261074133,BGSE FINANCIALS LIMITED,BGSE FINANCIALS LIMITED,Stock Broker,"Mar 19, 2013 - Perpetual",,,
INB261097530,INDIA INFOLINE LIMITED,INDIA INFOLINE LIMITED,Stock Broker,"Feb 14, 2013 - Perpetual",,,
INB261115233,KALPATARU MULTIPLIER LIMITED,KALPATARU MULTIPLIER LIMITED,Stock Broker,"Jan 22, 2013 - Perpetual",,,
INB261117312,MANJUSHREE N. B,PRASIDDHI MARKETING AND SHARE,Stock Broker,"Mar 19, 2013 - Perpetual",,,
INB261139134,R L AGARWALA CAPITAL MARKETS LIMITED,R L AGARWALA CAPITAL MARKETS LIMITED,Stock Broker,"Dec 17, 2012 - Perpetual",,,
INB261145636,PELF FINSTOCK LIMITED,PELF FINSTOCK LIMITED,Stock Broker,"Dec 17, 2012 - Perpetual",,,
INB261155114,MANOJ KUMAR PAHARIA,M.P. SECURITIES,Stock Broker,"Dec 18, 2012 - Perpetual",,,
INB261195433,LAXMINARAYAN SATISHCHANDRA BROKING PVT. LTD.,LAXMINARAYAN SATISHCHANDRA BROKING PVT. LTD.,Stock Broker,"Feb 01, 2013 - Perpetual",,,
INB261213830,VASANTI SHARE BROKERS LIMITED,VASANTI SHARE BROKERS LIMITED,Stock Broker,"Jan 21, 2013 - Perpetual",,,
INB261217336,AMBIT SECURITIES BROKING  PRIVATE LIMITED,AMBIT SECURITIES BROKING  PRIVATE LIMITED,Stock Broker,"Dec 11, 2012 - Perpetual",,,
INB261220231,PRAGYA EQUITIES PRIVATE LIMITED,PRAGYA EQUITIES PRIVATE LIMITED,Stock Broker,"Dec 19, 2012 - Perpetual",,,
INB261220934,PRL STOCK & SHARE BROKERS PRIVATE LIMITED,PRL STOCK & SHARE BROKERS PRIVATE LIMITED,Stock Broker,"Jan 08, 2013 - Perpetual",,,
INB261221239,AXIOM SHARE BROKING PRIVATE LIMITED,AXIOM SHARE BROKING PRIVATE LIMITED,Stock Broker,"Jan 07, 2013 - Perpetual",,,
INB261221338,TRANSPARENT SHARES AND SECURITIES PRIVATE LIMITED (ARTHA VRDDHI ),TRANSPARENT SHARES AND SECURITIES PRIVATE LIMITED (ARTHA VRDDHI),Stock Broker,"Jan 30, 2013 - Perpetual",,,
INB261257431,BAKSHU SECURITIES & BROKERS PRIVATE LIMITED,BAKSHU SECURITIES & BROKERS PRIVATE LIMITED,Stock Broker,"Feb 01, 2013 - Perpetual",,,
INB261269535,A.K. STOCKMART PRIVATE LIMITED,A.K. STOCKMART PRIVATE LIMITED,Stock Broker,"Apr 09, 2013 - Perpetual",,,
INB261270038,ADVENT STOCK BROKING PRIVATE LIMITED,ADVENT STOCK BROKING PRIVATE LIMITED,Stock Broker,"Dec 11, 2012 - Perpetual",,,
INB261279831,ANGEL BROKING PRIVATE LIMITED,ANGEL BROKING PRIVATE LIMITED,Stock Broker,"Mar 19, 2013 - Perpetual",,,
INB261280235,CANARA BANK SECURITIES LIMITED,CANARA BANK SECURITIES LIMITED,Stock Broker,"Dec 20, 2012 - Perpetual",,,
INB261280334,ASMAH SHARES & STOCK BROKERS PRIVATE LIMITED,ASMAH SHARES & STOCK BROKERS PRIVATE LIMITED,Stock Broker,"Jan 16, 2013 - Perpetual",,,
INB261280433,RIKHAV SECURITIES LIMITED,RIKHAV SECURITIES LIMITED,Stock Broker,"Feb 12, 2013 - Perpetual",,,
INB261281134,FIDUCIARY EUROMAX CAPITAL MARKETS PRIVATE LIMITED,FIDUCIARY EUROMAX CAPITAL MARKETS PRIVATE LIMITED,Stock Broker,"Aug 28, 2013 - Perpetual",,,
INB261286737,C.R. KOTHARI & SONS STOCK BROKING PRIVATE LIMITED,C.R. KOTHARI & SONS STOCK BROKING PRIVATE LIMITED,Stock Broker,"Jan 22, 2013 - Perpetual",,,
INB261289236,PUNE E STOCK BROKING PRIVATE LIMITED,PUNE E STOCK BROKING PRIVATE LIMITED,Stock Broker,"Dec 17, 2012 - Perpetual",,,
INB261293436,QUADEYE SECURITIES PRIVATE LIMITED,QUADEYE SECURITIES PRIVATE LIMITED,Stock Broker,"Dec 19, 2012 - Perpetual",,,
INB261294038,INDITRADE CAPITAL LIMITED,INDITRADE CAPITAL LIMITED,Stock Broker,"Jan 11, 2013 - Perpetual",,,
INB261296439,BASAN EQUITY BROKING LIMITED,BASAN EQUITY BROKING LIMITED,Stock Broker,"Dec 21, 2012 - Perpetual",,,
INB261296835,TWENTY FOUR CARAT STOCK & SHARE BROKERS PRIVATE LIMITED,TWENTY FOUR CARAT STOCK & SHARE BROKERS PRIVATE LIMITED,Stock Broker,"Jan 18, 2013 - Perpetual",,,
INB261300330,IDEAL STOCK BROKING PRIVATE LIMITED,IDEAL STOCK BROKING PRIVATE LIMITED,Stock Broker,"Jan 28, 2013 - Perpetual",,,
INB261301635,GYANDEEP STOCKS PRIVATE LIMITED,GYANDEEP STOCKS PRIVATE LIMITED,Stock Broker,"Jan 07, 2013 - Perpetual",,,
INB261318134,GOLDEN STOCK BROKERS PRIVATE LIMITED,GOLDEN STOCK BROKERS PRIVATE LIMITED,Stock Broker,"Jan 15, 2013 - Perpetual",,,
INB261318332,RBG FINANCIAL SERVICES PRIVATE LIMITED,RBG FINANCIAL SERVICES PRIVATE LIMITED,Stock Broker,"Jan 21, 2013 - Perpetual",,,
INB261320031,RTG SHARE BROKING LIMITED,RTG SHARE BROKING LIMITED,Stock Broker,"May 16, 2013 - Perpetual",,,
INB261337233,GEOJIT BNP PARIBAS FINANCIAL SERVICES LIMITED,GEOJIT BNP PARIBAS FINANCIAL SERVICES LIMITED,Stock Broker,"Oct 01, 2013 - Perpetual",,,
INB261338637,ITI FINANCIAL SERVICES LIMITED,ITI FINANCIAL SERVICES LIMITED,Stock Broker,"Feb 06, 2013 - Perpetual",,,
INB261345236,YOGEN BABU SECURITIES PRIVATE LIMITED,YOGEN BABU SECURITIES PRIVATE LIMITED,Stock Broker,"Dec 19, 2012 - Perpetual",,,
INB261349436,ABANS SECURITIES LIMITED,ABANS SECURITIES LIMITED,Stock Broker,"Jan 17, 2013 - Perpetual",,,
INB261358833,ARJEETA SHARE BROKING PRIVATE LIMITED,ARJEETA SHARE BROKING PRIVATE LIMITED,Stock Broker,"Jan 17, 2013 - Perpetual",,,
INB261360037,GRM SECURITIES PRIVATE LIMITED,GRM SECURITIES PRIVATE LIMITED,Stock Broker,"Dec 19, 2012 - Perpetual",,,
INB261364138,HARIHAR SECURITIES PRIVATE LIMITED,HARIHAR SECURITIES PRIVATE LIMITED,Stock Broker,"Dec 11, 2012 - Perpetual",,,
INB261365333,NEELKANTH STOCK BROKERS PRIVATE LIMITED,NEELKANTH STOCK BROKERS PRIVATE LIMITED,Stock Broker,"Jan 14, 2013 - Perpetual",,,
INB261370531,MASTER MONEY INTERMEDIARIES PRIVATE LIMITED,MASTER MONEY INTERMEDIARIES PRIVATE LIMITED,Stock Broker,"Jan 14, 2013 - Perpetual",,,
INB261376728,ATUL MONEY,ATUL MONEY,Stock Broker,"Dec 12, 2012 - Perpetual",,,
INB261377239,EXCEL MERCANTILE PRIVATE LIMITED,EXCEL MERCANTILE PRIVATE LIMITED,Stock Broker,"Dec 10, 2012 - Perpetual",,,
INB261387733,SHARDA CAPITAL PRIVATE LIMITED,SHARDA CAPITAL PRIVATE LIMITED,Stock Broker,"Jan 30, 2013 - Perpetual",,,
INB261395835,ACHIIEVERS EQUITIES LIMITED,ACHIIEVERS EQUITIES LIMITED,Stock Broker,"Dec 18, 2012 - Perpetual",,,
INB261397237,FRR SHARES AND SECURITIES LIMITED,FRR SHARES AND SECURITIES LIMITED,Stock Broker,"Dec 18, 2012 - Perpetual",,,
INB261408638,AVON MANAGEMENT PRIVATE LIMITED,AVON MANAGEMENT PRIVATE LIMITED,Stock Broker,"Feb 08, 2013 - Perpetual",,,
INB261411335,VACHANA SECURITIES PRIVATE LIMITED,VACHANA SECURITIES PRIVATE LIMITED,Stock Broker,"Jan 22, 2013 - Perpetual",,,
INB261412234,PINNACLE FOREX & SECURITIES PRIVATE LIMITED,PINNACLE FOREX & SECURITIES PRIVATE LIMITED,Stock Broker,"Dec 13, 2012 - Perpetual",,,
INB261414537,EDELWEISS FINANCIAL ADVISORS LIMITED,EDELWEISS FINANCIAL ADVISORS LIMITED,Stock Broker,"Dec 11, 2012 - Perpetual",,,
INB261419437,QUANT BROKING PRIVATE LIMITED,QUANT BROKING PRIVATE LIMITED,Stock Broker,"Jan 08, 2013 - Perpetual",,,
INB261422837,LAHOTI FINANCIAL SERVICES LIMITED,LAHOTI FINANCIAL SERVICES LIMITED,Stock Broker,"Feb 07, 2013 - Perpetual",,,
INB261426234,SRM SECURITIES PRIVATE LIMITED,SRM SECURITIES PRIVATE LIMITED,Stock Broker,"May 06, 2013 - Perpetual",,,
INB261436530,KUMAR SHARE BROKERS LIMITED,KUMAR SHARE BROKERS LIMITED,Stock Broker,"Jun 05, 2013 - Perpetual",,,
INB261439138,MAX PLANWEALTH SECURITIES LIMITED,MAX PLANWEALTH SECURITIES LIMITED,Stock Broker,"Dec 28, 2012 - Perpetual",,,
INB261448436,ADORE BROKING PRIVATE LIMITED,ADORE BROKING PRIVATE LIMITED,Stock Broker,"Jun 25, 2013 - Perpetual",,,
INB261448634,PASSION STOCK BROKING PRIVATE LIMITED,PASSION STOCK BROKING PRIVATE LIMITED,Stock Broker,"Apr 30, 2013 - Perpetual",,,
INB261449137,HORIZON FINANCIAL CONSULTANTS PRIVATE LIMITED,HORIZON FINANCIAL CONSULTANTS PRIVATE LIMITED,Stock Broker,"Jan 28, 2013 - Perpetual",,,
INB261450036,SHIV CHARAN SECURITIES PRIVATE LIMITED,SHIV CHARAN SECURITIES PRIVATE LIMITED,Stock Broker,"Jan 29, 2013 - Perpetual",,,
INB261450416,K. RAJANI,ADITYA EQUITIES,Stock Broker,"Jan 09, 2013 - Perpetual",,,
INB261451331,TRADEDEAL FINANCIAL SERVICES PRIVATE LIMITED,TRADEDEAL FINANCIAL SERVICES PRIVATE LIMITED,Stock Broker,"Dec 11, 2012 - Perpetual",,,
INB261458732,PRODECS SECURITIES PRIVATE LIMITED,PRODECS SECURITIES PRIVATE LIMITED,Stock Broker,"Apr 30, 2013 - Perpetual",,,
INB261468335,AIMCO FINEX LIMITED,AIMCO FINEX LIMITED,Stock Broker,"Mar 19, 2013 - Perpetual",,,
INB261471131,SHREE SAIBALAJI SECURITIES PRIVATE LIMITED,SHREE SAIBALAJI SECURITIES PRIVATE LIMITED,Stock Broker,"Dec 17, 2012 - Perpetual",,,
INB261471230,SANCHAY SHARE TRADING PRIVATE LIMITED,SANCHAY SHARE TRADING PRIVATE LIMITED,Stock Broker,"Dec 17, 2012 - Perpetual",,,
INB261471339,REGENT MERCHANTS PRIVATE LIMITED,REGENT MERCHANTS PRIVATE LIMITED,Stock Broker,"Dec 17, 2012 - Perpetual",,,
INB261471719,SETU VASHISHTH,RS FINANCIAL SERVICES,Stock Broker,"Dec 17, 2012 - Perpetual",,,
INB261472238,GEE KAY FINSEC CONSULTANCY PRIVATE LIMITED,GEE KAY FINSEC CONSULTANCY PRIVATE LIMITED,Stock Broker,"Dec 19, 2012 - Perpetual",,,
INB261472634,MAATANGI CAPITAL CONSULTANTS PRIVATE LIMITED,MAATANGI CAPITAL CONSULTANTS PRIVATE LIMITED,Stock Broker,"Dec 20, 2012 - Perpetual",,,
INB261473335,HAPPY BROKERS PRIVATE LIMITED,HAPPY BROKERS PRIVATE LIMITED,Stock Broker,"Jan 02, 2013 - Perpetual",,,
INB261473517,PEERZAAD KHUSHROO DADYBURJOR,INVESTMENT CENTRE,Stock Broker,"Jan 02, 2013 - Perpetual",,,
INB261473913,ARVIND TANNA,BHAGVATI INVESTMENT,Stock Broker,"Jan 10, 2013 - Perpetual",,,
INB261474739,ESSKAY KAABRA FIN INVESTS PRIVATE LIMITED,ESSKAY KAABRA FIN INVESTS PRIVATE LIMITED,Stock Broker,"Jan 15, 2013 - Perpetual",,,
INB261474911,NIRMAL KHETAN,NIRMAL KHETAN,Stock Broker,"Jan 17, 2013 - Perpetual",,,
INB261475330,SPARSH BROKING PRIVATE LIMITED,SPARSH BROKING PRIVATE LIMITED,Stock Broker,"Jan 17, 2013 - Perpetual",,,
INB261477237,SHIVLOK SECURITIES PRIVATE LIMITED,SHIVLOK SECURITIES PRIVATE LIMITED,Stock Broker,"Jan 30, 2013 - Perpetual",,,
INB261477716,SAMIR NANDLAL SHAH,SAMIR N. SHAH,Stock Broker,"Feb 05, 2013 - Perpetual",,,
INB261477831,NAMOH CAPITAL SERVICES PRIVATE LIMITED,NAMOH CAPITAL SERVICES PRIVATE LIMITED,Stock Broker,"Feb 05, 2013 - Perpetual",,,
INB261478037,PCJ SECURITIES PRIVATE LIMITED,PCJ SECURITIES PRIVATE LIMITED,Stock Broker,"Feb 05, 2013 - Perpetual",,,
INB261478110,SONAL H. RAITHATHA,NIDHI FINCAP,Stock Broker,"Feb 05, 2013 - Perpetual",,,
INB261478532,INOQUEST ADVISORS PRIVATE LIMITED,INOQUEST ADVISORS PRIVATE LIMITED,Stock Broker,"Feb 07, 2013 - Perpetual",,,
INB261478631,NSB SECURITIES PRIVATE LIMITED,NSB SECURITIES PRIVATE LIMITED,Stock Broker,"Feb 07, 2013 - Perpetual",,,
INB261478730,MAA PADMAWATI SHARE AND STOCK BROKING PRIVATE LIMITED,MAA PADMAWATI SHARE AND STOCK BROKING PRIVATE LIMITED,Stock Broker,"Feb 08, 2013 - Perpetual",,,
INB261478938,GFX INVESTMENTS & FINANCIAL SERVICES,GFX INVESTMENTS & FINANCIAL SERVICES,Stock Broker,"Feb 14, 2013 - Perpetual",,,
INB261479621,DHARMA INNOVATIVE HOLDINGS,DHARMA INNOVATIVE HOLDINGS,Stock Broker,"Feb 22, 2013 - Perpetual",,,
INB261479936,S L CHOKHANY LEASING & FINANCE COMPANY PRIVATE LIMITED,S L CHOKHANY LEASING & FINANCE COMPANY PRIVATE LIMITED,Stock Broker,"Feb 27, 2013 - Perpetual",,,
INB261480934,CAMELLIA SECURITIES PRIVATE LIMITED,CAMELLIA SECURITIES PRIVATE LIMITED,Stock Broker,"Mar 20, 2013 - Perpetual",,,
INB261481312,AJIT KUMAR GUPTA,ANEE SECURITIES,Stock Broker,"Mar 20, 2013 - Perpetual",,,
INB261482435,ANUSHKAA SECURITIES PRIVATE LIMITED,ANUSHKAA SECURITIES PRIVATE LIMITED,Stock Broker,"Mar 26, 2013 - Perpetual",,,
INB261483136,PURUSHOTTAM VINIMAY PRIVATE LIMITED,PURUSHOTTAM VINIMAY PRIVATE LIMITED,Stock Broker,"Apr 08, 2013 - Perpetual",,,
INB261483235,NIHAR STOCKS LIMITED,NIHAR STOCKS LIMITED,Stock Broker,"Apr 08, 2013 - Perpetual",,,
INB261483631,SINGLA FIN LEAS PRIVATE LIMITED,SINGLA FIN LEAS PRIVATE LIMITED,Stock Broker,"Apr 09, 2013 - Perpetual",,,
INB261483722,KRISHANA SECURITIES,KRISHANA SECURITIES,Stock Broker,"Apr 09, 2013 - Perpetual",,,
INB261484837,EK DUNT SHARE BROKING PRIVATE LIMITED,EK DUNT SHARE BROKING PRIVATE LIMITED,Stock Broker,"Apr 18, 2013 - Perpetual",,,
INB261485537,RUZUAL SECURITIES RESEARCH & CONSULTANTS (P) LIMITED,RUZUAL SECURITIES RESEARCH & CONSULTANTS (P) LIMITED,Stock Broker,"Apr 22, 2013 - Perpetual",,,
INB261486337,ODYSSEY SECURITIES PRIVATE LIMITED,ODYSSEY SECURITIES PRIVATE LIMITED,Stock Broker,"Apr 30, 2013 - Perpetual",,,
INB261486527,PLATINUM SECURITIES,PLATINUM SECURITIES,Stock Broker,"Apr 30, 2013 - Perpetual",,,
INB261488531,FINSHORE SECURITIES PRIVATE LIMITED,FINSHORE SECURITIES PRIVATE LIMITED,Stock Broker,"May 23, 2013 - Perpetual",,,
INB261489836,TWENTY20 SECURITIES PRIVATE LIMITED,TWENTY20 SECURITIES PRIVATE LIMITED,Stock Broker,"Jun 14, 2013 - Perpetual",,,
INB261489935,PRINCE VINIMAY PRIVATE LIMITED,PRINCE VINIMAY PRIVATE LIMITED,Stock Broker,"Jun 24, 2013 - Perpetual",,,
INB261490438,ARTHAM STOCK BROKERS PRIVATE LIMITED,ARTHAM STOCK BROKERS PRIVATE LIMITED,Stock Broker,"Jun 26, 2013 - Perpetual",,,
INB261490933,BEZEL STOCK BROKERS PRIVATE LIMITED,BEZEL STOCK BROKERS PRIVATE LIMITED,Stock Broker,"Aug 19, 2013 - Perpetual",,,
INB261492095,S.SEETARATNAM,RAAS INVESTMENTS,Stock Broker,"Jul 16, 2013 - Perpetual",,,
INB261492236,SV SHARE BROKING PRIVATE LIMITED,SV SHARE BROKING PRIVATE LIMITED,Stock Broker,"Jul 16, 2013 - Perpetual",,,
INB261492897,SHREE SHYAM KRIPA STOCK BROKING PRIVATE LIMITED,SHREE SHYAM KRIPA STOCK BROKING PRIVATE LIMITED,Stock Broker,"Jul 22, 2013 - Perpetual",,,
INB261492939,MASS TRADE INDIA CONSULTANTS PRIVATE LIMITED,MASS TRADE INDIA CONSULTANTS PRIVATE LIMITED,Stock Broker,"Jul 23, 2013 - Perpetual",,,
INB261493317,SHIV KUMAR KUKREJA,OJAS CAPITAL,Stock Broker,"Jul 26, 2013 - Perpetual",,,
INB261498332,VARSHA VENTURES LIMITED,VARSHA VENTURES LIMITED,Stock Broker,"Sep 04, 2013 - Perpetual",,,
INH000000016,STAKEHOLDERS EMPOWERMENT SERVICES,,Research Analyst,"Jan 20, 2015 - Perpetual",MR. DEVENDRA BHANDARI,sesgovernance.com,
INH000000024,INSTITUTIONAL INVESTOR ADVISORY SERVICES INDIA LIMITED,,Research Analyst,"Jan 30, 2015 - Perpetual",AMIT TANDON,iias.in,
INH000000032,DEEPAK KUMAR KANODIA,,Research Analyst,"Feb 04, 2015 - Perpetual",DEEPAK KUMAR KANODIA,,
INH000000040,BOB CAPITAL MARKETS LIMITED,,Research Analyst,"Feb 04, 2015 - Perpetual",Sameer Khobrekar,bobcaps.in,
INH000000081,GEPL CAPITAL PRIVATE LIMITED,,Research Analyst,"Feb 10, 2015 - Perpetual",Vidnyan Sawant Sawant,geplcapital.com,
INH000000131,DAM CAPITAL ADVISORS LIMITED,,Research Analyst,"Oct 05, 2020 - Perpetual",AMIT GANGNAIK,idfc.com,
INH000000164,Angel One Limited,,Research Analyst,"Mar 19, 2015 - Perpetual",Bineet Jha,angelone.in,
INH000000206,Ashika Stock Services Limited,,Research Analyst,"Mar 24, 2015 - Perpetual",MR. PARAS BOTHRA,ashikagroup.com,
INH000000222,CHOICE EQUITY BROKING PRIVATE LIMITED,,Research Analyst,"Mar 25, 2015 - Perpetual",Swati Matkar,choiceindia.com,
INH000000248,IIFL Capital Services Limited,,Research Analyst,"Mar 26, 2015 - Perpetual",,,
INH000000263,INVESTEC CAPITAL SERVICES (INDIA) PRIVATE LIMITED,,Research Analyst,"Mar 30, 2015 - Perpetual",MS. INDU SINGH,investec.co.in,
INH000000271,Prabhudas Lilladher Private Limited,,Research Analyst,"Jan 17, 2023 - Perpetual",Roshan Jamdare,plindia.com,
INH000000297,AXIS SECURITIES LIMITED,,Research Analyst,"Apr 13, 2015 - Perpetual",Rajiv Kejriwal,axissecurities.in,
INH000000313,AMBIT CAPITAL PRIVATE LIMITED,,Research Analyst,"Apr 15, 2015 - Perpetual",Manish Dubey,ambit.co,
INH000000354,EMKAY GLOBAL FINANCIAL SERVICES LIMITED,,Research Analyst,"Apr 21, 2015 - Perpetual",MR. VAIBHAV PUROHIT,emkayglobal.com,
INH000000412,Motilal Oswal Financial Services Limited,,Research Analyst,"May 06, 2015 - Perpetual",NEERAJ AGARWAL,motilaloswal.com,
INH000000420,ANIL KUMAR ASNANI PROP. SMART VERC,,Research Analyst,"May 06, 2015 - Perpetual",ANIL KUMAR  ASNANI,,
INH000000438,CITIGROUP GLOBAL MARKETS INDIA PRIVATE LIMITED,,Research Analyst,"May 08, 2015 - Perpetual",Vishal Bohra,citi.com,
INH000000503,BofA Securities India Limited,,Research Analyst,"May 27, 2015 - Perpetual",NISHITH MEHTA,ml.com,
INH000000545,MACQUARIE CAPITAL SECURITIES (INDIA) PVT. LTD.,,Research Analyst,"Jun 04, 2015 - Perpetual",Aditya Suresh,macquarie.com,
INH000000552,Mehta Equities Private Limited,,Research Analyst,"Apr 23, 2026 - Perpetual",Prakash Joshi,plus500.com,
INH000000586,KOTAK SECURITIES LIMITED,,Research Analyst,"Jun 09, 2015 - Perpetual",MANOJ AGARWAL,kotak.com,
INH000000594,HEMINDRA KISHEN HAZARI,,Research Analyst,"Jun 11, 2015 - Perpetual",,,
INH000000602,SBICAP SECURITIES LIMITED,,Research Analyst,"Jun 11, 2015 - Perpetual",Srijith Menon,sbicapsec.com,
INH000000610,JM FINANCIAL INSTITUTIONAL SECURITIES LIMITED,,Research Analyst,"Jun 15, 2015 - Perpetual",SUNNY SHAH,jmfl.com,
INH000000644,Monarch Networth Capital Limited,,Research Analyst,"Jun 17, 2015 - Perpetual",MR. RUSHIKESH K PARIKH,networthdirect.com,
INH000000651,SURESH SHRIRAM SHARMA,,Research Analyst,"Jun 18, 2015 - Perpetual",SURESH SHRIRAM SHARMA,,
INH000000677,NAYAN M. VALA SECURITIES PVT LTD,,Research Analyst,"Jun 18, 2015 - Perpetual",MR. DHARMESH N. VALA,nayanmvala.com,
INH000000701,JEFFERIES INDIA PRIVATE LIMITED,,Research Analyst,"Jun 18, 2015 - Perpetual",Sanjay Pai,jefferies.com,
INH000000750,PARESH GORDHANDAS GANJWALA,,Research Analyst,"Jun 22, 2015 - Perpetual",PARESH GORDHANDAS GANJWALA,,
INH000000768,Jainee Parag Shah,,Research Analyst,"Jun 22, 2015 - Perpetual",JAINEE PARESH GANJWALA,,
INH000000776,SHILPA STOCK BROKER PVT. LTD,,Research Analyst,"Jun 24, 2015 - Perpetual",DHAWAL  JOSHI,ssbpl.net,
INH000000792,BNP PARIBAS SECURITIES INDIA PVT LTD,,Research Analyst,"Jun 24, 2015 - Perpetual",Karen Dsouza,bnpparibas.com,
INH000000834,ANAND RATHI SHARE AND STOCK BROKERS LIMITED,,Research Analyst,"Jun 29, 2015 - Perpetual",MR. DEEPAK KEDIA,rathi.com,
INH000000859,PROGRESSIVE SHARE BROKERS PVT LTD,,Research Analyst,"Jun 30, 2015 - Perpetual",Aditya Gaggar,progressiveshares.com,
INH000000867,SUSHIL FINANCIAL SERVICES PRIVATE LIMITED,,Research Analyst,"Jul 01, 2015 - Perpetual",Suresh Nemani,sushilfinance.com,
INH000000933,ELARA SECURITIES (INDIA) PRIVATE LIMITED,,Research Analyst,"Jul 07, 2015 - Perpetual",Anand Arunkumar Rao,elaracapital.com,
INH000000966,STANDARD CHARTERED SECURITIES (INDIA) LTD,,Research Analyst,"Jul 08, 2015 - Perpetual",JOGINDER SINGH,sc.com,
INH000000974,BP EQUITIES PRIVATE LIMITED,,Research Analyst,"Jul 09, 2015 - Perpetual",Inderpal  Bedi,bpwealth.com,
INH000000982,KHAMBATTA SECURITIES LIMITED,,Research Analyst,"Jul 09, 2015 - Perpetual",SATISH V. BETADPUR,khambattasecurities.com,
INH000000990,ICICI SECURITIES LIMITED.,,Research Analyst,"Jul 13, 2015 - Perpetual",MR. ATUL AGRAWAL,icicisecurities.com,
INH000001006,ARISAIG PARTNERS (INDIA) PRIVATE LTD.,,Research Analyst,"Jul 13, 2015 - Perpetual",Yong Soon Teo,arisaig.com,
INH000001014,NOMURA FINANCIAL ADVISORY AND SECURITIES (INDIA) PRIVATE LIMITED,,Research Analyst,"Jul 13, 2015 - Perpetual",JYOTI VINEET TANDON,nomura.com,
INH000001022,PRAKASH GABA,,Research Analyst,"Jul 14, 2015 - Perpetual",Prakash Gaba,,
INH000001055,KEDAR DATTATRAYA OAK,,Research Analyst,"Jul 17, 2015 - Perpetual",KEDAR DATTATRAYA OAK,,
INH000001071,AVINASH GORAKSHAKAR,,Research Analyst,"Jul 20, 2015 - Perpetual",,,
INH000001089,ANTIQUE STOCK BROKING LIMITED,,Research Analyst,"Jul 20, 2015 - Perpetual",ANIL R AGRAWAL,antiquelimited.com,
INH000001097,WAVES STRATEGY ADVISORS,,Research Analyst,"Jul 20, 2015 - Perpetual",ASHISH KYAL,wavesstrategy.com,
INH000001105,MORGAN STANLEY INDIA COMPANY PRIVATE LIMITED,,Research Analyst,"Jul 20, 2015 - Perpetual",ANIL RAJPUT,morganstanley.com,
INH000001113,CLSA INDIA PRIVATE LIMITED,,Research Analyst,"Jul 20, 2015 - Perpetual",RAJIV  HINGU,clsa.com,
INH000001121,STOCKHOLDING SERVICES LIMITED,,Research Analyst,"Jul 21, 2015 - Perpetual",,,
INH000001139,AMBAREESH BALIGA,,Research Analyst,"Jul 22, 2015 - Perpetual",AMBAREESH BALIGA,,
INH000001147,MAXIMUS SECURITIES LTD.,,Research Analyst,"Jul 27, 2015 - Perpetual",Vanitha  Poojari,maximussecurities.com,
INH000001154,EQUIRUS SECURITIES PRIVATE LIMITED,,Research Analyst,"Jul 28, 2015 - Perpetual",Naman Shah,equirus.com,
INH000001170,AJCON GLOBAL SERVICES LIMITED,,Research Analyst,"Jul 28, 2015 - Perpetual",Ashok Ajmera,ajcon.net,
INH000001196,JM FINANCIAL SERVICES LIMITED,,Research Analyst,"Jul 31, 2015 - Perpetual",AMAR  AGRAWAL,jmfl.com,
INH000001204,UBS SECURITIES INDIA PRIVATE LIMITED,,Research Analyst,"Aug 03, 2015 - Perpetual",Parameshwaran Shivaramakrishnan,ubs.com,
INH000001212,GOUTAM SHARMA (PROPRIETOR GROW WITH STOCKS),,Research Analyst,"Aug 03, 2015 - Perpetual",GOUTAM SHARMA,,
INH000001238,PRADYUT PATNAIK,,Research Analyst,"Aug 03, 2015 - Perpetual",PRADYUT PATNAIK,,
INH000001246,DALAL AND BROACHA STOCK BROKING PVT LTD,,Research Analyst,"Aug 04, 2015 - Perpetual",MR. NILESH PRIYAKANT DALAL,dalal-broacha.com,
INH000001253,CANARA BANK SECURITIES LTD.,,Research Analyst,"Aug 04, 2015 - Perpetual",MR. K. V. KAMATH,canmoney.in,
INH000001287,HSBC SECURITIES AND CAPITAL MARKETS (INDIA) PRIVATE LIMITED,,Research Analyst,"Aug 07, 2015 - Perpetual",Boski Bhojani,hsbc.co.in,
INH000001295,KRCHOKSEY SHARES AND SECURITIES PVT. LTD.,,Research Analyst,"Aug 11, 2015 - Perpetual",,,
INH000001329,SUNIDHI SECURITIES & FINANCE LTD.,,Research Analyst,"Aug 12, 2015 - Perpetual",MR. MAHESH DESAI,sunidhi.com,
INH000001337,SYKES & RAY EQUITIES (I) LTD,,Research Analyst,"Aug 12, 2015 - Perpetual",MR. ANIL C JAGTAP,sre.co.in,
INH000001345,PHILLIP CAPITAL (INDIA) PVT. LTD.,,Research Analyst,"Aug 13, 2015 - Perpetual",SANDEEP GUPTA,phillipcaital.in,
INH000001360,DARASHAW & COMPANY PRIVATE LIMITED,,Research Analyst,"Aug 13, 2015 - Perpetual",Maulik Hasmukh Trivedi,devenchoksey.com,
INH000001378,ASIAN MARKETS SECURITIES PRIVATE LIMITED,,Research Analyst,"Aug 13, 2015 - Perpetual",Narendra Singh,amsec.in,
INH000001394,MEGHANA VISHAL MALKAN,,Research Analyst,"Aug 14, 2015 - Perpetual",Meghana Vishal Malkan,,
INH000001428,KANTILAL CHHAGANLAL SECURITIES PRIVATE LIMITED,,Research Analyst,"Aug 19, 2015 - Perpetual",Mahesh  Ojha,kcsecurities.com,
INH000001436,NIRMAL BANG EQUITIES PRIVATE LIMITED,,Research Analyst,"Aug 19, 2015 - Perpetual",MR. SACHIN PAWAR,nirmalbang.com,
INH000001444,DIMENSIONAL SECURITIES PRIVATE LIMITED,,Research Analyst,"Aug 19, 2015 - Perpetual",Santosh Kumar Singh,dimensional.in,
INH000001469,CENTRUM BROKING LIMITED,,Research Analyst,"Aug 19, 2015 - Perpetual",Chintan  K Madiya,centrum.co.in,
INH000001493,GOLDMAN SACHS (INDIA) SECURITIES PRIVATE LIMITED,,Research Analyst,"Aug 21, 2015 - Perpetual",Anil Rajput,gs.com,
INH000001519,BARCLAYS SECURITIES (INDIA) PRIVATE LIMITED,,Research Analyst,"Aug 24, 2015 - Perpetual",Mridula Iyengar,barclays.com,
INH000001527,SSJ FINANCE & SECURITIES PVT LTD,,Research Analyst,"Aug 25, 2015 - Perpetual",MR. RANJEET  MORE,ssjfinance.com,
INH000001535,ITI SECURITIES BROKING LIMITED,,Research Analyst,"Aug 25, 2015 - Perpetual",Mahesh R  Tamboli,itiorg.com,
INH000001543,TRUST FINANCIAL CONSULTANCY SERVICES PRIVATE LIMITED,,Research Analyst,"Aug 25, 2015 - Perpetual",RAJESH NAG,trustgroup.in,
INH000001550,DHANKI SECURITIES PRIVATE LIMITED,,Research Analyst,"Aug 25, 2015 - Perpetual",MR. BHARAT V DHANKI,dhankisecurities.com,
INH000001592,SANJAY CHHABRIA,,Research Analyst,"Aug 26, 2015 - Perpetual",SANJAY CHHABRIA,,
INH000001634,VENTURA SECURITIES LIMITED,,Research Analyst,"Sep 02, 2015 - Perpetual",D P SINGH,ventura1.com,
INH000001642,KJMC CAPITAL MARKET SERVICES LIMITED,,Research Analyst,"Sep 02, 2015 - Perpetual",GIRISH JAIN,kjmc.com,
INH000001741,DEUTSCHE EQUITIES INDIA PRIVATE LIMITED,,Research Analyst,"Sep 22, 2015 - Perpetual",JEKKIN SHAH,db.com,
INH000001758,LKP SECURITIES LIMITED,,Research Analyst,"Sep 23, 2015 - Perpetual",Ayushi Jain,lkpsec.com,
INH000001766,NIRMAL BANG SECURITIES PRIVATE LIMITED,,Research Analyst,"Sep 23, 2015 - Perpetual",MR. SAMIR KAMDAR,nirmalbang.com,
INH000001824,WALLFORT FINANCIAL SERVICES LIMITED,,Research Analyst,"Sep 30, 2015 - Perpetual",ANIKET BHARADIA,wallfort.com,
INH000001873,J.P. MORGAN INDIA PRIVATE LIMITED,,Research Analyst,"Oct 05, 2015 - Perpetual",Spurthi Gadamsetty,jpmorgan.com,
INH000001915,PRABHAT MITTAL,,Research Analyst,"Oct 12, 2015 - Perpetual",PRABHAT MITTAL,,
INH000001923,SAJAG SECURITIES PVT. LTD.,,Research Analyst,"Oct 14, 2015 - Perpetual",RASHMI CHANDAK,sajag.co.in,
INH000002020,SARVENDRA SRIVASTAVA,,Research Analyst,"Nov 05, 2015 - Perpetual",SARVENDRA SRIVASTAVA,,
INH000002046,CHARTS PUNDIT,,Research Analyst,"Nov 05, 2015 - Perpetual",MR. HEMEN KAPADIA,,
INH000002053,TATA SECURITIES LIMITED,,Research Analyst,"Nov 05, 2015 - Perpetual",BINEET JHA,tatacapital.com,
INH000002079,MOHIT PRAKASH GABA,,Research Analyst,"Nov 10, 2015 - Perpetual",Mohit Gaba,,
INH000002095,JYOTI DEVIPRASAD BUDHIA,,Research Analyst,"Nov 10, 2015 - Perpetual",JYOTI DEVIPRASAD BUDHIA,ncfmtraining.com,
INH000002137,KUSH JITESH GHODASARA,,Research Analyst,"Nov 10, 2015 - Perpetual",KUSH JITESH GHODASARA,chartechnician.com,
INH000002145,ADITYA BIRLA MONEY LIMITED,,Research Analyst,"Nov 10, 2015 - Perpetual",Amit  Lahoti,adityabirlacapital.com,
INH000002186,MARWADI SHARES AND FINANCE LTD.,,Research Analyst,"Nov 10, 2015 - Perpetual",Tushit Mangukiya,marwadionline.in,
INH000002194,MASTER CAPITAL SERVICES LIMITED,,Research Analyst,"Nov 10, 2015 - Perpetual",MR. SAMIR KAMDAR,mastertrust.co.in,
INH000002376,YES SECURITIES (INDIA) LIMITED,,Research Analyst,"Nov 30, 2015 - Perpetual",RAKESH GUPTA,yessecuritiesltd.in,
INH000002384,IndusInd Securities Limited,,Research Analyst,"Nov 30, 2015 - Perpetual",Akshay Narkar,indusindmoney.com,
INH000002434,AXIS CAPITAL LIMITED,,Research Analyst,"Dec 04, 2015 - Perpetual",Vilma Mathias Gangahar,axiscap.in,
INH000002459,IDBI Capital Markets and Securities Ltd,,Research Analyst,"Dec 16, 2015 - Perpetual",Pushkar Vartak,idbicapital.com,
INH000002475,HDFC SECURITIES LIMITED,,Research Analyst,"Dec 22, 2015 - Perpetual",Murli Karkera,hdfcsec.com,
INH000002541,JULIUS BAER WEALTH ADVISORS (INDIA) PRIVATE LIMITED,,Research Analyst,"Jan 12, 2016 - Perpetual",NAYNESH SAMPAT,juliusbaer.com,
INH000002558,NIVEZA INDIA PRIVATE LIMITED,,Research Analyst,"Jan 14, 2016 - Perpetual",SAYALI VALIM KEDAR,,
INH000002590,Haitong Securities India Private Limited,,Research Analyst,"Jan 27, 2026 - Perpetual",Prasanna Chandwaskar,htisec.com,
INH000002608,PRASHANT S. VAISHAMPAYAN (PROPRIETOR OF TRIVIKRAM CONSULTANTS),,Research Analyst,"Feb 03, 2016 - Perpetual",PRASHANT S. VAISHAMPAYAN,,
INH000002665,SOUTH GUJARAT SHARES & SHAREBROKERS LIMITED,,Research Analyst,"Feb 19, 2016 - Perpetual",MR. AIYUB MOHAMED YACOOBALI,,
INH000002764,ARIHANT CAPITAL MARKETS LTD.,,Research Analyst,"Mar 11, 2016 - Perpetual",,arihantcapital.com,
INH000002814,STANDARD CHARTERED BANK,,Research Analyst,"Mar 21, 2016 - Perpetual",Ashutosh Sharma,sc.com,
INH000002855,DHAVAL P VYAS,,Research Analyst,"Apr 13, 2016 - Perpetual",DHAVAL P VYAS,dhavalpvyas.com,
INH000002947,SUSHIL KEDIA (SOLE PROPRIETOR OF KEDIANOMICS),,Research Analyst,"May 02, 2016 - Perpetual",,kedianomics.com,
INH000003051,Sanctum Wealth Private Limited,,Research Analyst,"May 27, 2016 - Perpetual",Rishabh Kumar,sanctumwealth.com,
INH000003127,DILIP DAVDA,,Research Analyst,"Jun 07, 2016 - Perpetual",,,
INH000003325,Options king research analyst,,Research Analyst,"Aug 01, 2016 - Perpetual",Sunil Pawar,,
INH000003341,MILAN VAISHNAV,,Research Analyst,"Aug 11, 2016 - Perpetual",,mymoneyplant.co.in,
INH000003507,ABJ FINSTOCKS,,Research Analyst,"Oct 18, 2016 - Perpetual",BHARTI ASHISH JOSHI,abjfinstocks.com,
INH000003663,BINDUL N SHAH,,Research Analyst,"Dec 24, 2016 - Perpetual",BINDUL N  SHAH,,
INH000004398,HEDGE EQUITIES LTD,,Research Analyst,"Sep 28, 2016 - Perpetual",Pavithra Pramod,hedgegroup.in,
INH000004413,SURESH RATHI SECURITIES PVT. LTD.,,Research Analyst,"Oct 17, 2016 - Perpetual",MALAY JOSHI,sureshrathi.in,
INH000004440,NIRAV DILIP DESAI,,Research Analyst,"Nov 03, 2016 - Perpetual",NIRAV DESAI,,
INH000004486,TRADEBULLS SECURITIES PRIVATE LIMITED,,Research Analyst,"Nov 24, 2016 - Perpetual",Shikha Shah,tradebulls.in,
INH000004495,PORECHA SECURITIES,,Research Analyst,"Nov 29, 2016 - Perpetual",SAMIR PORECHA,porecha.in,
INH000004501,VINAY AGRAWAL,,Research Analyst,"Nov 30, 2016 - Perpetual",VINAY AGRAWAL,,
INH000004547,NITILESH ATMARAM PAWASKAR,,Research Analyst,"Dec 19, 2016 - Perpetual",NITILESH PAWASKAR,,
INH000004592,PARESH,,Research Analyst,"Feb 16, 2017 - Perpetual",PARESH SHAH,,
INH000004608,Roshni S Pardeshi,,Research Analyst,"Feb 17, 2017 - Perpetual",,,
INH000004626,MINAL ADITYA JAIN,,Research Analyst,"Mar 10, 2017 - Perpetual",MINAL AGRAWAL,,
INH000004635,FIRST GLOBAL FINANCE PRIVATE LIMITED,,Research Analyst,"Mar 10, 2017 - Perpetual",NEERAJ KHANNA,firstglobal.in,
INH000004787,Elixir Equities Pvt. Ltd.,,Research Analyst,"May 18, 2017 - Perpetual",VARUN DIPAN MEHTA,elixirequities.com,
INH000004820,Neeraj Prakash Marathe (Proprietor: Sentinel Research),,Research Analyst,"May 30, 2017 - Perpetual",Neeraj Marathe,,
INH000004884,Mita Mehta,,Research Analyst,"Jun 13, 2017 - Perpetual",Mita Mehta,,
INH000004918,Jignesh,,Research Analyst,"Jun 27, 2017 - Perpetual",Jignesh Mehta,,
INH000005050,Sandeep M. Wagle,,Research Analyst,"Jul 19, 2017 - Perpetual",Sandeep Wagle,powermywealth.com,
INH000005069,PATEL ABHIKUMAR HARESBHAI,,Research Analyst,"Jul 19, 2017 - Perpetual",ABHIKUMAR PATEL,algobazar.com,
INH000005157,Vinay KULKARNI,,Research Analyst,"Sep 04, 2017 - Perpetual",Vinay Kulkarni,,
INH000005184,Amit Suresh Jain,,Research Analyst,"Sep 05, 2017 - Perpetual",Amit Jain,,
INH000005254,Kaviraj Securities Pvt. Ltd.,,Research Analyst,"Oct 11, 2017 - Perpetual",Anoop Purohit,kavirajsecurities.com,
INH000005263,KUNAL,,Research Analyst,"Oct 12, 2017 - Perpetual",KUNAL BOTHRA,,
INH000005397,PRITAM PRABODH DEUSKAR,,Research Analyst,"Nov 09, 2017 - Perpetual",PRITAM  DEUSKAR,,
INH000005430,Dinesh Ranglal Somani Proprietor of Pro Intellitrade Services,,Research Analyst,"Nov 20, 2017 - Perpetual",Dinesh Ranglal Somani,,
INH000005494,Rajesh Ravindra Satpute,,Research Analyst,"Nov 28, 2017 - Perpetual",Rajesh Satpute,,
INH000005500,Himadri Ghosh Roy,,Research Analyst,"Dec 12, 2017 - Perpetual",Himadri Roy,,
INH000005519,ARUNKUMAR DALPATBHAI RANGPARIYA,,Research Analyst,"Dec 12, 2017 - Perpetual",Arunkumar Rangpariya,,
INH000005537,JAVERI FISCAL SERVICES LTD,,Research Analyst,"Dec 20, 2017 - Perpetual",HARSH JAVERI,,
INH000005582,Profitmart Securities Pvt Ltd,,Research Analyst,"Jan 10, 2018 - Perpetual",Gaurav Kothari,profitmart.in,
INH000005625,Goldmine stocks Pvt Ltd.,,Research Analyst,"Jan 22, 2018 - Perpetual",SUKEN PANSERIYA,goldmine.co.in,
INH000005661,KUSHAL B LAKHANI,,Research Analyst,"Feb 14, 2018 - Perpetual",KUSHAL LAKHANI,,
INH000005740,Vispi,,Research Analyst,"Mar 09, 2018 - Perpetual",Vispi Buhariwala,,
INH000005847,SAMCO Securities Limited,,Research Analyst,"Apr 19, 2018 - Perpetual",Mahesh  Morbia,samco.in,
INH000005874,Nimesh Rajendra Thaker,,Research Analyst,"Apr 30, 2018 - Perpetual",Nimesh Thaker,,
INH000005908,SHARAD MISHRA,,Research Analyst,"May 15, 2018 - Perpetual",SHARAD MISHRA,,
INH000005935,SUNIL KAMDAR,,Research Analyst,"May 24, 2018 - Perpetual",SUNIL KAMDAR,,
INH000005962,UMESH KARNE,,Research Analyst,"Jun 11, 2018 - Perpetual",UMESH KARNE,,
INH000005971,Dipti,,Research Analyst,"Jun 12, 2018 - Perpetual",Dipti Patil,,
INH000006022,Neeraj Gupta,,Research Analyst,"Jun 21, 2018 - Perpetual",Neeraj Gupta,,
INH000006077,Dipen Shah,,Research Analyst,"Jun 29, 2018 - Perpetual",Dipen Shah,,
INH000006086,Atish Shakergaye Proprietor of Scoutstack Technical Research,,Research Analyst,"Jul 02, 2018 - Perpetual",ATISH SHAKERGAYE,,
INH000006095,HIREN DHANJIBHAI GARASONDIA,,Research Analyst,"Jul 02, 2018 - Perpetual",HIREN GARASONDIA,,
INH000006101,BRV CAPITAL PROP. BHAVESH RAMESHBHAI VASA,,Research Analyst,"Jul 04, 2018 - Perpetual",BHAVESH VASA,,
INH000006129,Inventure Growth & Securities Limited,,Research Analyst,"Jul 12, 2018 - Perpetual",Bhavi Gandhi,inventuregrowth.com,
INH000006156,Kedia Stocks and Commodities Research Pvt Ltd,,Research Analyst,"Aug 03, 2018 - Perpetual",Ajay Kedia,,
INH000006174,KAVAN DILIPBHAI PATEL,,Research Analyst,"Aug 06, 2018 - Perpetual",KAVAN PATEL,,
INH000006183,Sharekhan Limited,,Research Analyst,"Oct 20, 2025 - Perpetual",Joby Meledan,sharekhan.com,
INH000006314,Anshuman Chatterjee,,Research Analyst,"Sep 06, 2018 - Perpetual",Anshuman Chatterjee,,
INH000006332,Shubham Agarwal (Proprietor of Quantsapp Advisory),,Research Analyst,"Sep 06, 2018 - Perpetual",Shubham Agarwal,,
INH000006341,Akash Devidas Borkar,,Research Analyst,"Sep 07, 2018 - Perpetual",Akash Borkar,,
INH000006369,ABANS BROKING SERVICES PRIVATE LIMITED,,Research Analyst,"Sep 11, 2018 - Perpetual",,,
INH000006378,Sanford C. Bernstein India Private Limited,,Research Analyst,"Jun 26, 2024 - Perpetual",,,
INH000006396,DSIJ Wealth Advisory Private Limited,,Research Analyst,"Oct 05, 2018 - Perpetual",RAJESH  PADODE,dsij.in,
INH000006448,JAINAM BROKING LIMITED,,Research Analyst,"Oct 19, 2018 - Perpetual",SAURABH SHAH,jainam.in,
INH000006475,Sandesh Nandode,,Research Analyst,"Oct 22, 2018 - Perpetual",Sandesh Nandode,,
INH000006518,GAUTAM VORA - ULJK RESEARCH,,Research Analyst,"Oct 24, 2018 - Perpetual",GAUTAM VORA,uljk.in,
INH000006554,Institutional Shareholder Services India Private Limited,,Research Analyst,"Mar 14, 2024 - Perpetual",Ramu Nirmal,issgovernance.com,
INH000006642,HARNISH MAHESH SHUKLA,,Research Analyst,"Nov 29, 2018 - Perpetual",HARNISH SHUKLA,,
INH000006697,Jamnadas Virji Advisory,,Research Analyst,"Jan 08, 2019 - Perpetual",DHARAN SHAH,jamnadasvirji.com,
INH000006712,Damani  Financial Services Pvt Ltd,,Research Analyst,"Jan 10, 2019 - Perpetual",Abhinav  Damani,,
INH000006794,JAMNADAS MORARJEE SECURITIES LTD,,Research Analyst,"Jan 29, 2019 - Perpetual",HARSES KAMPANI,jmsl.in,
INH000006819,PRERNA SHARMA,,Research Analyst,"Feb 05, 2019 - Perpetual",Prerna Sharma,,
INH000006864,PRASHANT CHANDRAKANT BIRAJDAR,,Research Analyst,"Feb 21, 2019 - Perpetual",PRASHANT BIRAJDAR,,
INH000006907,JEENA SCRIPTECH ALPHA ADVISORS PRIVATE LIMITED,,Research Analyst,"Mar 06, 2019 - Perpetual",Gaurav Parikh,jsalphaa.com,
INH000007030,HITESH TULSIBHAI CHAUHAN PROPRIETOR OF H2 INVESTMENT MANAGERS,,Research Analyst,"Apr 09, 2019 - Perpetual",HITESH TULSIBHAI  CHAUHAN,,
INH000007094,RAJENDRA VITTHAL SURYAWANSHI,,Research Analyst,"May 06, 2019 - Perpetual",RAJENDRA SURYAWANSHI,,
INH000007100,Falguni Vahora,,Research Analyst,"May 07, 2019 - Perpetual",Falguni Vahora,,
INH000007216,Ankit Agrawal (Proprietor of Yellowstone Equity),,Research Analyst,"Jun 11, 2019 - Perpetual",Ankit Agrawal,,
INH000007289,JK SECURITIES PRIVATE LIMITED,,Research Analyst,"Jul 12, 2019 - Perpetual",MANISH SHAH,jksecurities.com,
INH000007429,SBI CAPITAL MARKETS LIMITED,,Research Analyst,"Oct 14, 2019 - Perpetual",BHASKAR  CHAKRABORTY,sbicaps.com,
INH000007465,Eqwires Research Analyst,,Research Analyst,"Nov 11, 2019 - Perpetual",Pranay Morakhiya,,
INH000007483,JAMNADAS VIRJI SHARES & STOCK BROKERS PVT LTD,,Research Analyst,"Nov 15, 2019 - Perpetual",DIVYESH SHAH,jvsons.com,
INH000007526,MIRAE ASSET CAPITAL MARKETS INDIA PRIVATE LIMITED,,Research Analyst,"Jan 14, 2020 - Perpetual",Gajanan Parkar,miraeassetcm.com,
INH000007553,TRADE EDGE RESEARCH SERVICES,,Research Analyst,"Feb 10, 2020 - Perpetual",Dhruv Udani,thincredblu.com,
INH000007562,NARENDRA BHIMARAM PRAJAPATI,,Research Analyst,"Feb 17, 2020 - Perpetual",NARENDRA PRAJAPATI,,
INH000007669,OPULENT INVESTMENT ADVISER PVT LTD,,Research Analyst,"Jul 02, 2020 - Perpetual",Shishir Suhane,stockaxis.com,
INH000007809,NAFA ASSET MANAGERS PRIVATE LIMITED,,Research Analyst,"Oct 08, 2020 - Perpetual",Deepali More,duesbergbosson.com,
INH000007854,CRISIL Limited,,Research Analyst,"Nov 03, 2020 - Perpetual",Prasad Koparkar,crisil.com,
INH000007863,Equinomics Research Pvt Ltd,,Research Analyst,"Nov 05, 2020 - Perpetual",Chokkalingam Gangatharan,equinomics.co.in,
INH000007924,Foram Chheda,,Research Analyst,"Nov 27, 2020 - Perpetual",Foram Chheda,,
INH000007997,KEYNOTE CAPITALS LIMITED,,Research Analyst,"Dec 15, 2020 - Perpetual",DEVIN JOSHI,keynoteindia.net,
INH000008011,Amit Shreeram Goel,,Research Analyst,"Dec 23, 2020 - Perpetual",Amit Goel,,
INH000008075,Nooresh Merani,,Research Analyst,"Jan 12, 2021 - Perpetual",Nooresh  Merani,,
INH000008084,RAHUL BHANDAWAT,,Research Analyst,"Jan 14, 2021 - Perpetual",RAHUL BHANDAWAT,,
INH000008093,Onepaper Research Analysts Pvt Ltd,,Research Analyst,"Jan 14, 2021 - Perpetual",Bimesh  Sah,onepaper.in,
INH000008109,Sandip Sabharwal,,Research Analyst,"Jan 27, 2021 - Perpetual",Sandip Sabharwal,asksandipsabharwal.com,
INH000008136,ASHISH AROLE PROPRIETOR OF EQUITY MIDAS CAPITAL,,Research Analyst,"Jan 28, 2021 - Perpetual",Ashish Arole,,
INH000008163,CHANDER SURANA,,Research Analyst,"Feb 03, 2021 - Perpetual",CHANDER SURANA,,
INH000008172,Mohanish Sanghavi,,Research Analyst,"Feb 08, 2021 - Perpetual",Mohanish Sanghavi,,
INH000008190,Vineet Ashwinikumar Chawla,,Research Analyst,"Feb 23, 2021 - Perpetual",Vineet Chawla,,
INH000008206,OMKARA CAPITAL PRIVATE LIMITED,,Research Analyst,"Feb 23, 2021 - Perpetual",Drasti Gandhi,omkaracapital.in,
INH000008288,Pankaj Randad (Proprietor: Equinox Research & Advisors),,Research Analyst,"Apr 16, 2021 - Perpetual",PANKAJ RANDAD,,
INH000008349,YADNYA ACADEMY PRIVATE LIMITED,,Research Analyst,"May 03, 2021 - Perpetual",Mayur Firodiya,investyadnya.in,
INH000008358,PB Shruti,,Research Analyst,"May 03, 2021 - Perpetual",Shruti PB,,
INH000008376,Abhijit Chokshi (Proprietor: Stockifi),,Research Analyst,"May 03, 2021 - Perpetual",Abhijit Chokshi,,
INH000008394,UPMARKET,,Research Analyst,"May 19, 2021 - Perpetual",AJINKYA LOKHANDE,,
INH000008419,Srayance Jain,,Research Analyst,"May 21, 2021 - Perpetual",Srayance Jain,,
INH000008428,Mehul Pravinbhai Jiyani,,Research Analyst,"May 25, 2021 - Perpetual",Mehul Jiyani,,
INH000008455,ROHIT GHOLAP,,Research Analyst,"May 27, 2021 - Perpetual",ROHIT GHOLAP,,
INH000008552,Sitanshu Gala (Proprietor: PowerTrade Equity and Advisory Services),,Research Analyst,"Jul 16, 2021 - Perpetual",Sitanshu Gala,,
INH000008570,MAITREYA GOVIND MAHAJAN,,Research Analyst,"Jul 22, 2021 - Perpetual",MAITREYA MAHAJAN,,
INH000008677,Salonee Sanghvi Proprietor My Wealth Guide,,Research Analyst,"Aug 30, 2021 - Perpetual",Salonee Sanghvi,mywealthguide.com,
INH000008686,Morningstar Investment Research India Private Limited,,Research Analyst,"Aug 31, 2021 - Perpetual",Purva Swan,morningstar.com,
INH000008835,Ganesh Sandeep Nagarsekar,,Research Analyst,"Nov 12, 2021 - Perpetual",Ganesh Nagarsekar,iimcal.ac.in,
INH000008899,Prashant P. sawant,,Research Analyst,"Nov 30, 2021 - Perpetual",Prashant Sawant,,
INH000008923,Ankush Suresh Jain,,Research Analyst,"Nov 30, 2021 - Perpetual",Ankush  Jain,,
INH000008941,Ankush Dhanendra Agrawal,,Research Analyst,"Dec 07, 2021 - Perpetual",Ankush Agrawal,,
INH000008969,Anup Tiwari,,Research Analyst,"Dec 14, 2021 - Perpetual",,,
INH000008996,WealthTrust Capital Services,,Research Analyst,"Dec 27, 2021 - Perpetual",Sneha  Jain,wealthtrustcap.com,
INH000009001,Nikhil Dayanand Baljekar,,Research Analyst,"Dec 27, 2021 - Perpetual",Nikhil Baljekar,,
INH000009047,"Nikhil Gangil Proprietor, Intrinsic Value Equity Advisors",,Research Analyst,"Feb 01, 2022 - Perpetual",NIKHIL GANGIL,,
INH000009074,Prosperity Wealth Adviser,,Research Analyst,"Feb 01, 2022 - Perpetual",SAMRAAT JADHAV,,
INH000009126,Kishore Suvarna,,Research Analyst,"Feb 09, 2022 - Perpetual",Kishore Suvarna,,
INH000009153,Vivek P Dhumale,,Research Analyst,"Feb 22, 2022 - Perpetual",Vivek Dhumale,,
INH000009162,Aniket Nerkar,,Research Analyst,"Feb 24, 2022 - Perpetual",Aniket Nerkar,,
INH000009180,STRATZY FINTECH PRIVATE LIMITED,,Research Analyst,"Mar 09, 2022 - Perpetual",Mohit Bhandari,stratzy.in,
INH000009205,Omkar Balkrishna Joshi,,Research Analyst,"Mar 10, 2022 - Perpetual",Omkar Joshi,,
INH000009223,Vishwas wealth Advisors,,Research Analyst,"Mar 16, 2022 - Perpetual",Vishwas Soman,,
INH000009269,Trade Encore,,Research Analyst,"Mar 30, 2022 - Perpetual",,,
INH000009311,GAURAV SHRIRAM KULKARNI,,Research Analyst,"Mar 31, 2022 - Perpetual",GAURAV KULKARNI,,
INH000009418,TRADING BRAIN 4U,,Research Analyst,"Apr 29, 2022 - Perpetual",NAVED AHMED ANSARI,,
INH000009427,Pavan Raghuvanshi Proprietor of HighRise Research,,Research Analyst,"Apr 29, 2022 - Perpetual",Pavan  Raghuvanshi,,
INH000009445,TM INVESTMENT TECHNOLOGIES PRIVATE LIMITED,,Research Analyst,"May 02, 2022 - Perpetual",Pooja Chavan,motilaloswal.com,
INH000009463,ABHISHEK NANDAN,,Research Analyst,"May 09, 2022 - Perpetual",Abhishek Nandan,,
INH000009524,Mintbox Solutions Private Limited,,Research Analyst,"May 13, 2022 - Perpetual",Anurag Bhalerao,mintbox.ai,
INH000009533,Santosh Kumar Karmraj Pasi,,Research Analyst,"May 13, 2022 - Perpetual",Santosh Kumar Pasi,,
INH000009560,Shashank Verma Proprietor of  Big Bull Research,,Research Analyst,"May 17, 2022 - Perpetual",Shashank Verma,,
INH000009588,Aditya Jain,,Research Analyst,"May 17, 2022 - Perpetual",Aditya Jain,,
INH000009603,InveStellar Equity Research and Consulting,,Research Analyst,"May 19, 2022 - Perpetual",Madhura Karekar,,
INH000009630,Solomon Henry Pinto,,Research Analyst,"May 24, 2022 - Perpetual",Solomon  Pinto,,
INH000009676,WEALTHVIEW ANALYTICS PRIVATE LIMITED,,Research Analyst,"May 30, 2022 - Perpetual",Rohi Kathal,,
INH000009685,DHARMESH BHATT,,Research Analyst,"May 31, 2022 - Perpetual",DHARMESHKUMAR BHATT,,
INH000009694,Research Mart Services Private Limited,,Research Analyst,"Jun 01, 2022 - Perpetual",Prakhar  Bagora,,
INH000009719,BRAINSTORMERZ RESEARCH AND DATA ANALYTICS PRIVATE LIMITED,,Research Analyst,"Jun 07, 2022 - Perpetual",,,
INH000009737,Abhishek Sharma Proprietor of Index Research,,Research Analyst,"Jun 09, 2022 - Perpetual",Abhishek Sharma,,
INH000009746,Sujay Chaudhari,,Research Analyst,"Jun 09, 2022 - Perpetual",SUJAY CHAUDHARI,,
INH000009764,AKASH KHATRI PROPRIETOR OF WEALTHY BRAINS,,Research Analyst,"Jun 10, 2022 - Perpetual",AKASH KHATRI,,
INH000009773,VISION ONLY RESEARCH SERVICES PRIVATE LIMITED,,Research Analyst,"Jun 10, 2022 - Perpetual",Vinay Agnihotri,,
INH000009782,Vijay Laxmi,,Research Analyst,"Jun 10, 2022 - Perpetual",Vijay Laxmi,,
INH000009807,Sumit Poddar Proprietor Tikona Capital,,Research Analyst,"Jun 13, 2022 - Perpetual",Sumit Poddar,tikonacapital.com,
INH000009816,Liquide Solutions Private Limited,,Research Analyst,"Jun 13, 2022 - Perpetual",Aniket Shirke,liquide.life,
INH000009825,Octanom Tech Private Limited,,Research Analyst,"Jun 13, 2022 - Perpetual",Rahul Ghose,octanom.com,
INH000009834,INTENSIFY RESEARCH SERVICES PRIVATE LIMITED,,Research Analyst,"Jun 13, 2022 - Perpetual",SHOEB  PATHAN,,
INH000009843,KAMAYAKYA WEALTH MANAGEMENT PRIVATE LIMITED,,Research Analyst,"Jun 13, 2022 - Perpetual",Aniket Kulkarni,kamayakya.com,
INH000009852,PROFIT BELL RESEARCH,,Research Analyst,"Jun 13, 2022 - Perpetual",GAJANAND MISHRA,,
INH000009861,INVESTOBAZAR WEALTH NIVESH PRIVATE LIMITED,,Research Analyst,"Jun 13, 2022 - Perpetual",Mahendra Moury,,
INH000009898,Investomania Research Services Private Limited,,Research Analyst,"Jun 16, 2022 - Perpetual",Akashdeep Chandel,investomaniaresearch.com,
INH000010043,BAJAJ FINANCIAL SECURITIES LIMITED,,Research Analyst,"Oct 10, 2022 - Perpetual",Harinatha  Reddy Muthumula,bajajbroking.in,
INH000010052,Pioneer Wealth Management Services Limited,,Research Analyst,"Oct 13, 2022 - Perpetual",Riddhi Sidhpura,pinc.co.in,
INH000010070,Bullish India Capital Pvt. Ltd.,,Research Analyst,"Oct 14, 2022 - Perpetual",Sanchi Arora,bullishindia.com,
INH000010089,Neeraj Kawadkar Proprietor of Finovoice,,Research Analyst,"Oct 17, 2022 - Perpetual",Neeraj  Kawadkar,,
INH000010098,PUNAM HUKUMCHAND KUCHERIA,,Research Analyst,"Oct 17, 2022 - Perpetual",PUNAM  KUCHERIA,,
INH000010104,Varalakshmi Balaji,,Research Analyst,"Oct 17, 2022 - Perpetual",Varalakshmi  Balaji,,
INH000010113,INVEST4EDU PRIVATE LIMITED,,Research Analyst,"Oct 17, 2022 - Perpetual",Dinesh  Saney,invest4edu.com,
INH000010131,Shriram Sreenivasan,,Research Analyst,"Oct 18, 2022 - Perpetual",Shriram Sreenivasan,,
INH000010140,MAUSUMI PANDA,,Research Analyst,"Oct 18, 2022 - Perpetual",MAUSUMI PANDA,,
INH000010168,SACHIN GUPTA,,Research Analyst,"Oct 18, 2022 - Perpetual",SACHIN GUPTA,,
INH000010177,Mint Investing,,Research Analyst,"Oct 18, 2022 - Perpetual",Naresh Bangeja,mintinvesting.in,
INH000010195,Neha Dogra,,Research Analyst,"Oct 18, 2022 - Perpetual",NEHA DOGRA,,
INH000010201,HARIOM PANCHAL,,Research Analyst,"Oct 18, 2022 - Perpetual",HARIOM PANCHAL,,
INH000010229,Plutus Advisors,,Research Analyst,"Oct 18, 2022 - Perpetual",Prakash  Pandey,,
INH000010238,FINWIZARD TECHNOLOGY PRIVATE LIMITED,,Research Analyst,"Oct 18, 2022 - Perpetual",KRISHNA JAKKULA,fisdom.com,
INH000010247,Mohd Irshad Gafuli,,Research Analyst,"Oct 18, 2022 - Perpetual",Mohd Irshad Gafuli,,
INH000010256,ASPERO MARKETS PRIVATE LIMITED,,Research Analyst,"Oct 18, 2022 - Perpetual",Vigneshwar  Mohandas,aspero.in,
INH000010265,Prabhash Mishra,,Research Analyst,"Oct 18, 2022 - Perpetual",Prabhash Mishra,,
INH000010274,RONAK MOONDRA,,Research Analyst,"Oct 18, 2022 - Perpetual",RONAK MOONDRA,,
INH000010283,Mudit Bali,,Research Analyst,"Oct 18, 2022 - Perpetual",Mudit Bali,nueton.co,
INH000010292,Bharat Rathode Proprietor TradeAura Research,,Research Analyst,"Oct 18, 2022 - Perpetual",,,
INH000010308,GREENCURVE SECURITIES,,Research Analyst,"Oct 18, 2022 - Perpetual",GAURAV SHARMA,,
INH000010317,Naga Venkata Satyanarayana Rao Adivi,,Research Analyst,"Oct 18, 2022 - Perpetual",Naga Venkata Adivi,,
INH000010326,Stockace Financial Services,,Research Analyst,"Oct 19, 2022 - Perpetual",Piyush  Rathi,,
INH000010335,RAGHUNANDAN CAPITAL PRIVATE LIMITED,,Research Analyst,"Oct 21, 2022 - Perpetual",NARENDRA SINGH,rmoneyindia.com,
INH000010344,Definedge Securities Broking Private Limited,,Research Analyst,"Oct 21, 2022 - Perpetual",Sanjay Nayak,definedge.com,
INH000010362,PRIDE TRADING CONSULTANCY PRIVATE LIMITED,,Research Analyst,"Oct 21, 2022 - Perpetual",APEKSHA BANSAL,,
INH000010371,INDIAN MARKET VIEW,,Research Analyst,"Oct 21, 2022 - Perpetual",SUMIT MAKHIJA,,
INH000010399,Nitin Jain,,Research Analyst,"Oct 27, 2022 - Perpetual",Nitin Jain,,
INH000010414,KALPESH BALKRISHNA NEVGI,,Research Analyst,"Oct 27, 2022 - Perpetual",KALPESH NEVGI,,
INH000010423,RISHI RAI,,Research Analyst,"Oct 27, 2022 - Perpetual",Rishi Rai,,
INH000010432,Suhas Fruitwala,,Research Analyst,"Oct 27, 2022 - Perpetual",Suhas Fruitwala,,
INH000010441,Ankush Bajaj,,Research Analyst,"Oct 27, 2022 - Perpetual",Ankush   Bajaj,,
INH000010450,ARVIND MANGAL,,Research Analyst,"Oct 28, 2022 - Perpetual",ARVIND MANGAL,,
INH000010478,Sahil Rohmehtra,,Research Analyst,"Oct 31, 2022 - Perpetual",,,
INH000010487,GAURI ANAND,,Research Analyst,"Oct 31, 2022 - Perpetual",GAURI ANAND,,
INH000010496,RAMAKRISHNAN T.B,,Research Analyst,"Oct 31, 2022 - Perpetual",RAMAKRISHNAN THANDASSERY,,
INH000010502,Mayank Bansal,,Research Analyst,"Oct 31, 2022 - Perpetual",Mayank Bansal,,
INH000010511,Vineet Mukesh Rajani,,Research Analyst,"Oct 31, 2022 - Perpetual",Vineet Rajani,,
INH000010566,Anitha M Proprietor of Brightways Financial Services,,Research Analyst,"Oct 31, 2022 - Perpetual",ANITHA MProprietor of Brightways FinancialServices,brightwaysfinancial.com,
INH000010575,AHIR ISHANI PROPRIETOR OF VENTURA RESEARCH,,Research Analyst,"Oct 31, 2022 - Perpetual",Ishani Ahir,,
INH000010584,HARJIVANDAS NEMIDAS SECURITIES PRIVATE LIMITED,,Research Analyst,"Oct 31, 2022 - Perpetual",KARTIK BROKER,,
INH000010593,NKD AND ASSOCIATES,,Research Analyst,"Oct 31, 2022 - Perpetual",NEWTON DHAR,,
INH000010609,RAVI PRAKASH MISHRA PROPRIETOR OF RA SOLUTION,,Research Analyst,"Oct 31, 2022 - Perpetual",RAVI PRAKASH MISHRA,,
INH000010618,STOCK GENIUS,,Research Analyst,"Oct 31, 2022 - Perpetual",Sayyed Zainulabedin,,
INH000010627,SEED CAPITAL RESEARCH PROPRIETOR : SHASHANK PRATAP SINGH,,Research Analyst,"Oct 31, 2022 - Perpetual",SHASHANK SINGH,,
INH000010645,HITESH SOMANI,,Research Analyst,"Oct 31, 2022 - Perpetual",HITESH SOMANI,,
INH000010672,Madhu Bansal,,Research Analyst,"Nov 04, 2022 - Perpetual",Madhu  Bansal,,
INH000010681,JAI SHEWARAMANI,,Research Analyst,"Nov 09, 2022 - Perpetual",JAI SHEWARAMANI,,
INH000010690,Ramprasad Omprakash Mundada proprietor of Maxpro capital advisory,,Research Analyst,"Nov 09, 2022 - Perpetual",RAMPRASAD MUNDADA,,
INH000010706,Vishal VallabhBhai Bhingaradiya,,Research Analyst,"Nov 09, 2022 - Perpetual",Vishal Bhingaradiya,,
INH000010715,SHASHANK BANSAL,,Research Analyst,"Nov 09, 2022 - Perpetual",SHASHANK BANSAL,,
INH000010724,Rohan Tyagi,,Research Analyst,"Nov 09, 2022 - Perpetual",Rohan Tyagi,,
INH000010742,Investmentor Securities Limited,,Research Analyst,"Nov 09, 2022 - Perpetual",Rupam Patel,investmentor.in,
INH000010751,Anshul Pathania,,Research Analyst,"Nov 09, 2022 - Perpetual",Anshul Pathania,,
INH000010760,Kunj B Bansal,,Research Analyst,"Nov 09, 2022 - Perpetual",Kunj Bansal,,
INH000010779,Parekh Sweety Rajkumar,,Research Analyst,"Nov 09, 2022 - Perpetual",Parekh Rajkumar,,
INH000010797,Naresh Gidwani,,Research Analyst,"Nov 10, 2022 - Perpetual",NARESH GIDWANI,,
INH000010803,Suhail Ahmed Proprietor of Yourstock Research,,Research Analyst,"Nov 10, 2022 - Perpetual",Suhail Ahmed,,
INH000010812,Vivek KR Singh,,Research Analyst,"Nov 10, 2022 - Perpetual",Vivek Singh,,
INH000010821,Suryansh Singh Chandel,,Research Analyst,"Nov 11, 2022 - Perpetual",Suryansh Chandel,mail.com,
INH000010830,KUNDAN MISHRA,,Research Analyst,"Nov 11, 2022 - Perpetual",KUNDAN MISHRA,researchaim.com,
INH000010849,Bivhav Nayak Proprietor of BN Research Services,,Research Analyst,"Nov 11, 2022 - Perpetual",Bivhav Nayak,,
INH000010858,GOPI KRISHNA MATCHA,,Research Analyst,"Nov 15, 2022 - Perpetual",GOPI  MATCHA,,
INH000010876,WAYA FINANCIAL TECHNOLOGIES PRIVATE LIMITED,,Research Analyst,"Nov 16, 2022 - Perpetual",AMIT VORA,thewaya.com,
INH000010885,NIRLEP SHAH,,Research Analyst,"Nov 21, 2022 - Perpetual",NIRLEP SHAH,,
INH000010900,Mitalm Gauswami,,Research Analyst,"Nov 23, 2022 - Perpetual",Mital Gauswami,,
INH000010919,NIVESHARTHA PRIVATE LIMITED,,Research Analyst,"Nov 23, 2022 - Perpetual",ANIL FERNANDES,,
INH000010928,Ruhi Chopra proprietor  of Suruhi Research,,Research Analyst,"Nov 23, 2022 - Perpetual",Ruhi Chopra,,
INH000010937,PARAG S SUMARIA,,Research Analyst,"Nov 23, 2022 - Perpetual",PARAG SUMARIA,,
INH000010946,SAMEER SATISH MEKDE,,Research Analyst,"Nov 23, 2022 - Perpetual",SAMEER MEKDE,,
INH000010955,Bhavin kishorbhai sorathiya,,Research Analyst,"Nov 24, 2022 - Perpetual",Bhavin sorathiya,,
INH000010982,KAVITA AGRAWAL,,Research Analyst,"Nov 24, 2022 - Perpetual",KAVITA AGRAWAL,,
INH000010991,PRIYANKA YADAV PROPRIETOR OF TRADE MONEY RESEARCH,,Research Analyst,"Dec 01, 2022 - Perpetual",PRIYANKA YADAV,,
INH000011006,HARSH VARDHAN PROPRIETOR OF STOCK OCEAN,,Research Analyst,"Dec 06, 2022 - Perpetual",Harsh Vardhan,,
INH000011024,INCRED RESEARCH SERVICES PRIVATE LIMITED,,Research Analyst,"Dec 06, 2022 - Perpetual",Yogesh Kadam,incredresearch.com,
INH000011033,PAWANDEEP SINGH BHATIA,,Research Analyst,"Dec 06, 2022 - Perpetual",PAWANDEEP BHATIA,,
INH000011042,Sudip Brahmachary,,Research Analyst,"Dec 06, 2022 - Perpetual",Sudip Brahmachary,,
INH000011060,ARTHA CAPITAL,,Research Analyst,"Dec 08, 2022 - Perpetual",DEVANSHU DAMANI,arthacapital.in,
INH000011088,Naveen Kumar Choudhary,,Research Analyst,"Dec 08, 2022 - Perpetual",Naveen Kumar Choudhary,,
INH000011097,Shishant Bhargava Proprietor of Gajnidhi Research,,Research Analyst,"Dec 14, 2022 - Perpetual",Shishant  Bhargava,,
INH000011103,Nuvama Wealth and Investment Limited,,Research Analyst,"Dec 16, 2022 - Perpetual",Namita Godbole,nuvama.com,
INH000011112,INTELISYS VENTURES PRIVATE LIMITED,,Research Analyst,"Dec 20, 2022 - Perpetual",ANKUSH JAIN,intelisysgroup.com,
INH000011149,WealthTrust Capital Services,,Research Analyst,"Dec 23, 2022 - Perpetual",Sneha Jain,wealthtrustcap.com,
INH000011158,KRISHNA KUMAR,,Research Analyst,"Dec 26, 2022 - Perpetual",KRISHNA KUMAR,,
INH000011167,s&ta equity research,,Research Analyst,"Dec 26, 2022 - Perpetual",CHETAN BHASIN,,
INH000011185,Aditya Umesh Hujband,,Research Analyst,"Jan 03, 2023 - Perpetual",Aditya Hujband,,
INH000011219,J G Shah Financial Consultants Private Limited,,Research Analyst,"Jan 13, 2023 - Perpetual",Kamlesh Shah,,
INH000011228,RAHEJA STOCK BROKERS PRIVATE LIMITED,,Research Analyst,"Jan 13, 2023 - Perpetual",TARUN RAHEJA,,
INH000011237,Smruti Kshirsagar,,Research Analyst,"Jan 16, 2023 - Perpetual",Smruti Kshirsagar,acumenn.io,
INH000011246,DRCHOKSEY FINSERV PRIVATE LIMITED,,Research Analyst,"Jan 16, 2023 - Perpetual",Varsha Shinde,devenchoksey.com,
INH000011255,UTTAM SINGH BAIS,,Research Analyst,"Jan 17, 2023 - Perpetual",UTTAM BAIS,,
INH000011264,Shashikant Nagar,,Research Analyst,"Jan 17, 2023 - Perpetual",Shashikant  Nagar,,
INH000011282,BIJAY KUMAR SHARMA,,Research Analyst,"Jan 23, 2023 - Perpetual",BIJAY SHARMA,,
INH000011291,Krishnakumar BV,,Research Analyst,"Jan 24, 2023 - Perpetual",KRISHNA KUMAR BV,,
INH000011307,Poulomi Harolikar,,Research Analyst,"Jan 25, 2023 - Perpetual",Poulomi Harolikar,,
INH000011316,NUVAMA WEALTH MANAGEMENT LIMITED,,Research Analyst,"Jan 27, 2023 - Perpetual",Abhijit Talekar,nuvama.com,
INH000011325,SUGAM KUMAR KASHYAP,,Research Analyst,"Feb 03, 2023 - Perpetual",SUGAM  KASHYAP,,
INH000011343,Saweety Saharan Proprietor of insight research,,Research Analyst,"Feb 03, 2023 - Perpetual",Saweety Saharan,,
INH000011352,Wealth Tree Research and Advisory Services,,Research Analyst,"Feb 03, 2023 - Perpetual",Vamsi Kona,,
INH000011361,SHAIL SHAKUNT APTE PROPRIETOR OF CHEVETOL RESOURCES,,Research Analyst,"Feb 08, 2023 - Perpetual",SHAIL APTE,,
INH000011370,Varun Patel proprietor of Jap Fin Serve,,Research Analyst,"Feb 13, 2023 - Perpetual",VARUNKUMAR PATEL,,
INH000011389,VAIBHAVKUMAR HARSHADBHAI SODVADIYA,,Research Analyst,"Feb 13, 2023 - Perpetual",VAIBHAVKUMAR SODVADIYA,,
INH000011398,MOHD FAISAL MOHD ASRAF GAFULI,,Research Analyst,"Feb 13, 2023 - Perpetual",MOHD FAISAL GAFULI,,
INH000011413,AMIT NITIN SHAH,,Research Analyst,"Feb 16, 2023 - Perpetual",AMIT  SHAH,,
INH000011431,360 ONE Distribution Services Limited,,Research Analyst,"Feb 16, 2023 - Perpetual",Dinesh Tanwar,iiflw.com,
INH000011459,Vikas Bagoriya Proprietor of Just Research,,Research Analyst,"Feb 20, 2023 - Perpetual",Vikas  Bagoriya,,
INH000011468,Alok Daiya,,Research Analyst,"Feb 20, 2023 - Perpetual",Alok Daiya,,
INH000011477,KARUNA BISHT,,Research Analyst,"Feb 20, 2023 - Perpetual",KARUNA BISHT,,
INH000011486,Rajendra Singh Chawalkar Proprietor RSC Research,,Research Analyst,"Feb 20, 2023 - Perpetual",Rajendra  Chawalkar,,
INH000011495,M/s Adira Securities Research,,Research Analyst,"Feb 21, 2023 - Perpetual",Sampat Jare,,
INH000011501,Akash Garg Proprietor of AG Analyst,,Research Analyst,"Feb 23, 2023 - Perpetual",Akash  Garg,,
INH000011510,Anupam Shrivastava,,Research Analyst,"Feb 24, 2023 - Perpetual",Anupam Shrivastava,,
INH000011529,Pankhuri Agrawal,,Research Analyst,"Feb 27, 2023 - Perpetual",Pankhuri Agrawal,,
INH000011538,Researchvia,,Research Analyst,"Mar 01, 2023 - Perpetual",Praveen  Dubey,,
INH000011787,ZAFAR IQBAL,,Research Analyst,"Mar 13, 2023 - Perpetual",ZAFAR IQBAL,,
INH000011802,Sandeep Gome proprietor of Assure Market Research,,Research Analyst,"Mar 14, 2023 - Perpetual",SANDEEP GOME,,
INH000011820,anujkumar lalitbhai kargathra,,Research Analyst,"Mar 14, 2023 - Perpetual",Anujkumar Kargathra,,
INH000011839,Ansh Bhilwar,,Research Analyst,"Mar 14, 2023 - Perpetual",Ansh Bhilwar,,
INH000011848,Muskan Wadhwani Proprietor Omni Capital Market Research,,Research Analyst,"Mar 14, 2023 - Perpetual",Muskan Wadhwani,,
INH000011866,ASHISH KUMAR,,Research Analyst,"Mar 14, 2023 - Perpetual",ASHISH  KUMAR,,
INH000011875,Balasara Mayur MeramBhai,,Research Analyst,"Mar 14, 2023 - Perpetual",Balasara MeramBhai,,
INH000011893,Love Sharma Proprietor of Amaradarsh Research And Analytics,,Research Analyst,"Mar 14, 2023 - Perpetual",Love Sharma,,
INH000011909,ARUNIMA RAI PROPRIETOR SV STOCK RESEARCH,,Research Analyst,"Mar 14, 2023 - Perpetual",Arunima Rai,,
INH000011918,Fynocrat Technologies Private Limited,,Research Analyst,"Mar 15, 2023 - Perpetual",Gaurav Goel,fynocrat.com,
INH000011927,FINVASIA SECURITIES PRIVATE LIMITED,,Research Analyst,"Mar 16, 2023 - Perpetual",Ramanjeet Kaur,shoonya.com,
INH000011936,RAJESH KUMAR SODHANI,,Research Analyst,"Mar 21, 2023 - Perpetual",RAJESH SODHANI,,
INH000011954,Mohit Agrawal,,Research Analyst,"Mar 24, 2023 - Perpetual",Mohit  Agrawal,,
INH000011963,GOPAL LOHAR,,Research Analyst,"Mar 24, 2023 - Perpetual",GOPAL LOHAR,,
INH000011972,DEEPAK AGRAWAL,,Research Analyst,"Mar 24, 2023 - Perpetual",DEEPAK AGRAWAL,,
INH000012157,INVESTOWRYGHT RESEARCH ANALYTICS PRIVATE LIMITED,,Research Analyst,"Mar 29, 2023 - Perpetual",Prashant Chhaparwal,,
INH000012166,FINKNIT RESEARCH ANALYSIS PRIVATE LIMITED,,Research Analyst,"Mar 29, 2023 - Perpetual",Pranav Vaidya,,
INH000012175,WEALTHYIN BROKING PRIVATE LIMITED,,Research Analyst,"Apr 05, 2023 - Perpetual",RAKHESH R,wealthy.in,
INH000012184,RAVI BHARATKUMAR GUPTA,,Research Analyst,"Apr 06, 2023 - Perpetual",RAVI GUPTA,,
INH000012193,JITENDRA JAISWAL,,Research Analyst,"Apr 06, 2023 - Perpetual",JITENDRA JAISWAL,,
INH000012209,HENSEX SECURITIES PRIVATE LIMITED,,Research Analyst,"Apr 10, 2023 - Perpetual",TAHIR HUSSAIN,hensex.com,
INH000012218,Rishav Kasera Proprietor Novel Research House,,Research Analyst,"Apr 11, 2023 - Perpetual",Rishav Kasera,,
INH000012227,PROFIDESKK RESEARCH,,Research Analyst,"Apr 11, 2023 - Perpetual",Likhith  Shekhar,,
INH000012245,PRATIK CHANDRA,,Research Analyst,"Apr 12, 2023 - Perpetual",PRATIK CHANDRA,icai.org,
INH000012254,AD STREETBULLS RESEARCH SERVICES,,Research Analyst,"Apr 12, 2023 - Perpetual",,,
INH000012263,SOVEREIGN GLOBAL MARKETS PRIVATE LIMITED,,Research Analyst,"Apr 17, 2023 - Perpetual",UMESH  TULSYAN,sovereignglobal.in,
INH000012272,TechnoFunda Ventures Private Limited,,Research Analyst,"Apr 18, 2023 - Perpetual",VIVEK MASHRANI,,
INH000012281,Chhotastock Research & Finance Private Limited,,Research Analyst,"Apr 25, 2023 - Perpetual",Mithun Venkatramana,chhotastock.com,
INH000012290,ARJUNA RESEARCH AND FINANCIAL SERVICES PRIVATE LIMITED,,Research Analyst,"Apr 25, 2023 - Perpetual",Mithlesh Kumar,,
INH000012333,Deepthi Rai proprietor of FIINASPIIRA RESEARCH SERVICES,,Research Analyst,"May 22, 2023 - Perpetual",,,
INH000012351,EQUITY4LIFE IH ANALYTICS PRIVATE LIMITED,,Research Analyst,"May 26, 2023 - Perpetual",Udit Sharma,,
INH000012360,Akshat Agarwala,,Research Analyst,"May 31, 2023 - Perpetual",Akshat Agarwala,,
INH000012379,MarketWolf Securities Private Limited,,Research Analyst,"Jun 06, 2023 - Perpetual",Kunal Kapoor,marketwolf.com,
INH000012388,IRSHAD AHMAD PROPRIETOR PHANTOM MARKET RESEARCH,,Research Analyst,"Jun 06, 2023 - Perpetual",IRSHAD AHMAD,,
INH000012397,Intensive Fiscal Services Private Limited,,Research Analyst,"Jun 06, 2023 - Perpetual",Shreyans  Surana,intensivefiscal.com,
INH000012403,Inuvest Financial Technologies Pvt Ltd,,Research Analyst,"Jun 08, 2023 - Perpetual",Kanavel Rajesh,inuvest.tech,
INH000012421,ANS PRIVATE LIMITED,,Research Analyst,"Jun 12, 2023 - Perpetual",MAHAVIR TOSHNIWAL,anspl.net,
INH000012430,Angel Securities Limited,,Research Analyst,"Jun 15, 2023 - Perpetual",Shailly Shanbhag,angelone.in,
INH000012449,MOOL CAPITAL PRIVATE LIMITED,,Research Analyst,"Jun 19, 2023 - Perpetual",Abhinav Nayar,mool.one,
INH000012458,FINTEREST CAPITAL RESEARCH PRIVATE LIMITED,,Research Analyst,"Jun 21, 2023 - Perpetual",Nikhil Oswal,finterestcapital.com,
INH000012467,Almondz Financial Services Limited,,Research Analyst,"Jun 26, 2023 - Perpetual",Ved Anil Gawkar,almondz.com,
INH000012476,Krest Research,,Research Analyst,"Jun 26, 2023 - Perpetual",Vinod Singh,,
INH000012485,KIFS Trade Capital Private Limited,,Research Analyst,"Jun 28, 2023 - Perpetual",Apeksha Modi,kifs.co.in,
INH000012494,Ambit Wealth Private Limited,,Research Analyst,"Dec 17, 2024 - Perpetual",Shailesh Adukia,ambit.co,
INH000012519,NIRMAL KUMAR SARDA,,Research Analyst,"Jul 07, 2023 - Perpetual",NIRMAL SARDA,nsarda.in,
INH000012537,Shree Ram Raut,,Research Analyst,"Jul 11, 2023 - Perpetual",Shree  Raut,,
INH000012546,VSPARTANS CONSULTANTS PRIVATE LIMITED,,Research Analyst,"Jul 13, 2023 - Perpetual",VIVEK SINGHAL,,
INH000012555,Jatneshwar Rajendra Shukla,,Research Analyst,"Jul 17, 2023 - Perpetual",Jatneshwar Shukla,,
INH000012582,SOIC Intelligent Research LLP,,Research Analyst,"Jul 24, 2023 - Perpetual",Shubham Ajmera,,
INH000012591,RAVI BHATT,,Research Analyst,"Jul 24, 2023 - Perpetual",RAVI BHATT,,
INH000012616,SNEHA VASUDEO,,Research Analyst,"Jul 28, 2023 - Perpetual",SNEHA VASUDEO,,
INH000012625,Rachana A Vaidya,,Research Analyst,"Aug 02, 2023 - Perpetual",Rachana Vaidya,,
INH000012634,Abhishek Dave Proprietor Fiscal Solution and Research,,Research Analyst,"Aug 03, 2023 - Perpetual",Abhishek Dave,,
INH000012652,Narendra Singh Rajput Proprietor Finest Capital Research,,Research Analyst,"Aug 10, 2023 - Perpetual",Narendra Rajput,,
INH000012661,SONAM JAIN,,Research Analyst,"Aug 11, 2023 - Perpetual",SONAM JAIN,,
INH000012689,AKHIL KUMAR RAI PROPRIETOR 3i RESEARCH,,Research Analyst,"Aug 25, 2023 - Perpetual",AKHIL RAI,,
INH000012698,Sonali Talreja,,Research Analyst,"Aug 25, 2023 - Perpetual",Sonali  Talreja,,
INH000012704,Richesse Consultants LLP,,Research Analyst,"Aug 25, 2023 - Perpetual",Hasif Parayamparambil,,
INH000012713,Ekwiti Research,,Research Analyst,"Aug 25, 2023 - Perpetual",Prajwal Gopal,ekwiti.in,
INH000012731,Ramesh Kumar Pandey Proprietor Money Treasure Research,,Research Analyst,"Aug 25, 2023 - Perpetual",Ramesh Pandey,,
INH000012740,Palash Kag Proprietor Sarathi Research,,Research Analyst,"Aug 25, 2023 - Perpetual",Palash Kag,,
INH000012759,Finnalysis Research Analyst,,Research Analyst,"Aug 28, 2023 - Perpetual",KISHWER KHAN,,
INH000012768,S Harish Chandan,,Research Analyst,"Aug 28, 2023 - Perpetual",S Harish Chandan,,
INH000012786,Visual Research,,Research Analyst,"Aug 30, 2023 - Perpetual",Satish Pandey,,
INH000012795,Asit Baran Pati,,Research Analyst,"Aug 31, 2023 - Perpetual",Asit Pati,,
INH000012801,NIKHIL SINGH GANGWAR,,Research Analyst,"Aug 31, 2023 - Perpetual",NIKHIL GANGWAR,,
INH000012810,ANKIT RAJ,,Research Analyst,"Aug 31, 2023 - Perpetual",ANKIT RAJ,,
INH000012829,Mohd Kasfur Dhuniyan,,Research Analyst,"Aug 31, 2023 - Perpetual",Mohd Kasfur Rahman Dhuniyan,,
INH000012838,Saurab Jain Proprietor Investment Cure Research,,Research Analyst,"Aug 31, 2023 - Perpetual",Saurab Jain,,
INH000012847,STOCKBULL RESEARCH PROP. ASHISH CHOCHA,,Research Analyst,"Sep 05, 2023 - Perpetual",ASHISH CHOCHA,,
INH000012856,DEEPAK PAL PROPRIETOR INVESTOGAINER RESEARCH,,Research Analyst,"Sep 05, 2023 - Perpetual",DEEPAK PAL,,
INH000012865,Deepika Bundela Proprietor of Trade Icon Research Analyst,,Research Analyst,"Sep 05, 2023 - Perpetual",DEEPIKA  BUNDELA,,
INH000012874,City Equity Research,,Research Analyst,"Sep 05, 2023 - Perpetual",SOURAV SINGHAL,,
INH000012883,Vijay Moye Proprietor of Tradespike Research Services,,Research Analyst,"Sep 05, 2023 - Perpetual",Vijay Moye,,
INH000012892,DAYCO SECURITIES PRIVATE LIMITED,,Research Analyst,"Sep 05, 2023 - Perpetual",ADITI  NUNDY,daycoindia.com,
INH000012908,Kunal Hasmukhlal Shah,,Research Analyst,"Sep 05, 2023 - Perpetual",Kunal Shah,,
INH000012917,GOURAV KUMAR NAYAK,,Research Analyst,"Sep 05, 2023 - Perpetual",GOURAV NAYAK,,
INH000012935,AKASH AGARWAL,,Research Analyst,"Sep 05, 2023 - Perpetual",AKASH AGARWAL,,
INH000012944,PAWAN MAHESHWARI,,Research Analyst,"Sep 05, 2023 - Perpetual",PAWAN MAHESHWARI,,
INH000012953,LNPR CAPITAL,,Research Analyst,"Sep 05, 2023 - Perpetual",RAKESH  DAS,,
INH000012962,"Bikram Gupta, Proprietor, Northpull Capital",,Research Analyst,"Sep 05, 2023 - Perpetual",Bikram Gupta,,
INH000012999,Esha Parikh,,Research Analyst,"Sep 13, 2023 - Perpetual",Esha Parikh,,
INH000013004,Miteshkumar A Panchal,,Research Analyst,"Sep 14, 2023 - Perpetual",Miteshkumar Panchal,,
INH000013022,Mudit Goyal,,Research Analyst,"Sep 15, 2023 - Perpetual",MUDIT GOYAL,,
INH000013031,SUDIP BANDYOPADHYAY,,Research Analyst,"Sep 15, 2023 - Perpetual",SUDIP BANDYOPADHYAY,,
INH000013040,ATHARVA VINAYAK SHIRGAONKAR,,Research Analyst,"Sep 15, 2023 - Perpetual",ATHARVA SHIRGAONKAR,asfswealth.co.in,
INH000013059,Sandhyavandanam Sandeep Rao,,Research Analyst,"Sep 21, 2023 - Perpetual",Sandeep Rao,,
INH000013068,Harshit Singhal,,Research Analyst,"Sep 27, 2023 - Perpetual",Harshit Singhal,,
INH000013077,Vinod Kumar Saha Proprietor of The Divine Research and Wealth Solution,,Research Analyst,"Oct 05, 2023 - Perpetual",Vinod Saha,drws.in,
INH000013086,SARAS JAIN PROPRIETOR OF SHRI BADRI KERDARESHWAR RESEARCH AND INVESTMENT,,Research Analyst,"Oct 05, 2023 - Perpetual",SARAS  JAIN,,
INH000013095,ACME Wealth Private Limited,,Research Analyst,"Oct 06, 2023 - Perpetual",Anand Prakash,,
INH000013101,Sahil Dhingra,,Research Analyst,"Oct 06, 2023 - Perpetual",Sahil Dhingra,,
INH000013110,SUMANTH REDDY R,,Research Analyst,"Oct 06, 2023 - Perpetual",SUMANTH R,,
INH000013129,Arpit Goyal,,Research Analyst,"Oct 06, 2023 - Perpetual",Arpit Goyal,,
INH000013147,Sandeep Gupta,,Research Analyst,"Oct 09, 2023 - Perpetual",SANDEEP GUPTA,,
INH000013156,STATLANE,,Research Analyst,"Oct 09, 2023 - Perpetual",Kunal Valia,statlane.in,
INH000013165,Arpit Kothari Proprietor Wealth Trade Research,,Research Analyst,"Oct 09, 2023 - Perpetual",Arpit Kothari,,
INH000013174,Aashish,,Research Analyst,"Oct 09, 2023 - Perpetual",Aashish Rajbir,,
INH000013192,EquityEdge Ventures,,Research Analyst,"Oct 09, 2023 - Perpetual",Yash Jalan,,
INH000013208,Rajesh Ladda,,Research Analyst,"Oct 09, 2023 - Perpetual",RAJESH LADDA,,
INH000013217,Dr Ravi Prakash Singh Proprietor DRSFINVEST,,Research Analyst,"Oct 09, 2023 - Perpetual",Ravi Singh,,
INH000013244,Abdullah Zaman,,Research Analyst,"Oct 09, 2023 - Perpetual",Abdullah  Zaman,,
INH000013253,AMIT PASTAGIA,,Research Analyst,"Oct 09, 2023 - Perpetual",AMIT PASTAGIA,,
INH000013280,ACE Research & Advisory,,Research Analyst,"Oct 09, 2023 - Perpetual",Amit Singla,,
INH000013314,AKHILESH GUPTA,,Research Analyst,"Oct 10, 2023 - Perpetual",AKHILESH GUPTA,,
INH000013323,Sharebazaario,,Research Analyst,"Oct 11, 2023 - Perpetual",PAVAN FALIYA,,
INH000013332,ASTHA CREDIT AND SECURITIES PRIVATE LIMITED,,Research Analyst,"Oct 12, 2023 - Perpetual",CHITRANGANA SINGH,asthatrade.com,
INH000013341,PANKAJ MANGALDAS SECURITIES PVT LTD,,Research Analyst,"Oct 12, 2023 - Perpetual",KARAN THAKKAR,pmsec.in,
INH000013350,Mayank Singh Chandel Proprietor of Chandel Street Capital,,Research Analyst,"Oct 12, 2023 - Perpetual",Mayank Chandel,,
INH000013369,CHILLAR FINTECH PRIVATE LIMITED,,Research Analyst,"Oct 12, 2023 - Perpetual",Rajkumar Desai,surplusapp.in,
INH000013378,SOURABH BAJAJ,,Research Analyst,"Oct 12, 2023 - Perpetual",SOURABH  BAJAJ,,
INH000013387,PhonePe Wealth Broking Private Limited,,Research Analyst,"Oct 12, 2023 - Perpetual",Vikram  Jain,phonepe.com,
INH000013411,STOXVERSE RESEARCH ANALYTICS PRIVATE LIMITED,,Research Analyst,"Oct 13, 2023 - Perpetual",Praveen Burigalla Liander,stoxverse.com,
INH000013420,VEETRADE RESEARCH ADVISORS PRIVATE LIMITED,,Research Analyst,"Oct 13, 2023 - Perpetual",SHUBHAM GEDAM,,
INH000013439,SREENIVASA SARMA BHAGAVATHULA,,Research Analyst,"Oct 16, 2023 - Perpetual",SREENIVASA BHAGAVATHULA,,
INH000013448,GOALZEN CAPITAL SERVICES PRIVATE LIMITED,,Research Analyst,"Oct 16, 2023 - Perpetual",Robin Arya,goalzencapital.in,
INH000013457,AAKANKSHA GUPTA,,Research Analyst,"Oct 16, 2023 - Perpetual",AAKANKSHA GUPTA,,
INH000013466,RaghuramanRA,,Research Analyst,"Oct 16, 2023 - Perpetual",Raghuraman Premagopalan,,
INH000013475,BOTALPHA TECHNOLOGIES PRIVATE LIMITED,,Research Analyst,"Oct 17, 2023 - Perpetual",RACHIT CHAWLA,,
INH000013484,Pallavi Bhalla,,Research Analyst,"Oct 17, 2023 - Perpetual",Pallavi Bhalla,,
INH000013493,KAMLESH SHESHMAL JAIN,,Research Analyst,"Oct 17, 2023 - Perpetual",KAMLESH JAIN,,
INH000013509,GAAMA RESEARCH PRIVATE LIMITED,,Research Analyst,"Oct 17, 2023 - Perpetual",Shashikant  Nagar,,
INH000013518,FINLIGHT RESEARCH INDIA PRIVATE LIMITED,,Research Analyst,"Oct 19, 2023 - Perpetual",ARPAN MALU,,
INH000013527,Intrinsic Capital Advisors,,Research Analyst,"Oct 20, 2023 - Perpetual",Prateek Rathi,,
INH000013545,Bhupesh Sharma Proprietor of L&P Advisory Services,,Research Analyst,"Nov 01, 2023 - Perpetual",Bhupesh  Sharma,,
INH000013554,Shubham Rajendra Jain,,Research Analyst,"Nov 02, 2023 - Perpetual",Shubham Jain,,
INH000013581,Anuj Rakheja Proprietor of The Momentum Investing Co.,,Research Analyst,"Nov 15, 2023 - Perpetual",ANUJ RAKHEJA,,
INH000013590,RAJESHWARA PANDIAN PROPRIETOR OF EASY SHARE SERVICES,,Research Analyst,"Nov 17, 2023 - Perpetual",Rajeshwara pandian,,
INH000013606,SANJEEV KUMAR KASHYAP PROPRIETOR OF MONEYCURE RESEARCH SERVICES,,Research Analyst,"Nov 17, 2023 - Perpetual",Sanjeev Kashyap,,
INH000013615,Sumit Khare,,Research Analyst,"Nov 17, 2023 - Perpetual",Sumit  Khare,,
INH000013624,Tarun Kumar Patidar Proprietor of Equifin Research,,Research Analyst,"Nov 17, 2023 - Perpetual",Tarun Patidar,,
INH000013633,Pervez Danish,,Research Analyst,"Nov 29, 2023 - Perpetual",Pervez Danish,,
INH000013642,Aakash Rathore Proprietor of Kuber Alpha Research,,Research Analyst,"Nov 29, 2023 - Perpetual",Aakash  Rathore,,
INH000013660,Tarun Garg Proprietor of Stocklution Research Analytics,,Research Analyst,"Nov 29, 2023 - Perpetual",Tarun Garg,,
INH000013679,DIPAK M TAKODARA,,Research Analyst,"Nov 29, 2023 - Perpetual",DIPAK TAKODARA,,
INH000013703,THE CHARTERED SOLUTIONS,,Research Analyst,"Nov 29, 2023 - Perpetual",Anubhav Sharma,,
INH000013730,Niraj Kumar Jain Proprietor Star Wealth Research,,Research Analyst,"Nov 29, 2023 - Perpetual",Niraj Jain,,
INH000013749,Gaurav Pathak Proprietor of Ruddraksh Research,,Research Analyst,"Nov 29, 2023 - Perpetual",Gaurav Pathak,,
INH000013767,Trading Cafe India,,Research Analyst,"Nov 30, 2023 - Perpetual",Chinmay Dudhane,,
INH000013776,UNIRESEARCH GLOBAL PRIVATE LIMITED,,Research Analyst,"Nov 30, 2023 - Perpetual",VINAY ARORA,uniresearch.in,
INH000013785,Abhishek Panwar Proprietor of The Horizon Research Service,,Research Analyst,"Nov 30, 2023 - Perpetual",Abhishek Panwar,,
INH000013794,"ADITYA THUKRAL, PROPRIETOR, AT RESEARCH AND RISK MANAGERS",,Research Analyst,"Nov 30, 2023 - Perpetual",ADITYA THUKRAL,,
INH000013800,Sheetal Sanjeev Kunder Proprietor of Envision Research Associates,,Research Analyst,"Dec 01, 2023 - Perpetual",Sheetal Kunder,,
INH000013828,Cupressus Enterprises Private Limited,,Research Analyst,"Dec 01, 2023 - Perpetual",Prateek Dugar,intelsense.in,
INH000013846,Pranali Prasad Choughule Proprietor Dealwise Pro Research Analyst,,Research Analyst,"Dec 01, 2023 - Perpetual",Pranali Choughule,dealwisepro.com,
INH000013855,Vineet Kumar Saxena,,Research Analyst,"Dec 01, 2023 - Perpetual",Vineet Saxena,,
INH000013864,KAVA PARAG CHANDUBHAI,,Research Analyst,"Dec 01, 2023 - Perpetual",PARAG KAVA,,
INH000013873,ADITYA SHIVHARE,,Research Analyst,"Dec 01, 2023 - Perpetual",ADITYA SHIVHARE,,
INH000013891,Nihal Binjwa Proprietor Money Magicians Research,,Research Analyst,"Dec 01, 2023 - Perpetual",NIhal Binjwa,,
INH000013907,Zanil Shah,,Research Analyst,"Dec 01, 2023 - Perpetual",Zanil Shah,zanilshah.com,
INH000013925,STOCKWIZ TECHNOLOGIES LLP,,Research Analyst,"Dec 04, 2023 - Perpetual",Parang Mehta,,
INH000013961,Jupiter Stock Brokers Limited,,Research Analyst,"Dec 06, 2023 - Perpetual",Dhanesh Raheja,,
INH000013970,"Vedant Aditya Wanchoo, Proprietor of CGI",,Research Analyst,"Dec 06, 2023 - Perpetual",Vedant Wanchoo,,
INH000013989,Uttam Kumar,,Research Analyst,"Dec 06, 2023 - Perpetual",Uttam Kumar,rediff.com,
INH000014012,dolat capital mkt pvt ltd,,Research Analyst,"Dec 11, 2023 - Perpetual",SANDEEP BHOWAD,dolatcapital.com,
INH000014030,Vasu Shankar Gupta Proprietor of Auspicious Portfolio & Research,,Research Analyst,"Dec 13, 2023 - Perpetual",Vasu Gupta,,
INH000014049,Ankit Rambabu Jaiswal Proprietor of BullStockindia Research,,Research Analyst,"Dec 15, 2023 - Perpetual",Ankit Jaiswal,bullstockindia.com,
INH000014067,SUNGROW RESEARCH AND FINANCIAL SERVICES PRIVATE LIMITED,,Research Analyst,"Dec 18, 2023 - Perpetual",DIWAKAR GUPTA,,
INH000014076,Vipin Dixena,,Research Analyst,"Dec 18, 2023 - Perpetual",Vipin Dixena,,
INH000014085,Capitalsquare Financial Services Private Limited,,Research Analyst,"Dec 18, 2023 - Perpetual",Sunil Kumar Manocha,capitalsquare.in,
INH000014094,GSB Securities Private Limited,,Research Analyst,"Dec 18, 2023 - Perpetual",Suyash Biyani,gsbgroup.co.in,
INH000014119,sankalp chaturvedi,,Research Analyst,"Dec 20, 2023 - Perpetual",sankalp chaturvedi,,
INH000014128,Nitin Sharma,,Research Analyst,"Dec 21, 2023 - Perpetual",Nitin Sharma,,
INH000014137,MY FIRST STOCK,,Research Analyst,"Dec 21, 2023 - Perpetual",SANYAM CHOPRA,,
INH000014146,DEVESH DUBEY,,Research Analyst,"Dec 22, 2023 - Perpetual",Devesh Dubey,,
INH000014155,Dhruv Tuli,,Research Analyst,"Dec 22, 2023 - Perpetual",Dhruv Tuli,,
INH000014164,Sneha Rai Proprietor of Invest Inn Research,,Research Analyst,"Dec 22, 2023 - Perpetual",Sneha Rai,,
INH000014182,Khushal Growwealth Research Private Limited,,Research Analyst,"Dec 26, 2023 - Perpetual",Adesh Nayak,,
INH000014191,Isha Chhabra,,Research Analyst,"Dec 26, 2023 - Perpetual",Isha Chhabra,,
INH000014207,Subhash Singh Tomar Proprietor Confluence Research Service,,Research Analyst,"Dec 26, 2023 - Perpetual",Subhash  Tomar,,
INH000014216,KHUMANSINH MANSINH GOHIL,,Research Analyst,"Dec 26, 2023 - Perpetual",KHUMANSINH GOHIL,,
INH000014225,"SANTOSH P, PROPRIETOR OF VN INVESTMENTS",,Research Analyst,"Dec 26, 2023 - Perpetual",SANTOSH P,,
INH000014234,PARTH SUNIL SHAH,,Research Analyst,"Dec 26, 2023 - Perpetual",PARTH SHAH,,
INH000014243,BIGARC ANALYTICA PRIVATE LIMITED,,Research Analyst,"Jan 01, 2024 - Perpetual",DILIP KUMAR,bigarc.in,
INH000014261,Sunil Gurjar,,Research Analyst,"Jan 01, 2024 - Perpetual",Sunil Gurjar,,
INH000014289,SAGAR PATEL,,Research Analyst,"Jan 03, 2024 - Perpetual",SAGAR PATEL,,
INH000014298,CHIRAG KULDEEP JAIN,,Research Analyst,"Jan 03, 2024 - Perpetual",chirag jain,,
INH000014304,KRISHNA STREETBULLS PRIVATE LIMITED,,Research Analyst,"Jan 03, 2024 - Perpetual",MUKESHKUMAR CHAUDHARY,,
INH000014322,Saurabh Sahu Proprietor of Asset Financial Solution,,Research Analyst,"Jan 05, 2024 - Perpetual",Saurabh Sahu,,
INH000014340,ASHISH SINGH,,Research Analyst,"Jan 08, 2024 - Perpetual",ASHISH SINGH,,
INH000014359,Sreekanth Vaddem Proprietor of Trading Parivar,,Research Analyst,"Jan 08, 2024 - Perpetual",Sreekanth Vaddem,,
INH000014368,BIDYUT BISWAS,,Research Analyst,"Jan 08, 2024 - Perpetual",BIDYUT BISWAS,,
INH000014377,THRASU THALATAM,,Research Analyst,"Jan 08, 2024 - Perpetual",THRASU THALATAM,,
INH000014386,BS Investment,,Research Analyst,"Jan 08, 2024 - Perpetual",BHAVEN SHAH,,
INH000014395,LAKSHMISHREE INVESTMENT AND SECURITIES LIMITED,,Research Analyst,"Jan 08, 2024 - Perpetual",ABHISHEK SHARMA,lakshmishree.com,
INH000014429,InGovern Research Services Pvt Ltd,,Research Analyst,"Jan 08, 2024 - Perpetual",Shriram Subramanian,ingovern.com,
INH000014447,Manash Sardar,,Research Analyst,"Jan 10, 2024 - Perpetual",Manash Sardar,,
INH000014456,Ritu Chouhan Proprietor of The Money Mint Research and Trading Academy,,Research Analyst,"Jan 11, 2024 - Perpetual",Ritu Chouhan,,
INH000014465,Shaket Kapoor,,Research Analyst,"Jan 12, 2024 - Perpetual",Shaket Kapoor,,
INH000014474,Varun Agarwal Proprietor of Networthy Financial Services,,Research Analyst,"Jan 12, 2024 - Perpetual",Varun Agarwal,,
INH000014483,Suyash Srivastava,,Research Analyst,"Jan 16, 2024 - Perpetual",Suyash Srivastava,,
INH000014492,Krushnakant Sudhirkumar Rathi  Proprietor of Rathi Equity Research,,Research Analyst,"Jan 12, 2024 - Perpetual",Krushnakant Rathi,,
INH000014508,VARUN BHARGAV Proprietor of Profit X Research,,Research Analyst,"Jan 16, 2024 - Perpetual",VARUN  BHARGAV,,
INH000014517,Rashmi Talmale,,Research Analyst,"Jan 17, 2024 - Perpetual",Rashmi  Talmale,,
INH000014526,Apurva Anil Sharma Proprietor of RAAS Capital Research Analysts,,Research Analyst,"Jan 17, 2024 - Perpetual",Apurva Sharma,,
INH000014535,Kiran Mammen Mathulla,,Research Analyst,"Jan 17, 2024 - Perpetual",Kiran Mathulla,,
INH000014553,MIKAL KEYUR SHAH PROPRIETOR OF NEXUS RESEARCH,,Research Analyst,"Jan 17, 2024 - Perpetual",MIKAL SHAH,,
INH000014580,Muruppel Kuruvila James Proprietor of Ideal Research,,Research Analyst,"Jan 19, 2024 - Perpetual",Muruppel James,,
INH000014599,RAJIT RAJORIYA,,Research Analyst,"Jan 19, 2024 - Perpetual",RAJIT RAJORIYA,,
INH000014605,GAURAV NARENDRA PURI,,Research Analyst,"Jan 19, 2024 - Perpetual",GAURAV PURI,,
INH000014614,NEERAJ DEWAN,,Research Analyst,"Jan 29, 2024 - Perpetual",Neeraj Dewan,,
INH000014650,Syed Haris Ali Proprietor of Alpha Wealth Research,,Research Analyst,"Jan 31, 2024 - Perpetual",Syed Ali,,
INH000014669,Future Multibagger stock,,Research Analyst,"Feb 08, 2024 - Perpetual",Pritkumar kalavadia,,
INH000014687,B N RATHI SECURITIES LIMITED,,Research Analyst,"Feb 09, 2024 - Perpetual",CHETAN RATHI,bnrsecurities.com,
INH000014702,Mayank Hardia,,Research Analyst,"Feb 09, 2024 - Perpetual",Mayank Hardia,,
INH000014711,Nilesh Sarda,,Research Analyst,"Feb 09, 2024 - Perpetual",Nilesh Sarda,yahoo.in,
INH000014720,Mayuri Chhaparwal Proprietor of Divine Research,,Research Analyst,"Feb 09, 2024 - Perpetual",Mayuri Chhaparwal,,
INH000014739,Kalim Khan Proprietor of Petrel Capital Research,,Research Analyst,"Feb 09, 2024 - Perpetual",Kalim Khan,,
INH000014748,PURVESH MEHTA,,Research Analyst,"Feb 09, 2024 - Perpetual",PURVESH MEHTA,,
INH000014757,RUMPA SARKAR,,Research Analyst,"Feb 09, 2024 - Perpetual",RUMPA SARKAR,,
INH000014766,IntelliRecommend Research Private Ltd,,Research Analyst,"Feb 09, 2024 - Perpetual",Manish Ahuja,intelliinvest.com,
INH000014775,Ritesh Gupta Proprietor of Worthwhiz Financial Services,,Research Analyst,"Feb 09, 2024 - Perpetual",Ritesh Gupta,,
INH000014784,Kirti Saraf,,Research Analyst,"Feb 09, 2024 - Perpetual",Kirti Saraf,,
INH000014793,SUVASIS DEBATA,,Research Analyst,"Feb 09, 2024 - Perpetual",SUVASIS DEBATA,,
INH000014809,Khushbu Jugal Sherdiwala Proprietor Of Bull Magneto,,Research Analyst,"Feb 09, 2024 - Perpetual",Khushbu Sherdiwala,,
INH000014818,DIVINE WISDOM FINANCIAL INDIA PRIVATE LIMITED,,Research Analyst,"Feb 09, 2024 - Perpetual",RAJESH  M D,,
INH000014827,Gokul Chhabra,,Research Analyst,"Feb 09, 2024 - Perpetual",Gokul Chhabra,,
INH000014836,Omkar Sunil Kadam Proprietor of Travestingmoney,,Research Analyst,"Feb 09, 2024 - Perpetual",Omkar Kadam,,
INH000014845,KULNEET SINGH GURMEET SINGH BINDRA,,Research Analyst,"Feb 09, 2024 - Perpetual",KULNEET SINGH BINDRA,,
INH000014863,SUSANTH K V,,Research Analyst,"Feb 09, 2024 - Perpetual",SUSANTH V,,
INH000014881,Hemant Bajaj Proprietor Krijuna Research and Analytics,,Research Analyst,"Feb 09, 2024 - Perpetual",Hemant Bajaj,,
INH000014890,anand kumar rathi,,Research Analyst,"Feb 09, 2024 - Perpetual",anand rathi,,
INH000014915,Dezerv Investments Private Limited,,Research Analyst,"Feb 09, 2024 - Perpetual",Kavita Khatri,dezerv.in,
INH000014988,SANJEEV PRADHAN,,Research Analyst,"Feb 12, 2024 - Perpetual",Sanjeev Pradhan,,
INH000014997,ARTIBA VIJAYSINH RANA PROPRIETOR OF  AR RESEARCH,,Research Analyst,"Feb 14, 2024 - Perpetual",ARTIBA RANA,,
INH000015002,Krunal Rajubhai Rajput Proprietor of Money Wealth,,Research Analyst,"Feb 14, 2024 - Perpetual",KRUNAL RAJPUT,,
INH000015011,Afaque Ali Proprietor Of Misal India,,Research Analyst,"Feb 14, 2024 - Perpetual",Afaque Ali,,
INH000015020,NITESHKUMAR SIDDHRAM SHENDRE,,Research Analyst,"Feb 14, 2024 - Perpetual",NITESHKUMAR SHENDRE,,
INH000015039,Ram Naresh Singh Proprietor Prime Market Research,,Research Analyst,"Feb 14, 2024 - Perpetual",Ram Singh,,
INH000015048,"Sugandha Sachdeva, Proprietor, SS WealthStreet",,Research Analyst,"Feb 14, 2024 - Perpetual",Sugandha Sachdeva,,
INH000015066,Ajay,,Research Analyst,"Feb 14, 2024 - Perpetual",Ajay Gahlot,,
INH000015075,Groen Research Solutions LLP,,Research Analyst,"Feb 14, 2024 - Perpetual",Sudipto Ghosh,,
INH000015084,Jash Gandhi,,Research Analyst,"Feb 14, 2024 - Perpetual",Jash Gandhi,,
INH000015093,GAUTAM PAREEK,,Research Analyst,"Feb 14, 2024 - Perpetual",GAUTAM PAREEK,,
INH000015109,TRADEVISOR FINNOVATIONS PRIVATE LIMITED,,Research Analyst,"Feb 14, 2024 - Perpetual",Dhiraj Sagar,tradevisor.in,
INH000015127,N Bhavitha Proprietor of Sri Lakshmi Trade Research,,Research Analyst,"Feb 14, 2024 - Perpetual",NAGIREDDYGARI BHAVITHA,,
INH000015136,TANISHK OJHA,,Research Analyst,"Feb 14, 2024 - Perpetual",TANISHK OJHA,,
INH000015145,RS WEALTH MANAGEMENT PRIVATE LIMITED,,Research Analyst,"Feb 14, 2024 - Perpetual",neetu arora,rswealth.in,
INH000015154,EIEVU FINANCIAL ANALISERS PRIVATE LIMITED,,Research Analyst,"Feb 21, 2024 - Perpetual",MURALI  KOTTE,,
INH000015181,CHIRADEEP RAO,,Research Analyst,"Feb 23, 2024 - Perpetual",CHIRADEEP RAO,,
INH000015190,"Amarjeet Kumar, PROPRIETOR AT THE WISE STOCK",,Research Analyst,"Feb 28, 2024 - Perpetual",AMARJEET KUMAR,,
INH000015206,KHANDWALA SECURITIES LIMITED,,Research Analyst,"Feb 28, 2024 - Perpetual",ABHISHEK JOSHI,kslindia.com,
INH000015215,Supreme Research,,Research Analyst,"Feb 28, 2024 - Perpetual",Neeraj Sen,,
INH000015224,NJ India Invest Private Limited,,Research Analyst,"Feb 28, 2024 - Perpetual",Rakesh Tokarkar,njgroup.in,
INH000015233,Vibhu Jain Proprietor of Market Beast,,Research Analyst,"Feb 28, 2024 - Perpetual",Vibhu Jain,,
INH000015242,PATEL WEALTH ADVISORS PRIVATE LIMITED,,Research Analyst,"Feb 28, 2024 - Perpetual",DENISH PATEL,patelwealth.com,
INH000015251,Ankush Paul proprietor of Blackace Research,,Research Analyst,"Feb 29, 2024 - Perpetual",Ankush Paul,,
INH000015260,Fifty Fintech Private Limited,,Research Analyst,"Feb 29, 2024 - Perpetual",Aditya Prasad,50fin.in,
INH000015279,Paul Asset Consultant Private Limited,,Research Analyst,"Feb 29, 2024 - Perpetual",Prasenjit Paul,paulasset.com,
INH000015288,VIKRAM SINGH THAKUR PROPRIETOR OF VENTURE FINCORP,,Research Analyst,"Mar 01, 2024 - Perpetual",Vikram Thakur,,
INH000015297,INVESTOLOGY,,Research Analyst,"Mar 01, 2024 - Perpetual",Neelima Pillai,,
INH000015303,DIVYESH DILIPBHAI KOYANI,,Research Analyst,"Mar 01, 2024 - Perpetual",DIVYESH KOYANI,,
INH000015312,Aakash Ashok Jajoo,,Research Analyst,"Mar 01, 2024 - Perpetual",Aakash Jajoo,,
INH000015321,ANJALI TIWARI PROPRIETOR OF STOCK OPTION RESEARCH,,Research Analyst,"Mar 01, 2024 - Perpetual",Anjali Tiwari,,
INH000015330,INSIGHT RESEARCH ANALYTICS,,Research Analyst,"Mar 01, 2024 - Perpetual",Sujith S,,
INH000015349,Ashutosh Kabra,,Research Analyst,"Mar 04, 2024 - Perpetual",Ashutosh Kabra,financewiseadvisor.com,
INH000015358,ARPAN KUKREJA,,Research Analyst,"Mar 04, 2024 - Perpetual",ARPAN  KUKREJA,,
INH000015367,Sparsh Jindal,,Research Analyst,"Mar 06, 2024 - Perpetual",Sparsh Jindal,,
INH000015376,Mohd Sohrab Shaikh Proprietor of M J Research Services,,Research Analyst,"Mar 06, 2024 - Perpetual",Mohd  Shaikh,,
INH000015385,TEJINDER SINGH BHANDOHAL,,Research Analyst,"Mar 06, 2024 - Perpetual",TEJINDER SINGH BHANDOHAL,,
INH000015400,Bilal Hussain Sadiq hussain Syed,,Research Analyst,"Mar 07, 2024 - Perpetual",Bilal Syed,,
INH000015419,A&Y MARKET RESEARCH,,Research Analyst,"Mar 13, 2024 - Perpetual",JAGRUTI PRADEEP,,
INH000015428,Amit Kumar Singh Proprietor of Amit Kumar Singh Research Analyst,,Research Analyst,"Mar 13, 2024 - Perpetual",Amit Singh,,
INH000015437,Vaibhav Jain,,Research Analyst,"Mar 14, 2024 - Perpetual",Vaibhav Jain,,
INH000015446,Caprize Investment Managers Private Limited,,Research Analyst,"Mar 14, 2024 - Perpetual",Paras Chheda,caprize.co.in,
INH000015455,Sudhir Verma,,Research Analyst,"Mar 14, 2024 - Perpetual",Sudhir Verma,,
INH000015464,Vrinda Bhadula,,Research Analyst,"Mar 14, 2024 - Perpetual",Vrinda Bhadula,,
INH000015473,Neel Pankaj Thakkar,,Research Analyst,"Mar 15, 2024 - Perpetual",Neel Thakkar,,
INH000015482,PRUDVI RAJ SAYA,,Research Analyst,"Mar 15, 2024 - Perpetual",PRUDVI RAJ SAYA,,
INH000015507,Satya Sridhar Stock Research,,Research Analyst,"Mar 19, 2024 - Perpetual",Satya Sridhar Garimella,,
INH000015516,Tapankumar Dhirajlal Doshi,,Research Analyst,"Mar 19, 2024 - Perpetual",Tapankumar DOSHI,,
INH000015525,Mohammed Shoaib Dayma Proprietor of FiSC Capital,,Research Analyst,"Mar 19, 2024 - Perpetual",Mohammed Shoaib Dayma,,
INH000015534,DG SHARE MARKET RESEARCH PVT LTD.,,Research Analyst,"Mar 19, 2024 - Perpetual",CHANDRA  DUBEY,,
INH000015543,WILLIAM ONEIL INDIA PRIVATE LIMITED,,Research Analyst,"Mar 19, 2024 - Perpetual",Shalini Bose,williamoneilindia.com,
INH000015552,RAMESH CHANDNA,,Research Analyst,"Mar 19, 2024 - Perpetual",RAMESH  CHANDNA,,
INH000015561,Tycoon Research Analyst,,Research Analyst,"Mar 19, 2024 - Perpetual",Pallavi Raghuvanshi,,
INH000015570,WEALTH INDIA FINANCIAL SERVICES PVT LTD,,Research Analyst,"Mar 19, 2024 - Perpetual",Srinivas  Subudhi,fundsindia.com,
INH000015598,Manish Salvi Proprietor of Momentum Mantra,,Research Analyst,"Mar 19, 2024 - Perpetual",Manish Salvi,,
INH000015604,Manish kushwaha,,Research Analyst,"Mar 19, 2024 - Perpetual",MANISH  KUSHWAHA,,
INH000015622,Umesh Sharma,,Research Analyst,"Mar 19, 2024 - Perpetual",Umesh Sharma,,
INH000015631,Shivam Dugaya Proprietor of Wealth compounder,,Research Analyst,"Mar 19, 2024 - Perpetual",Shivam Dugaya,,
INH000015640,Banayantree Services Limited,,Research Analyst,"Nov 13, 2025 - Perpetual",Neeraj  Gugnani,etmoney.com,
INH000015677,The Manifesto Research,,Research Analyst,"Mar 21, 2024 - Perpetual",Akshay  Jain,,
INH000015686,RISING RESEARCH ANALYST,,Research Analyst,"Mar 21, 2024 - Perpetual",RUSHIKESH VED,,
INH000015701,GIRISH SINGAL,,Research Analyst,"Mar 21, 2024 - Perpetual",GIRISH SINGAL,,
INH000015710,TRADE WITH TREND,,Research Analyst,"Mar 21, 2024 - Perpetual",PRASENJIT SARKAR,,
INH000015729,Dailyraven Technologies Private Limited,,Research Analyst,"Mar 21, 2024 - Perpetual",Kritesh Abhishek,tradebrains.in,
INH000015738,Surbhi Ashok Chandak Proprietor of Quantus Wealth,,Research Analyst,"Mar 22, 2024 - Perpetual",Surbhi  Chandak,,
INH000015747,Trudence Capital Advisors Private Limited,,Research Analyst,"Mar 22, 2024 - Perpetual",NITIN  MANGAL,trudencecapital.com,
INH000015756,K.M Jain Stock Brokers Pvt Ltd,,Research Analyst,"Mar 22, 2024 - Perpetual",ANAND JAIN,kmjpl.com,
INH000015765,Pradeep Sagore Proprietor of Smartgoal Research,,Research Analyst,"Mar 22, 2024 - Perpetual",Pradeep Sagore,,
INH000015774,PRIYANK SHARMA,,Research Analyst,"Mar 26, 2024 - Perpetual",priyank  sharma,,
INH000015783,TRINETRA CAPITAL,,Research Analyst,"Mar 26, 2024 - Perpetual",Priyam  Shah,,
INH000015792,Karan Narendra Dixit,,Research Analyst,"Apr 02, 2024 - Perpetual",Karan Dixit,,
INH000015808,SP RESEARCHVIA PRIVATE LIMITED,,Research Analyst,"Apr 02, 2024 - Perpetual",Praveen  Dubey,,
INH000015817,Rahul Gundia,,Research Analyst,"Apr 02, 2024 - Perpetual",Rahul Gundiya,,
INH000015826,Shubh Consultancy,,Research Analyst,"Apr 04, 2024 - Perpetual",Sunil Kotak,,
INH000015835,COVESTING TECHNOLOGIES PRIVATE LIMITED,,Research Analyst,"Apr 04, 2024 - Perpetual",Anmol Shaha,covesting.in,
INH000015853,Aneela Killedar Proprietor of Global Vision Research,,Research Analyst,"Apr 05, 2024 - Perpetual",Aneela Killedar,,
INH000015871,Manikanth Devarakonda,,Research Analyst,"Apr 16, 2024 - Perpetual",Manikanth Devarakonda,manikanth-devarakonda.com,
INH000015899,Premal Parekh Advisory Services LLP,,Research Analyst,"Apr 23, 2024 - Perpetual",Premal Parekh,,
INH000015905,Pratik Jagtap,,Research Analyst,"Apr 23, 2024 - Perpetual",Pratik Jagtap,,
INH000015914,Vanshadeep Proprietor of capitalseva Research Analyst,,Research Analyst,"Apr 23, 2024 - Perpetual",Vansha Deep,,
INH000015923,KUMAR BANERJEE,,Research Analyst,"Apr 25, 2024 - Perpetual",KUMAR BANERJEE,,
INH000015932,Okane Capital,,Research Analyst,"Apr 25, 2024 - Perpetual",Mudit Chopra,,
INH000015941,DHOKIYAS RESEARCH ANALYST PRIVATE LIMITED,,Research Analyst,"Apr 30, 2024 - Perpetual",Chetan Dhokiya,,
INH000015950,MONKVESTOR RESEARCH ANALYST,,Research Analyst,"Apr 30, 2024 - Perpetual",Rahul  Gupta,,
INH000015987,Ashika Global Family Office Services Private Limited,,Research Analyst,"May 02, 2024 - Perpetual",Nawal Kedia,ashikagroup.com,
INH000015996,Bestmate Investment Services Pvt. Ltd.,,Research Analyst,"May 07, 2024 - Perpetual",Pradeep Suryavanshi,bestmate.in,
INH000016010,EERIMA DIGITOOLS PVT LTD,,Research Analyst,"May 07, 2024 - Perpetual",VINAYAK KANVINDE,qualscore.in,
INH000016029,WAHAB KHAN,,Research Analyst,"May 07, 2024 - Perpetual",WAHAB KHAN,,
INH000016047,CA Rahul Chhabadia,,Research Analyst,"May 07, 2024 - Perpetual",Rahul Chhabadia,ca.in,
INH000016056,"Himanshu Madhukar, Proprietor, Equisense Research",,Research Analyst,"May 07, 2024 - Perpetual",Himanshu Madhukar,,
INH000016065,demystify capital markets,,Research Analyst,"May 07, 2024 - Perpetual",satish jat,,
INH000016074,Prameela Balakkala,,Research Analyst,"May 07, 2024 - Perpetual",Prameela Balakkala,,
INH000016083,Ajay Kumar Jharbade proprietor of Dream Wealth Research Financial Services,,Research Analyst,"May 07, 2024 - Perpetual",Ajay Jharbade,,
INH000016092,ANSUL KUMAR AGRAWAL,,Research Analyst,"May 07, 2024 - Perpetual",ANSUL AGRAWAL,,
INH000016117,CRAFTERS FINANCIAL RESEARCH PRIVATE LIMITED,,Research Analyst,"May 08, 2024 - Perpetual",RAGHU  SRINIVASAN,,
INH000016126,PHD CAPITAL PRIVATE LIMITED,,Research Analyst,"May 08, 2024 - Perpetual",PRADIP HALDER,phdcapital.in,
INH000016135,BLUEMOON RESEARCH & FINANCIAL SERVICES,,Research Analyst,"May 08, 2024 - Perpetual",SUDHANSU PANDA,,
INH000016144,Inderjeet Singh proprietor of Param Nivesh,,Research Analyst,"May 08, 2024 - Perpetual",inderjeet bhinder,yahoo.in,
INH000016153,Vikash Sharma Proprietor Stock Market Research & Services,,Research Analyst,"Jun 11, 2024 - Perpetual",Vikash Sharma,,
INH000016162,CHITRA MADHWANI,,Research Analyst,"Jun 11, 2024 - Perpetual",CHITRA MADHWANI,,
INH000016199,ZAMZAM CAPITAL,,Research Analyst,"Jun 12, 2024 - Perpetual",SAIF AHMED,zamzam-capital.com,
INH000016214,Shivaji Phadke Proprietor of Investstocks Official,,Research Analyst,"Jun 12, 2024 - Perpetual",Shivaji Phadke,,
INH000016223,RAJA CHANDRASHEKHAR VENKATRAMAN,,Research Analyst,"Jun 13, 2024 - Perpetual",Raja Venkatraman,,
INH000016232,S R RESEARCH ANALYTICS,,Research Analyst,"Jun 13, 2024 - Perpetual",GOPAL MAJUMDAR,,
INH000016241,Vinit kumar sancheti,,Research Analyst,"Jun 13, 2024 - Perpetual",Vinit Sancheti,,
INH000016250,Trading Zone,,Research Analyst,"Jun 13, 2024 - Perpetual",Virendrasingh  Rathod,,
INH000016269,LATESH NARULA PROPRIETOR EQUITY DYNAMO,,Research Analyst,"Jun 13, 2024 - Perpetual",LATESH  NARULA,,
INH000016278,DHANYA DEEPAK KUMAR,,Research Analyst,"Jun 13, 2024 - Perpetual",DHANYA KUMAR,,
INH000016287,ARUL MOZHI CHELVAN MURUGAN,,Research Analyst,"Jun 13, 2024 - Perpetual",ARUL MOZHI CHELVAN MURUGAN,,
INH000016296,Finspiin Research & Iinvestments,,Research Analyst,"Jun 13, 2024 - Perpetual",Vinay Bhurat,,
INH000016302,Abhishek Ummat,,Research Analyst,"Jun 13, 2024 - Perpetual",Abhishek Ummat,,
INH000016311,Rampal Singh Narwariya Prop. Value Maker Research,,Research Analyst,"Jun 14, 2024 - Perpetual",Rampal  Narwariya,,
INH000016320,Yagnesh Patel,,Research Analyst,"Jun 14, 2024 - Perpetual",Yagnesh Patel,,
INH000016339,Anupam Bajpai,,Research Analyst,"Jun 14, 2024 - Perpetual",anupam bajpai,,
INH000016348,Booming Bulls Finserv Pvt Ltd,,Research Analyst,"Jun 14, 2024 - Perpetual",NEHA  SINGH,boomingbullsfinserv.com,
INH000016357,APEX EDGE RESEARCH AND ADVISORY PRIVATE LIMITED,,Research Analyst,"Jun 14, 2024 - Perpetual",Priya Ranjan  Kumar,apexedgeresearch.in,
INH000016366,STOCKSOVET RESEARCH SERVICES PRIVATE LIMITED,,Research Analyst,"Jun 14, 2024 - Perpetual",Mohammad Arham Aqbani,,
INH000016375,Ghansham Joshi Prop of GJ's Techno Funda,,Research Analyst,"Jun 20, 2024 - Perpetual",Ghansham Joshi,,
INH000016393,Poonam Chindaliya Proprietor of Credible Capital,,Research Analyst,"Jun 21, 2024 - Perpetual",Poonam Chindaliya,crediblecapital.in,
INH000016409,ELITEFINSERV,,Research Analyst,"Jun 21, 2024 - Perpetual",SHRAVAN RATHODE,,
INH000016418,Kaushal Prafulla Somani,,Research Analyst,"Jun 21, 2024 - Perpetual",Kaushal Somani,,
INH000016427,GARIKAPATI MADHURI,,Research Analyst,"Jun 21, 2024 - Perpetual",MADHURI GARIKAPATI,,
INH000016436,Sagar Agarwal,,Research Analyst,"Jun 21, 2024 - Perpetual",Sagar Agarwal,,
INH000016445,KIRAN BALA PROPRIETOR K B TRADING CONSULTANCY,,Research Analyst,"Jun 21, 2024 - Perpetual",Kiran Bala,,
INH000016454,CHIMAKURTHY VENKATESH,,Research Analyst,"Jun 21, 2024 - Perpetual",CHIMAKURTHY VENKATESH,,
INH000016463,PIYUSH VIRMANI,,Research Analyst,"Jun 21, 2024 - Perpetual",Piyush Virmani,,
INH000016472,HITESHWARI KUMARI,,Research Analyst,"Jun 21, 2024 - Perpetual",HITESHWARI KUMARI,,
INH000016481,GUNJAN KUMAR,,Research Analyst,"Jun 21, 2024 - Perpetual",GUNJAN KUMAR,,
INH000016490,Himanshu Arora,,Research Analyst,"Jun 21, 2024 - Perpetual",Himanshu Arora,,
INH000016515,Pradip Kumar Ghosh,,Research Analyst,"Jun 21, 2024 - Perpetual",Pradip Ghosh,,
INH000016524,Manoj Kumar Sahu Proprietor of Worth Vision Research,,Research Analyst,"Jun 21, 2024 - Perpetual",Manoj Sahu,,
INH000016533,Amit kori,,Research Analyst,"Jun 21, 2024 - Perpetual",Amit Kori,,
INH000016542,NEHA GUPTA PROPRIETOR WEALTH MAGNET,,Research Analyst,"Jun 21, 2024 - Perpetual",Neha Gupta,,
INH000016551,TEJAS NAIK,,Research Analyst,"Jun 21, 2024 - Perpetual",TEJAS NAIK,,
INH000016579,Khushil Kumar Agrawal,,Research Analyst,"Jun 21, 2024 - Perpetual",KHUSHIL AGRAWAL,,
INH000016597,INVOS RESEARCH & TECHNOLOGY PRIVATE LIMITED,,Research Analyst,"Jun 24, 2024 - Perpetual",KINSHUK SENGUPTA,invosresearch.com,
INH000016603,Prime Investment Consultants,,Research Analyst,"Jun 24, 2024 - Perpetual",Amardeep Batra,,
INH000016612,Sidharth Singh Dau Singh Rajput Proprietor The Stock Savvy,,Research Analyst,"Jun 24, 2024 - Perpetual",Sidharth Singh Rajput,,
INH000016621,Stock Roots,,Research Analyst,"Jun 24, 2024 - Perpetual",Pradeep Goyal,,
INH000016630,ANAND GANAPATHY K,,Research Analyst,"Jun 24, 2024 - Perpetual",ANAND KULOTHUNGAN,finvezto.com,
INH000016649,"Akhilesh Jat, Proprietor of Akar Market Research",,Research Analyst,"Jun 24, 2024 - Perpetual",Akhilesh Jat,,
INH000016658,Anuj Paharia Proprietor of Trade Opulence,,Research Analyst,"Jun 24, 2024 - Perpetual",Anuj  Paharia,,
INH000016667,S A Artha Securities Private Limited,,Research Analyst,"Jun 24, 2024 - Perpetual",Sushmita Bana,,
INH000016676,Vinit Aggarwal,,Research Analyst,"Jun 24, 2024 - Perpetual",Vinit Aggarwal,,
INH000016685,JAY B HAWALDAR,,Research Analyst,"Jun 24, 2024 - Perpetual",JAY B HAWALDAR,,
INH000016694,GUGULOTH DINESH KUMAR,,Research Analyst,"Jun 24, 2024 - Perpetual",GUGULOTH KUMAR,,
INH000016700,Raj Rishi Proprietor of Equity Research Mart,,Research Analyst,"Jun 24, 2024 - Perpetual",RAJ  RISHI,,
INH000016719,WISE GLOBAL RESEARCH SERVICES PRIVATE LIMITED,,Research Analyst,"Jun 24, 2024 - Perpetual",Hemraj Sikarwar,,
INH000016746,First Time Right,,Research Analyst,"Jun 24, 2024 - Perpetual",Naman Garg,,
INH000016755,Hariom Rathor Proprietor of Capital Investo Research,,Research Analyst,"Jun 24, 2024 - Perpetual",Hariom Rathor,,
INH000016764,NU Investors Technologies Private Ltd,,Research Analyst,"Jun 24, 2024 - Perpetual",Rakhesh R,lemonn.co.in,
INH000016773,Coheron Brokers Private Limited,,Research Analyst,"Jun 24, 2024 - Perpetual",Jignesh  Patel,negenwealth.com,
INH000016782,Katariya Research Analyst Group,,Research Analyst,"Jun 24, 2024 - Perpetual",MUKESH  KATARIYA,,
INH000016791,SAM FINTECH,,Research Analyst,"Jun 24, 2024 - Perpetual",SAMIR PATEL,,
INH000016807,Krishna Kumar Mishra,,Research Analyst,"Jun 24, 2024 - Perpetual",Krishna  Mishra,,
INH000016816,Vishal Trehan,,Research Analyst,"Jun 24, 2024 - Perpetual",Vishal Trehan,,
INH000016825,Sanju Patel Proprietor of Beginning Research,,Research Analyst,"Jun 25, 2024 - Perpetual",Sanju Patel,,
INH000016834,Kapil Aggarwal proprietor of Investkaps,,Research Analyst,"Jun 25, 2024 - Perpetual",Kapil Aggarwal,,
INH000016843,Nikita Jaiswal,,Research Analyst,"Jun 25, 2024 - Perpetual",Nikita Jaiswal,,
INH000016852,RICHA RONAK SHAH,,Research Analyst,"Jun 25, 2024 - Perpetual",RICHA SHAH,,
INH000016861,Sree Capital,,Research Analyst,"Jun 25, 2024 - Perpetual",Sreemant Dudhoria,,
INH000016870,Pawan Porwal proprietor of Capital Craft Research,,Research Analyst,"Jun 25, 2024 - Perpetual",Pawan Porwal,,
INH000016889,Jitendra Singh Bhadouria proprietor of Trade Mantra Advance Research,,Research Analyst,"Jun 25, 2024 - Perpetual",Jitendra Bhadouria,,
INH000016904,Shweta Saluja,,Research Analyst,"Jun 25, 2024 - Perpetual",Shweta Saluja,,
INH000016913,Shubham Shirkar Proprietor of Shubinvests,,Research Analyst,"Jun 25, 2024 - Perpetual",SHUBHAM SHIRKAR,,
INH000016922,SARITA PANSARI AS PROPRIETOR OF JUPITER RESEARCH AND ADVISORS,,Research Analyst,"Jun 25, 2024 - Perpetual",SARITA PANSARI,jupiteradvisor.co.in,
INH000016931,SHIVANSH KARIWALA,,Research Analyst,"Jun 25, 2024 - Perpetual",SHIVANSH KARIWALA,,
INH000016940,Asit C Mehta Investment Interrmediates Limited,,Research Analyst,"Jun 25, 2024 - Perpetual",ANKIT KUMAR JAIN,acm.co.in,
INH000016968,Rajwant Singh,,Research Analyst,"Jun 26, 2024 - Perpetual",Rajwant Singh,,
INH000016977,KRISHNA MURTI,,Research Analyst,"Jun 26, 2024 - Perpetual",KRISHNA MURTI,,
INH000016986,Kunal Suryawanshi,,Research Analyst,"Jun 26, 2024 - Perpetual",Kunal Suryawanshi,,
INH000016995,Ruchita Vijaykumar Shah,,Research Analyst,"Jun 27, 2024 - Perpetual",Ruchita Shah,,
INH000017019,Stocksence Research Private Limited,,Research Analyst,"Jun 27, 2024 - Perpetual",Nilima  Bagul,,
INH000017028,Rakesh Pandeet Proprietor of Research Factory,,Research Analyst,"Jun 27, 2024 - Perpetual",Rakesh Pandeet,,
INH000017037,LALIT KUMAR GUPTA,,Research Analyst,"Jun 27, 2024 - Perpetual",LALIT GUPTA,optionbooster.in,
INH000017046,B Gopala Krishnan,,Research Analyst,"Jun 27, 2024 - Perpetual",B Krishnan,,
INH000017055,"Santosh Sharma, Proprietor SmartStox",,Research Analyst,"Jun 27, 2024 - Perpetual",Santosh Sharma,smartstox.in,
INH000017073,ROHAN JAIN,,Research Analyst,"Jun 27, 2024 - Perpetual",Rohan Jain,,
INH000017082,STREETGAINS TECHNOLOGIES PRIVATE LIMITED,,Research Analyst,"Jun 28, 2024 - Perpetual",SANTHOSH V,streetgains.in,
INH000017091,Lalit Mundhra Proprietor of Financial Sarthis,,Research Analyst,"Jun 28, 2024 - Perpetual",LALIT MUNDHRA,,
INH000017107,DEVVRAT KUMAR,,Research Analyst,"Jun 28, 2024 - Perpetual",DEVVRAT KUMAR,fundlane.in,
INH000017116,Preetam Mewada Proprietor of Apex Solution Research,,Research Analyst,"Jun 28, 2024 - Perpetual",Preetam Mewada,,
INH000017125,Jayesh Mahesh Jobanputra,,Research Analyst,"Jun 28, 2024 - Perpetual",Jayesh Jobanputra,,
INH000017134,KAVITA MANDAL,,Research Analyst,"Jun 28, 2024 - Perpetual",KAVITA MANDAL,,
INH000017143,RONAK SANTOSHKUMAR GOYAL,,Research Analyst,"Jun 28, 2024 - Perpetual",RONAK GOYAL,,
INH000017152,Shree Dhan-Raksha Securites Research,,Research Analyst,"Jun 28, 2024 - Perpetual",Satish Sonawane,,
INH000017161,Krishnamurthy Sethuraman,,Research Analyst,"Jun 30, 2024 - Perpetual",krishnamurthy Sethuraman,,
INH000017170,ANJALI GUPTA PROPRIETOR OF EQUITRADE RESEARCH,,Research Analyst,"Jul 01, 2024 - Perpetual",Anjali Gupta,,
INH000017189,Vina Ramnikbhai Dobariya,,Research Analyst,"Jul 01, 2024 - Perpetual",VINA DOBARIYA,aasthafintech.com,
INH000017198,Nishit Bipin Doshi  Proprietor Of Vidyasagar Investments,,Research Analyst,"Jul 01, 2024 - Perpetual",Nishit Doshi,,
INH000017204,Sharad Jhunjhunwala,,Research Analyst,"Jul 01, 2024 - Perpetual",Sharad Jhunjhunwala,,
INH000017213,Wealocity Analytics,,Research Analyst,"Jul 01, 2024 - Perpetual",Nareshkumar Kutikuppala,,
INH000017222,Archana Tiwari Proprietor of Grow Research Analyst,,Research Analyst,"Jul 01, 2024 - Perpetual",Archana Tiwari,,
INH000017231,Akshay Patel,,Research Analyst,"Jul 01, 2024 - Perpetual",Akshay Patel,,
INH000017240,Kashish Joshi Proprietor of Apex Capital Research,,Research Analyst,"Jul 01, 2024 - Perpetual",Kashish Joshi,,
INH000017259,EQUITY EDGE RESEARCH ANALYST,,Research Analyst,"Jul 01, 2024 - Perpetual",VISHAL BORSE,,
INH000017268,PRIYANK SHARMA,,Research Analyst,"Jul 01, 2024 - Perpetual",PRIYANK SHARMA,,
INH000017277,WOLF CLUB,,Research Analyst,"Jul 01, 2024 - Perpetual",MANJEET KAUSHIK,,
INH000017286,PATIL PRAMOD ANIL PROPRIETOR  K P RESEARCH ANALYSIS SERVICES,,Research Analyst,"Jul 03, 2024 - Perpetual",Pramod Patil,,
INH000017295,Wryght Research & Capital Private Limited,,Research Analyst,"Jul 03, 2024 - Perpetual",Shivam Agarwal,wrightresearch.in,
INH000017301,Ashok Kumar Aggarwal Proprietor of equitycharcha.com,,Research Analyst,"Jul 04, 2024 - Perpetual",Ashok Aggarwal,,
INH000017310,KUMAR SIDDHARTHA SINHA,,Research Analyst,"Jul 04, 2024 - Perpetual",KUMAR SINHA,,
INH000017329,WIINANCE FINANCIAL SERVICES PRIVATE LIMITED,,Research Analyst,"Jul 04, 2024 - Perpetual",KAPIL KUMAR VASHISHTHA,wiinance.com,
INH000017338,Niveshaay Investment Advisors,,Research Analyst,"Jul 04, 2024 - Perpetual",Vikram Sharma,niveshaay.com,
INH000017347,Vaibhav pandey,,Research Analyst,"Jul 04, 2024 - Perpetual",Vaibhav Pandey,,
INH000017365,J V V SATYANARAYANA PROPRIETOR GROWUP RESEARCH,,Research Analyst,"Jul 05, 2024 - Perpetual",SATYANARAYANA  J,,
INH000017374,Gaurav Sethiya,,Research Analyst,"Jul 05, 2024 - Perpetual",Gaurav Sethiya,,
INH000017383,Ishan Pundit,,Research Analyst,"Jul 05, 2024 - Perpetual",Ishan Pundit,,
INH000017392,JYOTI KUMARI,,Research Analyst,"Jul 08, 2024 - Perpetual",JYOTI KUMARI,,
INH000017408,Deepti Sarkar Proprietor of Option Bricks,,Research Analyst,"Jul 08, 2024 - Perpetual",DEEPTI SARKAR,,
INH000017417,Harika Enjamuri,,Research Analyst,"Jul 09, 2024 - Perpetual",Harika Enjamuri,,
INH000017444,Urvashi Barod Proprietor of Versatile Research Venture,,Research Analyst,"Jul 09, 2024 - Perpetual",Urvashi  Barod,,
INH000017462,SHUBHAM JAJODIA,,Research Analyst,"Jul 10, 2024 - Perpetual",SHUBHAM JAJODIA,,
INH000017471,Piyush Sanjaykumar Heda Proprietor of Mr. P Investments,,Research Analyst,"Jul 10, 2024 - Perpetual",Piyush Heda,,
INH000017480,"Gurvinder Malhotra, Proprietor of Contra Investing Research Services",,Research Analyst,"Jul 11, 2024 - Perpetual",Gurvinder  Malhotra,,
INH000017505,TRADE NEXUS RESEARCH,,Research Analyst,"Jul 11, 2024 - Perpetual",KIRANMAI NALLELLA,tradenexusreserach.com,
INH000017514,Nancy Gupta,,Research Analyst,"Jul 11, 2024 - Perpetual",Nancy Gupta,,
INH000017523,DEVENDRA GAJANAN HAJARE,,Research Analyst,"Jul 12, 2024 - Perpetual",DEVENDRA HAJARE,,
INH000017532,Omkar Thakur,,Research Analyst,"Jul 12, 2024 - Perpetual",Omkar Thakur,,
INH000017541,Patel Ketav Pravinbhai,,Research Analyst,"Jul 12, 2024 - Perpetual",Ketav Patel,,
INH000017550,YOBEE RESEARCH PRIVATE LIMITED,,Research Analyst,"Jul 15, 2024 - Perpetual",SALIL MATHUR,yobee.co.in,
INH000017569,Fintesa Research Services Private Limited,,Research Analyst,"Jul 15, 2024 - Perpetual",Imran Khan,,
INH000017578,Sruthy Sreenadh proprietor of Ski Capital Research attached as Annexure B,,Research Analyst,"Jul 15, 2024 - Perpetual",Sruthy Sreenadh,,
INH000017587,Siddharth Shrivastava,,Research Analyst,"Jul 15, 2024 - Perpetual",Siddharth Shrivastava,,
INH000017596,ANIL KUMAR RAI,,Research Analyst,"Jul 15, 2024 - Perpetual",Anil Rai,,
INH000017611,SAGAR BALASAHEB SHELAR,,Research Analyst,"Jul 16, 2024 - Perpetual",SAGAR SHELAR,,
INH000017620,VK Wealthwise & Associates,,Research Analyst,"Jul 16, 2024 - Perpetual",Vatsal Khemka,,
INH000017639,Ishan Tiwari Proprietor of Stock Yantra,,Research Analyst,"Jul 16, 2024 - Perpetual",ISHAN  TIWARI,,
INH000017648,Mandot Securities Private Limited,,Research Analyst,"Jul 16, 2024 - Perpetual",Amit  Jain,mandotsecurities.com,
INH000017657,VIKABH SECURITIES PRIVATE LIMITED,,Research Analyst,"Jul 16, 2024 - Perpetual",MANGESH  SAWANT,vikabh.com,
INH000017666,EXENCIAL RESEARCH PARTNERS,,Research Analyst,"Jul 16, 2024 - Perpetual",Kruti SHAH,exencialresearch.com,
INH000017675,Stockizen Research,,Research Analyst,"Jul 16, 2024 - Perpetual",Vivek Khatri,,
INH000017684,Ramesh Nair,,Research Analyst,"Jul 18, 2024 - Perpetual",Ramesh Nair,,
INH000017693,Devendra Rajak,,Research Analyst,"Jul 18, 2024 - Perpetual",Devendra Rajak,,
INH000017718,PALAK VIKAS JAIN,,Research Analyst,"Jul 18, 2024 - Perpetual",PALAK JAIN,,
INH000017727,Kalkine Consultancy India Private Limited,,Research Analyst,"Jul 19, 2024 - Perpetual",Sudip Gupta,kalkine.co.in,
INH000017736,SM Research Services Private Limited,,Research Analyst,"Jul 19, 2024 - Perpetual",Siddhesh Pednekar,,
INH000017745,Na Supreme Research Private Limited,,Research Analyst,"Jul 19, 2024 - Perpetual",Neeraj Sen,,
INH000017754,Ethics Research,,Research Analyst,"Jul 19, 2024 - Perpetual",Ganesh Singh,,
INH000017763,Thakkar Finserv,,Research Analyst,"Jul 19, 2024 - Perpetual",Rajan  Palan,,
INH000017772,Ashish Malik,,Research Analyst,"Jul 19, 2024 - Perpetual",Ashish Malik,malikz.com,
INH000017781,Commodity Samachar Securities Private Limited,,Research Analyst,"Jul 22, 2024 - Perpetual",Chandni Kapoor,commoditysamachar.com,
INH000017790,Vijaykumar Basayya Mathad Proprietor of Varada Research,,Research Analyst,"Jul 22, 2024 - Perpetual",VIJAYKUMAR MATHAD,,
INH000017806,Saurabh Kumar Chaurasia Proprietor of Equimate,,Research Analyst,"Jul 22, 2024 - Perpetual",Saurabh Chaurasia,,
INH000017815,Partha Ashokkumar Shah,,Research Analyst,"Jul 23, 2024 - Perpetual",PARTHA SHAH,,
INH000017824,Devendra Sahu,,Research Analyst,"Jul 24, 2024 - Perpetual",Devendra Sahu,,
INH000017833,Supriya Dinesh Singh Proprietor of Miracle Research Services,,Research Analyst,"Jul 24, 2024 - Perpetual",Supriya  Singh,,
INH000017842,Narendar Lokwani,,Research Analyst,"Jul 24, 2024 - Perpetual",Narendar Lokwani,,
INH000017851,NAVJOT KUMAR,,Research Analyst,"Jul 24, 2024 - Perpetual",NAVJOT KUMAR,,
INH000017860,SHOBHIT TANDON PROPRIETOR THE VISION RESEARCH,,Research Analyst,"Jul 24, 2024 - Perpetual",SHOBHIT TANDON,,
INH000017879,Prachi Mehta,,Research Analyst,"Jul 24, 2024 - Perpetual",Prachi Mehta,,
INH000017888,Rajiv Dubey Prop. Trade Stone Research Services,,Research Analyst,"Jul 24, 2024 - Perpetual",Rajiv Dubey,,
INH000017897,NIDHI AGARWAL,,Research Analyst,"Jul 25, 2024 - Perpetual",NIDHI AGARWAL,,
INH000017903,NDA Securities Limited,,Research Analyst,"Jul 25, 2024 - Perpetual",Rishabh Rajora,ndaindia.com,
INH000017912,JATIN NARENDRA SHAH PROPRIETOR OF JATIN N SHAH AND ASSOCIATES,,Research Analyst,"Jul 25, 2024 - Perpetual",JATIN SHAH,,
INH000017921,Shivam Yadav Proprietor of Stox Elite,,Research Analyst,"Jul 25, 2024 - Perpetual",Shivam Yadav,,
INH000017930,AMIT GOVIND GOENKA,,Research Analyst,"Jul 25, 2024 - Perpetual",AMIT GOENKA,,
INH000017949,Basant Maheshwari Wealth Advisers LLP,,Research Analyst,"Jul 25, 2024 - Perpetual",Basant Maheshwari,theequitydesk.com,
INH000017958,Darshan N Rao,,Research Analyst,"Jul 25, 2024 - Perpetual",Darshan Rao,,
INH000017976,Shreenath Infotech,,Research Analyst,"Jul 26, 2024 - Perpetual",Sunil Yadav,,
INH000017985,INVESMATE INSIGHTS PRIVATE LIMITED,,Research Analyst,"Jul 30, 2024 - Perpetual",ARUNAVA CHATTERJEE,,
INH000017994,JATIN JAIN,,Research Analyst,"Jul 30, 2024 - Perpetual",JATIN JAIN,,
INH000018009,Manish Sahu Proprietor of Trade Via Research Analyst,,Research Analyst,"Jul 30, 2024 - Perpetual",Manish  Sahu,,
INH000018036,SAMAR WEALTH ADVISORS,,Research Analyst,"Aug 01, 2024 - Perpetual",RAGHAV WADHWA,,
INH000018045,BANA FINTECH PVT LTD,,Research Analyst,"Aug 01, 2024 - Perpetual",NILESH PATEL,stockhero.in,
INH000018054,Nandita Rai Proprietor of Bhakti Wealth,,Research Analyst,"Aug 01, 2024 - Perpetual",Nandita Rai Properitor of Bhakti Wealth,,
INH000018063,Aditya Rathi Proprietor of Optitrade Pro Services,,Research Analyst,"Aug 01, 2024 - Perpetual",Aditya Rathi,,
INH000018072,Arjit Anand,,Research Analyst,"Aug 01, 2024 - Perpetual",Arjit Anand,,
INH000018081,RISHABH KUMAR SHARMA,,Research Analyst,"Aug 01, 2024 - Perpetual",RISHABH SHARMA,,
INH000018090,BUDDHI PRAKASH KAROL,,Research Analyst,"Aug 01, 2024 - Perpetual",BUDDHI  KAROL,,
INH000018106,VISHAL RAVINDRA BHURKE,,Research Analyst,"Aug 01, 2024 - Perpetual",VISHAL BHURKE,,
INH000018115,Prudent Corporate Advisory Services Limited,,Research Analyst,"Aug 01, 2024 - Perpetual",Archana Kapadiya,prudentcorporate.com,
INH000018124,SFP Research,,Research Analyst,"Aug 02, 2024 - Perpetual",KRISHNA SHARMA,,
INH000018142,Jeet B Bhayani,,Research Analyst,"Aug 02, 2024 - Perpetual",Jeet Bhayani,,
INH000018151,CLIMB CAPITAL SERVICES  PRIVATE LIMITED,,Research Analyst,"Aug 02, 2024 - Perpetual",SAHIL SOLANKI,,
INH000018160,Neural Bahn,,Research Analyst,"Aug 02, 2024 - Perpetual",Aaron Varghese,,
INH000018179,Kratika Yadav Proprietor of Ethical Research,,Research Analyst,"Aug 02, 2024 - Perpetual",Kratika  Yadav,,
INH000018188,Stock Yaari Technologies Private Limited,,Research Analyst,"Aug 02, 2024 - Perpetual",Abhishek Singh,stockyaari.com,
INH000018197,PUNE E - STOCK BROKING LIMITED,,Research Analyst,"Aug 05, 2024 - Perpetual",Drumil Shah,pesb.co.in,
INH000018212,INVESTEDGE RESEARCH ADVISORY PRIVATE LIMITED,,Research Analyst,"Aug 05, 2024 - Perpetual",Anant Agrawal,,
INH000018221,Vyom Research LLP,,Research Analyst,"Aug 06, 2024 - Perpetual",Kuldeep Butani,vyomresearch.in,
INH000018230,MADHAV MILIND BHANDARE,,Research Analyst,"Aug 06, 2024 - Perpetual",MADHAV  BHANDARE,,
INH000018249,MAHESH DEORA AAGGAARWAL,,Research Analyst,"Aug 06, 2024 - Perpetual",MAHESH AAGGAARWAL,,
INH000018258,Quantace Research and Capital Private Limited,,Research Analyst,"Aug 06, 2024 - Perpetual",Karthick  Jonagadla,quantace.in,
INH000018267,SHREEJI RESEARCH,,Research Analyst,"Aug 06, 2024 - Perpetual",JATIN PAREKH,,
INH000018276,Vinay Kumar Taparia,,Research Analyst,"Aug 06, 2024 - Perpetual",Vinay  Taparia,,
INH000018294,INVESTMENTLY RESEARCH,,Research Analyst,"Aug 07, 2024 - Perpetual",KRUPALI MAKAR,,
INH000018300,STOCKGRO TECHNOLOGY LLP,,Research Analyst,"Aug 07, 2024 - Perpetual",AJAY  LAKHOTIA,stockgro.com,
INH000018319,MANGAL KESHAV FINANCIAL SERVICES LLP,,Research Analyst,"Aug 07, 2024 - Perpetual",GYAN  PRAKASH,mangalkeshav.com,
INH000018337,Centrum Finverse Limited,,Research Analyst,"Aug 09, 2024 - Perpetual",Mangesh Salesa,centrum.co.in,
INH000018355,DILEEP KUMAR JAISWAL PROPRIETOR MYINVESTINGMANTRA,,Research Analyst,"Aug 13, 2024 - Perpetual",DILEEP  JAISWAL,,
INH000018364,FINSTOCK SOLUTIONS,,Research Analyst,"Aug 19, 2024 - Perpetual",RAGHAVENDRA T,,
INH000018373,Adarsh Dey Proprietor or Wealthy Ways,,Research Analyst,"Aug 19, 2024 - Perpetual",ADARSH  DEYPROPRIETOR OR WEALTHY WAYS,,
INH000018382,FEEDSENSE AI PRIVATE LIMITED,,Research Analyst,"Aug 19, 2024 - Perpetual",Mallika  Saha,feedsense.ai,
INH000018391,Sahil Bhadviya,,Research Analyst,"Aug 21, 2024 - Perpetual",Sahil Bhadviya,,
INH000018407,Front Wave Research LLP,,Research Analyst,"Aug 21, 2024 - Perpetual",Vispi Irani,frontwaveresearch.com,
INH000018416,Amit Lall,,Research Analyst,"Aug 21, 2024 - Perpetual",Amit Lall,,
INH000018425,KALPESH RATHI,,Research Analyst,"Aug 26, 2024 - Perpetual",KALPESH RATHI,9star.in,
INH000018443,Abhijeet Ranganathan Ramachandran,,Research Analyst,"Aug 30, 2024 - Perpetual",Abhijeet Ramachandran,,
INH000018452,Brainstormerz Research and Data Analytics Private Limited,,Research Analyst,"Sep 11, 2024 - Perpetual",Dolly  Bonde,brainstormerz.in,
INH000018461,DINESH NARAYAN GAIKWAD,,Research Analyst,"Sep 19, 2024 - Perpetual",DINESH NARAYAN GAIKWAD,,
INH000018470,Mahesh Sharma Proprietor of Pinkcity Research Analyst,,Research Analyst,"Sep 24, 2024 - Perpetual",MAHESH SHARMA,,
INH000018498,Prakash Chand Chotia,,Research Analyst,"Sep 25, 2024 - Perpetual",Prakash Chand Chotia,,
INH000018504,SWAPNIL SANJAY SHINDE,,Research Analyst,"Sep 25, 2024 - Perpetual",SWAPNIL SANJAY SHINDE,,
INH000018513,MIYANI VAIBHAV BHARATBHAI,,Research Analyst,"Oct 04, 2024 - Perpetual",VAIBHAV MIYANI,,
INH000018522,Vineet Sahni,,Research Analyst,"Oct 04, 2024 - Perpetual",Vineet Sahni,,
INH000018531,THE OMNISCIENT SECURITIES PVT. LTD.,,Research Analyst,"Oct 04, 2024 - Perpetual",KAMLESH SHROFF,,
INH000018540,Vipin Sharma,,Research Analyst,"Oct 09, 2024 - Perpetual",Vipin Sharma,,
INH000018559,SHUBHAM SHARMA PROPRIETOR OF THE RAPID INVESTORS,,Research Analyst,"Oct 09, 2024 - Perpetual",SHUBHAM SHARMA,,
INH000018568,G K RESEARCH SERVICES LLP,,Research Analyst,"Oct 09, 2024 - Perpetual",GANESH KOMMA,,
INH000018577,Chahat Aggrawal,,Research Analyst,"Oct 09, 2024 - Perpetual",Chahat Aggrawal,,
INH000018586,Shaikh Iftekhar Ahmed Sagir Ahmed,,Research Analyst,"Oct 10, 2024 - Perpetual",Iftekhar Ahmed Shaikh,,
INH000018610,SHIVAM PRAMOD DHASKAT,,Research Analyst,"Oct 10, 2024 - Perpetual",SHIVAM DHASKAT,,
INH000018629,Unifi Capital Private Limited,,Research Analyst,"Oct 10, 2024 - Perpetual",Anu R Kaimal,unificap.com,
INH000018647,BHATU KISANBHAI DESALE,,Research Analyst,"Oct 21, 2024 - Perpetual",BHATU  DESA,,
INH000018656,Chandril Ray,,Research Analyst,"Oct 21, 2024 - Perpetual",CHANDRIL RAY,,
INH000018665,Nishita Jain Proprietor of Stockbazaari,,Research Analyst,"Oct 21, 2024 - Perpetual",NISHITA  JAIN,,
INH000018674,Nemesh Pandey,,Research Analyst,"Oct 21, 2024 - Perpetual",Nemesh Pandey,,
INH000018683,KEYUR UMEDMAL SHAH-PROPRIETOR MARKET MAVEN RESEARCH,,Research Analyst,"Oct 21, 2024 - Perpetual",KEYUR UMEDMAL  Shah,,
INH000018692,GTF Institute Private Limited,,Research Analyst,"Oct 28, 2024 - Perpetual",Nand Kishor,,
INH000018708,Goldy TyagiProprietor ROBOTECHPRO Algo Research,,Research Analyst,"Oct 29, 2024 - Perpetual",Goldy Tyagi,,
INH000018726,Ketan Mittal,,Research Analyst,"Nov 04, 2024 - Perpetual",Ketan Mittal,,
INH000018735,SHYAMU R RELWANI,,Research Analyst,"Nov 04, 2024 - Perpetual",SHYAMU R RELWANI,,
INH000018744,INTRATRADE RESEARCH AND TECHNOLOGY PRIVATE LIMITED,,Research Analyst,"Nov 04, 2024 - Perpetual",Deepika Patil,,
INH000018753,Amit Mishra Proprietor of First Trade Research,,Research Analyst,"Nov 05, 2024 - Perpetual",AMIT MISHRA,firsttraderesearch.com,
INH000018762,VENTUGROW CONSULTANTS PRIVATE LIMITED,,Research Analyst,"Nov 05, 2024 - Perpetual",Sumit Chanda,jarvisinvest.com,
INH000018780,Taha Rahi Proprietor of Finarts Research,,Research Analyst,"Nov 07, 2024 - Perpetual",TAHA RAHI,,
INH000018799,Rightspade Capital Advisors Private Limited,,Research Analyst,"Nov 07, 2024 - Perpetual",Shreyas Pandit,rightspade.com,
INH000018805,Ravi I Shetti Proprietor of Income Source Stock Research Services,,Research Analyst,"Nov 07, 2024 - Perpetual",Ravi Shetti,,
INH000018814,PRITAM SAMARTH,,Research Analyst,"Nov 08, 2024 - Perpetual",Pritam Samarth,,
INH000018832,Aarohi Palak Shah,,Research Analyst,"Nov 11, 2024 - Perpetual",Aarohi Shah,,
INH000018841,FIROZ QURAISHI,,Research Analyst,"Nov 11, 2024 - Perpetual",FIROZ QURAISHI,,
INH000018850,Chetan Sharma Proprietor of Morning Bell Research,,Research Analyst,"Nov 11, 2024 - Perpetual",Chetan Sharma,,
INH000018869,Syam Kumar Reddy Adapa,,Research Analyst,"Nov 11, 2024 - Perpetual",Syam Kumar Reddy Adapa,,
INH000018878,RAJESHWAR MANDAL,,Research Analyst,"Nov 12, 2024 - Perpetual",RAJESHWAR  MANDAL,,
INH000018896,Nishant Gupta Proprietor of Minerva Capital Research Solutions,,Research Analyst,"Nov 19, 2024 - Perpetual",Nishant Gupta,,
INH000018911,ANKIT HIMATSINGKA,,Research Analyst,"Nov 25, 2024 - Perpetual",ANKIT HIMATSINGKA,hbs.edu,
INH000018920,Neha Vijay Sondhi Proprietor of Stock Wise IQ,,Research Analyst,"Nov 25, 2024 - Perpetual",Neha Sondhi,,
INH000018939,Pooja Singh Patel Proprietor of EquiWealth Research,,Research Analyst,"Nov 29, 2024 - Perpetual",Pooja Patel,,
INH000018948,INDstocks Private Limited,,Research Analyst,"Dec 05, 2024 - Perpetual",Hardeep Arora,indmoney.com,
INH000018966,Avinash Jaiswal,,Research Analyst,"Dec 06, 2024 - Perpetual",Avinash Jaiswal,,
INH000018975,Prateek Dangi,,Research Analyst,"Dec 06, 2024 - Perpetual",Prateek Dangi,,
INH000018984,Vishnu Sunder,,Research Analyst,"Dec 10, 2024 - Perpetual",Vishnu Sunder,,
INH000018993,Yash Dahiya,,Research Analyst,"Dec 10, 2024 - Perpetual",Yash Dahiya,,
INH000019008,JIGARKUMAR HARSHADKUMAR SHAH,,Research Analyst,"Dec 10, 2024 - Perpetual",Jigarkumar Shah,,
INH000019017,Kaushik Ghosh,,Research Analyst,"Dec 10, 2024 - Perpetual",Kaushik Ghosh,,
INH000019026,Rohan Kumar Sahu,,Research Analyst,"Dec 10, 2024 - Perpetual",Rohan Sahu,,
INH000019035,MATRIX TRADING TECH,,Research Analyst,"Dec 11, 2024 - Perpetual",AMIT SHARMA,,
INH000019044,One Market Signal,,Research Analyst,"Dec 12, 2024 - Perpetual",Rohit Yadav,,
INH000019053,Green candle Research Academy,,Research Analyst,"Dec 16, 2024 - Perpetual",Pawan  Kumar,greencandleresearch.com,
INH000019062,MANOJKUMAR P TIWARI PROPRIETOR OF FINKUBER CAPITAL,,Research Analyst,"Dec 16, 2024 - Perpetual",MANOJKUMAR TIWARI,,
INH000019071,Stockera Technology Private Limited,,Research Analyst,"Dec 16, 2024 - Perpetual",Anupam  Sinhal,stockera.com,
INH000019080,Karan Subhash Arora,,Research Analyst,"Dec 16, 2024 - Perpetual",Karan Arora,,
INH000019099,ALDERLEAF STOCKMANTRA PRIVATE LIMITED,,Research Analyst,"Dec 16, 2024 - Perpetual",Aditya  Pandey,,
INH000019105,Growthvista Research Services Private Limited,,Research Analyst,"Dec 16, 2024 - Perpetual",Paramjeet  Singh,,
INH000019114,Mayank Shukla Proprietor of Apex Research Financial Services,,Research Analyst,"Dec 16, 2024 - Perpetual",Mayank Shukla,,
INH000019132,Rishab Singh Dheer,,Research Analyst,"Dec 17, 2024 - Perpetual",Rishab Singh Dheer,,
INH000019141,Tushar Goswami,,Research Analyst,"Dec 17, 2024 - Perpetual",TUSHAR GOSWAMI,,
INH000019150,Susmita Sahoo,,Research Analyst,"Dec 17, 2024 - Perpetual",Susmita Sahoo,,
INH000019169,Shikha Kapur Proprietor of Sprout Research,,Research Analyst,"Dec 23, 2024 - Perpetual",SHIKHA KAPUR,,
INH000019178,Dynamic Equities Private Limited,,Research Analyst,"Dec 28, 2024 - Perpetual",Jibachh Prasad,valuestocks.in,
INH000019187,Deepak Khatri,,Research Analyst,"Dec 31, 2024 - Perpetual",Deepak  Khatri,theskwealth.com,
INH000019202,Congruence Investment Advisers India Private Limited,,Research Analyst,"Jan 01, 2025 - Perpetual",Kedar Samudram,congruenceadvisers.com,
INH000019211,Deepika Sahu Proprietor of Hitanshi Capital,,Research Analyst,"Jan 01, 2025 - Perpetual",Deepika Sahu,,
INH000019220,Mohammed Adil Qureshi Proprietor of StockYard,,Research Analyst,"Jan 01, 2025 - Perpetual",Mohammed Adil  Qureshi,,
INH000019239,Priyam Mehta Proprietor of Gapup Equity,,Research Analyst,"Jan 02, 2025 - Perpetual",Priyam  Mehta proprietor Gapup Equity,,
INH000019248,Yogesh Nirwan Proprietor of Wealth Guru,,Research Analyst,"Jan 03, 2025 - Perpetual",Yogesh Nirwan,,
INH000019257,VIBHORE GUPTA,,Research Analyst,"Jan 06, 2025 - Perpetual",VIBHORE GUPTA,,
INH000019266,Vedant Kelkar,,Research Analyst,"Jan 06, 2025 - Perpetual",Vedant Kelkar,,
INH000019275,Shivani Shailash Goyal,,Research Analyst,"Jan 06, 2025 - Perpetual",Shivani Goyal,,
INH000019284,Amarlal Naraindas Bhatia,,Research Analyst,"Jan 06, 2025 - Perpetual",Amarlal Bhatia,,
INH000019293,G KALYANI PROPRIETOR OF FUSION X TECHNOLOGY,,Research Analyst,"Jan 06, 2025 - Perpetual",GKALYANI Kalyani,,
INH000019309,PRADEEP CARPENTER,,Research Analyst,"Jan 06, 2025 - Perpetual",PRADEEP CARPENTER,,
INH000019318,Hitesh Amar Punjabi,,Research Analyst,"Jan 06, 2025 - Perpetual",Hitesh Punjabi,,
INH000019327,SASIKUMAR PEYYALA,,Research Analyst,"Jan 07, 2025 - Perpetual",SASIKUMAR PEYYALA,,
INH000019336,Radheshyam Dandare Proprietor of Stockedge Research,,Research Analyst,"Jan 07, 2025 - Perpetual",Radheshyam Dandare,,
INH000019345,Time & Tide Advisors LLP,,Research Analyst,"Jan 09, 2025 - Perpetual",Akash Javeri,timetide.in,
INH000019354,KUNDAN PRAHLADRAI MOTWANI,,Research Analyst,"Jan 14, 2025 - Perpetual",KUNDAN MOTWANI,,
INH000019363,Vivek Rana Proprietor of Investment Mirrors Research,,Research Analyst,"Jan 14, 2025 - Perpetual",Vivek Rana  Proprietor of Investment Mirrors Resear,,
INH000019372,Rahul Porwal Proprietor The Reliable Research,,Research Analyst,"Jan 14, 2025 - Perpetual",Rahul Porwal  Proprietor The Reliable Research,,
INH000019381,KSHITIJ PRABHU,,Research Analyst,"Jan 14, 2025 - Perpetual",Kshitij Prabhu,,
INH000019406,Nitin Sharma Proprietor of WealthXplore Research Analyst,,Research Analyst,"Jan 15, 2025 - Perpetual",Nitin Sharma,,
INH000019415,PARSHURAM DASHRATH DESAI,,Research Analyst,"Jan 15, 2025 - Perpetual",PARSHURAM DASHRATH DESAI,,
INH000019424,Mohd Sharafat Khan Proprietor Of Capsure Research,,Research Analyst,"Jan 17, 2025 - Perpetual",Mohammad Khan,,
INH000019433,Arthscience Capital Research Private Limited,,Research Analyst,"Jan 17, 2025 - Perpetual",Poonam Shami,arthscience.in,
INH000019442,Chanpreet Singh,,Research Analyst,"Jan 22, 2025 - Perpetual",Chanpreet Singh,,
INH000019451,Ravi Chouhan,,Research Analyst,"Jan 22, 2025 - Perpetual",Ravi Chouhan,,
INH000019460,Ocean Finvest India Private Limited,,Research Analyst,"Jan 23, 2025 - Perpetual",Vora Rajendrakumar,oceanfinvest.in,
INH000019479,Rukhsar Tajmulwasik Pathan Proprietor of Trade Research Academy,,Research Analyst,"Jan 24, 2025 - Perpetual",Rukhsar Pathan,,
INH000019488,Kapil Verma Proprietor of Fusiontech Research,,Research Analyst,"Jan 27, 2025 - Perpetual",Kapil Verma,,
INH000019497,Manjushri Sharma,,Research Analyst,"Jan 28, 2025 - Perpetual",Manjushri Sharma,,
INH000019503,Estee Advisors Private Limited,,Research Analyst,"Jan 31, 2025 - Perpetual",Preeti Joshi Mundeja,esteeadvisors.com,
INH000019512,CNI INFOXCHANGE PRIVATE LIMITED,,Research Analyst,"Jan 31, 2025 - Perpetual",Kishor  Ostwal,chamatcar.com,
INH000019521,Pravin Khetan,,Research Analyst,"Jan 31, 2025 - Perpetual",Pravin Khetan,,
INH000019530,VACHASPATI JHA,,Research Analyst,"Jan 31, 2025 - Perpetual",VACHASPATI JHA,,
INH000019549,Ashok Bhandari,,Research Analyst,"Feb 03, 2025 - Perpetual",Ashok Bhandari,,
INH000019558,Bullsstrategy Advisory Private Limited,,Research Analyst,"Feb 03, 2025 - Perpetual",Tanishka Joshi,,
INH000019567,GEOJIT INVESTMENTS LIMITED,,Research Analyst,"Feb 05, 2025 - Perpetual",ANAND JAMES,geojit.com,
INH000019770,Shivpal Rajput Proprietor of Sumedha Research,,Research Analyst,"Feb 11, 2025 - Perpetual",Shivpal Rajput,,
INH000019789,SNM Value Educator Research Services LLP,,Research Analyst,"Feb 11, 2025 - Perpetual",Shashank Mahajan,,
INH000019798,CANDOUR ASSET MANAGEMENT LLP,,Research Analyst,"Feb 12, 2025 - Perpetual",Sarvesh  Shenai,candorinvesting.com,
INH000019804,Amit Dhamija,,Research Analyst,"Feb 12, 2025 - Perpetual",Amit Dhamija,,
INH000019813,SIHO Research Private Limited,,Research Analyst,"Feb 18, 2025 - Perpetual",NITIN  KUMAR,sihoresearch.com,
INH000019822,PRITI TIWARI,,Research Analyst,"Feb 18, 2025 - Perpetual",PRITI TIWARI,platinumresearch.in,
INH000019831,Mahipat Valera Sisodiya,,Research Analyst,"Feb 20, 2025 - Perpetual",Mahipat Sisodiya,,
INH000019840,Idrees Doulatganj Wala Proprietor of MI Grow Wealth,,Research Analyst,"Feb 20, 2025 - Perpetual",IDREES WALA,,
INH000019859,I CAP TRADERS CIRCUIT PRIVATE LIMITED,,Research Analyst,"Feb 20, 2025 - Perpetual",Vidhan Gupta,traderscircuit.com,
INH000019868,Turtle Wealth Management  Pvt. Ltd.,,Research Analyst,"Feb 20, 2025 - Perpetual",Vibhati Gandhi,turtlewealth.in,
INH000019877,Nishant Anil Tathe,,Research Analyst,"Feb 20, 2025 - Perpetual",Nishant Tathe,,
INH000019886,AMIT BHATTACHARJEE,,Research Analyst,"Feb 20, 2025 - Perpetual",AMIT BHATTACHARJEE,,
INH000019895,Vaibhav Sandipan Mote Proprietor of Profit Booster Analysis,,Research Analyst,"Feb 20, 2025 - Perpetual",VAIBHAV MOTE,,
INH000019901,Sai Prasad Himmatrao Holkar,,Research Analyst,"Feb 24, 2025 - Perpetual",Sai Prasad Holkar,,
INH000019910,Mahaveer Jain Proprietor of Nextedge Research,,Research Analyst,"Feb 24, 2025 - Perpetual",Mahaveer Jain,,
INH000019929,GADDE RAJENDRA,,Research Analyst,"Feb 25, 2025 - Perpetual",GADDE  RAJENDRA,,
INH000019938,Abinas M,,Research Analyst,"Feb 25, 2025 - Perpetual",Abinas Muruthulla,,
INH000019956,Rohan S Jadhav Proprietor of Oloid Money,,Research Analyst,"Feb 25, 2025 - Perpetual",Rohan Jadhav,,
INH000019965,Awesome Investing,,Research Analyst,"Feb 25, 2025 - Perpetual",Viral Shah,awesomeinvesting.in,
INH000019974,Enrich Financial Market Private limited,,Research Analyst,"Feb 27, 2025 - Perpetual",Anoop P R,enrichmoney.in,
INH000019983,Compounding Wealth Advisors LLP,,Research Analyst,"Mar 06, 2025 - Perpetual",Rakesh  Pujara,compoundingwealth.co.in,
INH000019992,Yogendra Singh Negi Proprietor of Investing Options,,Research Analyst,"Mar 06, 2025 - Perpetual",Yogendra Singh Negi,,
INH000020004,5 CIRCLES PRIVATE LIMITED,,Research Analyst,"Mar 06, 2025 - Perpetual",Rahul Sarawagi,,
INH000020013,Nilesh Kushwah Proprietor Aura Capital Financial Services,,Research Analyst,"Mar 10, 2025 - Perpetual",Nilesh Kushwah,,
INH000020022,Shivam Rane Proprietor of Stock Emphasis,,Research Analyst,"Mar 10, 2025 - Perpetual",Shivam Rane,,
INH000020031,RAGHAV RESEARCH SERVICES LLP,,Research Analyst,"Mar 10, 2025 - Perpetual",,,
INH000020040,GOINDIA ADVISORS LLP,,Research Analyst,"Mar 12, 2025 - Perpetual",Rakesh Arora,goindiaadvisors.com,
INH000020068,MANOJ KUMAR A,,Research Analyst,"Mar 12, 2025 - Perpetual",Manoj Kumar A,,
INH000020077,Omniscience Capital Advisors Private Limited,,Research Analyst,"Mar 12, 2025 - Perpetual",Varun Sood,omnisciencecapital.com,
INH000020086,Paytm Money Limited,,Research Analyst,"Mar 12, 2025 - Perpetual",Neeraj Gogai,paytmmoney.com,
INH000020095,SHAILESHKUMAR K GADHIYA,,Research Analyst,"Mar 21, 2025 - Perpetual",SHAILESHKUMAR GADHIYA,,
INH000020101,Sharan Basant Lillaney,,Research Analyst,"Mar 21, 2025 - Perpetual",Sharan Lillaney,,
INH000020129,Trillion Stock Research  Prop Prachi Sharma,,Research Analyst,"Mar 24, 2025 - Perpetual",Prachi Sharma,,
INH000020138,AIONION CAPITAL MARKET SERVICES PRIVATE LIMITED,,Research Analyst,"Mar 24, 2025 - Perpetual",ANISH GUPTA,aionioncapital.com,
INH000020156,Vivek Kumar Singh Proprietor of Systematic Trader Vivek,,Research Analyst,"Mar 24, 2025 - Perpetual",Vivek Singh,,
INH000020165,Divya Singaravelu,,Research Analyst,"Mar 24, 2025 - Perpetual",Divya Singaravelu,,
INH000020174,Option Brains Capital Private Limited,,Research Analyst,"Mar 24, 2025 - Perpetual",Sahil Balani,optionbrains.com,
INH000020183,Vinay Suneja,,Research Analyst,"Mar 27, 2025 - Perpetual",vinay Suneja,,
INH000020192,Nikhil Badaya,,Research Analyst,"Mar 28, 2025 - Perpetual",Nikhil Badaya,,
INH000020208,Upstox Securities Private Limited,,Research Analyst,"Apr 03, 2025 - Perpetual",Kapil Jaikalyani,rksv.in,
INH000020217,VP Capital Research Private Limited,,Research Analyst,"Apr 07, 2025 - Perpetual",Birendra Kumar Pandey,,
INH000020226,VIJAY KUMAR GUPTA,,Research Analyst,"Apr 08, 2025 - Perpetual",VIJAY GUPTA,,
INH000020235,ANCY JACOB,,Research Analyst,"Apr 09, 2025 - Perpetual",ANCY JACOB,,
INH000020244,SHRIKANT ASHOK MADGHE Proprietor Ovam Financial Services,,Research Analyst,"Apr 11, 2025 - Perpetual",SHRIKANT MADGHE,,
INH000020253,Kuldeep Hanumant Proprietor of Goodluck Research,,Research Analyst,"Apr 11, 2025 - Perpetual",Kuldeep Hanumant,outlook.in,
INH000020262,Bristlecone Consultants,,Research Analyst,"Apr 11, 2025 - Perpetual",Hoshner Patel,bristlecone.in,
INH000020271,Ankita Ashwin Jain Proprietor of Sanchitam Wealth,,Research Analyst,"Apr 17, 2025 - Perpetual",Ankita Jain,,
INH000020280,Rupesh Raj Proprietor of NextEra Research,,Research Analyst,"Apr 17, 2025 - Perpetual",Rupesh Raj,,
INH000020299,HARSHAL PARMAR,,Research Analyst,"Apr 17, 2025 - Perpetual",HARSHAL PARMAR,,
INH000020305,Angel One Investment Services Private Limited,,Research Analyst,"Apr 19, 2025 - Perpetual",Shivkumar Kotian,ionic.in,
INH000020314,Saurabh Saha Proprietor of Mark Research,,Research Analyst,"Apr 21, 2025 - Perpetual",Saurabh Saha,,
INH000020323,PRRSAAR SAMPADA PRIVATE LIMITED,,Research Analyst,"Apr 21, 2025 - Perpetual",RAVI KANT,prrsaar.com,
INH000020332,Rajneesh Sharma,,Research Analyst,"Apr 21, 2025 - Perpetual",Rajneesh Sharma,,
INH000020341,ARTH SADHANA,,Research Analyst,"Apr 21, 2025 - Perpetual",CHANDAN KUMAR,,
INH000020350,Unite Technologies Financial Service,,Research Analyst,"Apr 29, 2025 - Perpetual",Saurav Singh,,
INH000020369,Sushilkumar Baljitsingh Chauhan,,Research Analyst,"May 02, 2025 - Perpetual",Sushilkumar  Chauhan,,
INH000020378,VIKASH KUMAR GUPTA,,Research Analyst,"May 08, 2025 - Perpetual",VIKASH KUMAR GUPTA,kushaagriadvisors.com,
INH000020387,MONEXAA RESEARCH Prop SATISH KUMAR PANDEY,,Research Analyst,"May 08, 2025 - Perpetual",SATISH PANDEY,,
INH000020396,Nikhil Kumar Sahu of Proprietor of Raistocks.com,,Research Analyst,"May 13, 2025 - Perpetual",NIKHIL SAHU,,
INH000020402,Makarand Anant Vipat,,Research Analyst,"May 13, 2025 - Perpetual",Makarand  Vipat,,
INH000020411,Shubham Agrawal proprietor of Shubh Technical Research,,Research Analyst,"May 13, 2025 - Perpetual",Shubham Agrawal,,
INH000020420,JEETHENDRA H,,Research Analyst,"May 14, 2025 - Perpetual",JEETHENDRA Hanuman Ram,,
INH000020439,SANJAY NANDLAL AHUJA,,Research Analyst,"May 14, 2025 - Perpetual",SANJAY AHUJA,,
INH000020448,Kumar Satyam,,Research Analyst,"May 15, 2025 - Perpetual",Kumar Satyam,,
INH000020457,Equiboost Finserv private limited,,Research Analyst,"May 15, 2025 - Perpetual",Ankit Gangar,,
INH000020466,Pyrifera Investment Advisors,,Research Analyst,"May 15, 2025 - Perpetual",Srujana Oruganti,,
INH000020475,Altinvestor Research LLP,,Research Analyst,"May 15, 2025 - Perpetual",Vivek Gulati,,
INH000020484,KESHAV MAHESHWARI,,Research Analyst,"May 15, 2025 - Perpetual",KESHAV MAHESHWARI,,
INH000020509,IKASHI FINTECH PRIVATE LIMITED,,Research Analyst,"May 19, 2025 - Perpetual",Sagar Dhosewan,finnovationz.com,
INH000020518,VIPUL NANDAN PROPRIETOR NANDAN WEALTH,,Research Analyst,"May 19, 2025 - Perpetual",Vipul  Nandan,,
INH000020527,Pramod Patidar Proprietor of Equibalance Research,,Research Analyst,"May 19, 2025 - Perpetual",Pramod Patidar,,
INH000020536,Mohd Rizwan,,Research Analyst,"May 24, 2025 - Perpetual",Mohd  Rizwan,,
INH000020545,Vikash Kumar Jain Proprietor Virtual Technologies And Financial Services,,Research Analyst,"May 26, 2025 - Perpetual",Vikash Jain,,
INH000020554,MAUSAM NAGPAL,,Research Analyst,"May 28, 2025 - Perpetual",MAUSAM NAGPAL,,
INH000020572,Akash Dilip Bacha Proprietor of  Wealth Origin Financial Service,,Research Analyst,"May 29, 2025 - Perpetual",Akash Bacha,,
INH000020581,Satish Rajamouli Vemula,,Research Analyst,"Jun 02, 2025 - Perpetual",Satish Vemula,,
INH000020590,Shah Meghna Kewal,,Research Analyst,"Jun 02, 2025 - Perpetual",Shah Kewal,,
INH000020606,Nikita Jain Proprietor Balaji Elite Research,,Research Analyst,"Jun 02, 2025 - Perpetual",Nikita  Jain,,
INH000020615,Amit Malviya Proprietor of Moneyplant Research,,Research Analyst,"Jun 02, 2025 - Perpetual",Amit Malviya,,
INH000020633,ARUN S VIJAY,,Research Analyst,"Jun 04, 2025 - Perpetual",ARUN VIJAY,alphaturtles.in,
INH000020642,PA WEALTH VENTURES PRIVATE LIMITED,,Research Analyst,"Jun 04, 2025 - Perpetual",Sukhman Kaur,pawealth.in,
INH000020651,SUDHANSHU KUMAR SINGH,,Research Analyst,"Jun 04, 2025 - Perpetual",SUDHANSHU SINGH,,
INH000020660,Harshit Kumar Singh Proprietor of Alpha Insiight,,Research Analyst,"Jun 04, 2025 - Perpetual",Harshit Singh,,
INH000020679,Ashutosh Kumar Gupta,,Research Analyst,"Jun 05, 2025 - Perpetual",Ashutosh Gupta,,
INH000020688,Abhinav Singla Proprietor Abhinav Singla & Associates,,Research Analyst,"Jun 05, 2025 - Perpetual",Abhinav Singla,,
INH000020697,SWATI VIJAY,,Research Analyst,"Jun 05, 2025 - Perpetual",SWATI VIJAY,,
INH000020703,Aishani Dhawan,,Research Analyst,"Jun 06, 2025 - Perpetual",Aishani  Dhawan,,
INH000020712,Madhur Jain,,Research Analyst,"Jun 06, 2025 - Perpetual",Madhur Jain,,
INH000020721,Ankita Mukherjee Proprietor of Investease Research,,Research Analyst,"Jun 06, 2025 - Perpetual",ANKITA MUKHERJEE,,
INH000020730,Kerdoss Trade India,,Research Analyst,"Jun 06, 2025 - Perpetual",Jabesh Bagdy,,
INH000020749,Amol Ramakant Surwade,,Research Analyst,"Jun 09, 2025 - Perpetual",Amol Surwade,,
INH000020758,Ajay Kumar Meena Proprietor of  Triumphbulls Research Services,,Research Analyst,"Jun 09, 2025 - Perpetual",Ajay Meena,,
INH000020767,PRAKASH YADAV PROPRIETOR OF INVESTEDGE SOLUTION,,Research Analyst,"Jun 09, 2025 - Perpetual",Prakash  Yadav,,
INH000020776,Vishwesh Diware,,Research Analyst,"Jun 09, 2025 - Perpetual",Vishwesh Diware,,
INH000020785,ATIN AGRRAWAL PROPRIETOR OF SRK RESEARCH,,Research Analyst,"Jun 11, 2025 - Perpetual",ATIN AGRRAWAL,,
INH000020794,Aditya Subhash Patil proprietor of Whitestone Capital,,Research Analyst,"Jun 11, 2025 - Perpetual",Aditya Patil,,
INH000020800,Saurabh Gupta,,Research Analyst,"Jun 12, 2025 - Perpetual",Saurabh  Gupta,,
INH000020819,Sami Ahmad Sajjad,,Research Analyst,"Jun 12, 2025 - Perpetual",Sami Ahmad,,
INH000020828,KOMAL JETHANI,,Research Analyst,"Jun 12, 2025 - Perpetual",KOMAL JETHANI,,
INH000020837,Komal Yadav Proprietor of Wealth Waves Research,,Research Analyst,"Jun 12, 2025 - Perpetual",Komal Yadav,,
INH000020846,SR Wealth Research,,Research Analyst,"Jun 12, 2025 - Perpetual",Lokesh Sethia,,
INH000020855,Rohit Mohan Dhanani Proprietor of Krid Capital,,Research Analyst,"Jun 12, 2025 - Perpetual",Rohit Dhanani Proprietor of Krid Capital,kridcapital.in,
INH000020864,KASAA Research & Investment Advisory Private Limited,,Research Analyst,"Jun 13, 2025 - Perpetual",Kaushik Akiwatkar,markup.club,
INH000020873,Mayur B Deshmukh Proprietor of Govardhan Research And Analytics,,Research Analyst,"Jun 16, 2025 - Perpetual",Mayur Deshmukh,govardhanresearch.com,
INH000020882,DR. SANDESH KEDIA Proprietor of KEDIA RESEARCH & LEARNING HUB,,Research Analyst,"Jun 16, 2025 - Perpetual",SANDESH KEDIA,,
INH000020891,Chandrakant Panditrao Bangar,,Research Analyst,"Jun 16, 2025 - Perpetual",Chandrakant Bangar,,
INH000020907,Thacker Bhavesh H,,Research Analyst,"Jun 16, 2025 - Perpetual",Bhavesh Thacker,,
INH000020916,Aman Singhal,,Research Analyst,"Jun 16, 2025 - Perpetual",Aman Singhal,,
INH000020934,PANKAJ PAWAR Proprietor of CapitalLyft,,Research Analyst,"Jun 16, 2025 - Perpetual",PANKAJ PAWAR,,
INH000020943,CD RESEARCH PRIVATE LIMITED,,Research Analyst,"Jun 16, 2025 - Perpetual",KISHAN GUPTA,,
INH000020952,Hardeep Singh Proprietor of HS Fintech,,Research Analyst,"Jun 17, 2025 - Perpetual",Hardeep Singh,,
INH000020961,Angel Research Analysis LLP,,Research Analyst,"Jun 17, 2025 - Perpetual",Jaydeep Kapuriya,,
INH000020970,Anand Sharadchandra Pathak proprietor of Shrinidhi Capital,,Research Analyst,"Jun 17, 2025 - Perpetual",Anand Pathak,,
INH000020998,ANUBRATA DAS,,Research Analyst,"Jun 17, 2025 - Perpetual",ANUBRATA DAS,,
INH000021003,Arjun L,,Research Analyst,"Jun 17, 2025 - Perpetual",Arjun Loganathan,,
INH000021012,Arthasiddhi Equity Advisory Services,,Research Analyst,"Jun 17, 2025 - Perpetual",Ankit Porwal,,
INH000021021,CA Dharmendra Singh Songira,,Research Analyst,"Jun 17, 2025 - Perpetual",Dharmendra Songira,,
INH000021030,CHANDRA SHEKHAR PANDEY,,Research Analyst,"Jun 17, 2025 - Perpetual",CHANDRA PANDEY,,
INH000021049,ELEVE CAPITAL PARTNERS,,Research Analyst,"Jun 17, 2025 - Perpetual",KRANTI ANDHALE,elevecapitalpartners.com,
INH000021058,Financial Independence Services,,Research Analyst,"Jun 17, 2025 - Perpetual",Ankit  Chaudhary,,
INH000021067,M/s. Nexttech Securities Private Limited,,Research Analyst,"Jun 17, 2025 - Perpetual",Sathiyaraj RajKumar,,
INH000021085,RAHUL RANKA,,Research Analyst,"Jun 17, 2025 - Perpetual",RAHUL RANKA,,
INH000021094,RGX Research Private Limited,,Research Analyst,"Jun 17, 2025 - Perpetual",Ritesh Gokani,equitypro.co.in,
INH000021100,Vinay Kumar Singh Proprietor of Vpack Capital Research,,Research Analyst,"Jun 17, 2025 - Perpetual",VINAY SINGH,,
INH000021119,Sachin Ramchandra Naik Proprietor of Intliri Academy,,Research Analyst,"Jun 17, 2025 - Perpetual",Sachin Naik,,
INH000021128,Quantum Information Services Private Limited,,Research Analyst,"Jun 17, 2025 - Perpetual",Trupti David,equitymaster.com,
INH000021164,Barkha Siddharth Kamra,,Research Analyst,"Jun 23, 2025 - Perpetual",Barkha Kamra,,
INH000021173,Equbot AI India Private Limited,,Research Analyst,"Jun 23, 2025 - Perpetual",Ekatmika Kathua,equbot.com,
INH000021182,TI RESEARCH PARTNERS,,Research Analyst,"Jun 23, 2025 - Perpetual",Shyam Prakash,,
INH000021207,Shashank Sunil Udupa,,Research Analyst,"Jun 23, 2025 - Perpetual",Shashank Udupa,,
INH000021216,PRASHANT PAREEK,,Research Analyst,"Jun 23, 2025 - Perpetual",Prashant Pareek,,
INH000021225,Project Options,,Research Analyst,"Jun 23, 2025 - Perpetual",Utkarsh Bhargava,,
INH000021234,Ankush Sanodiya Proprietor of Delight Financial Services,,Research Analyst,"Jun 23, 2025 - Perpetual",Ankush Sanodiya,,
INH000021243,Equivest Research Private Limited,,Research Analyst,"Jun 23, 2025 - Perpetual",Sudhir Kumar,equivestresearch.com,
INH000021252,Divyani Kuldipsingh Thakur,,Research Analyst,"Jun 23, 2025 - Perpetual",Divyani Thakur,,
INH000021261,Tejas Bansal,,Research Analyst,"Jun 24, 2025 - Perpetual",Tejas Bansal,,
INH000021270,Yashdeep Kothari,,Research Analyst,"Jun 24, 2025 - Perpetual",Yashdeep Kothari,,
INH000021289,ANAND DINESHBHAI NANAVATI,,Research Analyst,"Jun 24, 2025 - Perpetual",ANAND NANAVATI,,
INH000021298,Rohit Deepak Kripalani,,Research Analyst,"Jun 24, 2025 - Perpetual",Rohit Kripalani,,
INH000021304,ABHIJIT PANDURANG PATIL,,Research Analyst,"Jun 24, 2025 - Perpetual",ABHIJIT PATIL,,
INH000021313,Sakshi Gaurav Jalan,,Research Analyst,"Jun 24, 2025 - Perpetual",Sakshi Jalan,,
INH000021322,KARTHIK K,,Research Analyst,"Jun 24, 2025 - Perpetual",KARTHIK KAVERAPPA,,
INH000021331,Ekta Bansal,,Research Analyst,"Jun 24, 2025 - Perpetual",Ekta Bansal,,
INH000021340,Kailash Karsandas Babhaniya,,Research Analyst,"Jun 25, 2025 - Perpetual",Kailash Babhaniya,,
INH000021359,Patel Jignesh Kanubhai Proprietor of Omkar Research Analyst,,Research Analyst,"Jun 25, 2025 - Perpetual",Jignesh K Patel,,
INH000021368,Rupak Ghosh,,Research Analyst,"Jun 25, 2025 - Perpetual",Rupak Ghosh,ifinstrats.com,
INH000021377,BEACON CAPITAL ADVISORS PRIVATE LIMITED,,Research Analyst,"Jun 27, 2025 - Perpetual",Divyanshu Verma,beaconcaps.com,
INH000021386,PANKAJ KUMAR JAIN PROPRIETOR OF EYE ON TRADE RESEARCH,,Research Analyst,"Jun 30, 2025 - Perpetual",PANKAJ  JAIN,eyeontrade.com,
INH000021395,Ramesh Pal,,Research Analyst,"Jun 30, 2025 - Perpetual",Ramesh  Pal,,
INH000021401,Neetu Kushwaha Proprietor of Trading Hub Research,,Research Analyst,"Jun 30, 2025 - Perpetual",Neetu Kushwaha,tradinghubresearch.com,
INH000021410,Vimulsinh Solanki,,Research Analyst,"Jun 30, 2025 - Perpetual",Vimulsinh Solanki,,
INH000021429,Ayush Sharma,,Research Analyst,"Jun 30, 2025 - Perpetual",Ayush Sharma,,
INH000021438,DICHOLKAR RAVINDRA A,,Research Analyst,"Jun 30, 2025 - Perpetual",,,
INH000021447,EB CAPITAL SERVICES PRIVATE LIMITED,,Research Analyst,"Jun 30, 2025 - Perpetual",RASHMI BHANDARI,,
INH000021456,Binita Bharti,,Research Analyst,"Jun 30, 2025 - Perpetual",Binita Bharti,,
INH000021465,Ranvir Pratap Singh Proprietor Redwood Financial,,Research Analyst,"Jun 30, 2025 - Perpetual",Ranvir Singh,,
INH000021474,Shailesh Singh Proprietor Assent Advisory,,Research Analyst,"Jun 30, 2025 - Perpetual",Shailesh Singh,,
INH000021483,FINBONG FINANCIAL TECHNOLOGIES,,Research Analyst,"Jun 30, 2025 - Perpetual",ADITYA PAL,,
INH000021492,Manoj Rathore Proprietor Market Mentor Research & Academy,,Research Analyst,"Jun 30, 2025 - Perpetual",Manoj Rathore,,
INH000021508,Rajat Bisht,,Research Analyst,"Jul 01, 2025 - Perpetual",Rajat Bisht,,
INH000021517,Thobani Saif Shabbir Proprietor Of Vantage Research,,Research Analyst,"Jul 03, 2025 - Perpetual",Thobani Shabbir,,
INH000021526,FUNDSGURU PRIVATE LIMITED,,Research Analyst,"Jul 04, 2025 - Perpetual",Suhag Patel,bullcapital.in,
INH000021535,RAJ PARMAR,,Research Analyst,"Jul 04, 2025 - Perpetual",RAJ PARMAR,,
INH000021544,GANATRA CHINTAN DILIPBHAI,,Research Analyst,"Jul 04, 2025 - Perpetual",CHINTAN GANATRA,,
INH000021553,Raghav Malik,,Research Analyst,"Jul 04, 2025 - Perpetual",Raghav Malik,,
INH000021562,Rainbow Money Private Limited,,Research Analyst,"Jul 04, 2025 - Perpetual",Siddharth Mukund,rainbowmoney.in,
INH000021571,Growth Investing Private Limited,,Research Analyst,"Jul 04, 2025 - Perpetual",Narender Singhmar,growthinvesting.in,
INH000021580,Humaira Irfan Shaikh,,Research Analyst,"Jul 07, 2025 - Perpetual",Humaira  Shaikh,,
INH000021599,ASHISH BEDI,,Research Analyst,"Jul 07, 2025 - Perpetual",ASHISH BEDI,,
INH000021605,TRANS SCAN SECURITIES PRIVATE LIMITED,,Research Analyst,"Jul 07, 2025 - Perpetual",SANDEEP JAIN,,
INH000021614,Nitesh Jain Proprietor of One Nivesh,,Research Analyst,"Jul 08, 2025 - Perpetual",Nitesh Jain,,
INH000021623,VIKAS NAGRANI,,Research Analyst,"Jul 09, 2025 - Perpetual",VIKAS NAGRANI,yahoo.in,
INH000021632,Geo George Jacob,,Research Analyst,"Jul 09, 2025 - Perpetual",Geo  Jacob,,
INH000021641,Lotusdew Wealth and Investment Advisors Private Limited,,Research Analyst,"Jul 09, 2025 - Perpetual",Abhishek Banerjee,lotusdew.in,
INH000021650,ISHA JAIN,,Research Analyst,"Jul 10, 2025 - Perpetual",ISHA JAIN,,
INH000021669,Palette Wealth Management Private Limited,,Research Analyst,"Jul 10, 2025 - Perpetual",Kuldeep Sikarwar,palettewealth.com,
INH000021678,Aastha Fintech Private Limited,,Research Analyst,"Jul 10, 2025 - Perpetual",Vina Dobariya,aasthafintech.com,
INH000021687,AYUSHI CHAUKSEY ADVISER PRIVATE LIMITED,,Research Analyst,"Jul 10, 2025 - Perpetual",AYUSHI  CHAUKSEY,,
INH000021696,Sanjoy Ghosh,,Research Analyst,"Jul 10, 2025 - Perpetual",Sanjoy Ghosh,,
INH000021702,ERUGURALA NIKHIL KUMAR PROPRIETOR OF US INVESTMENT SOLUTIONS,,Research Analyst,"Jul 10, 2025 - Perpetual",ERUGURALA NIKHIL KUMAR,usinvestmentsolutions.com,
INH000021711,HEMLATA SOMANI Proprietor of STOCKAXIS VENTURES,,Research Analyst,"Jul 11, 2025 - Perpetual",Hemlata  Somani,,
INH000021720,BILLA BHARATH,,Research Analyst,"Jul 11, 2025 - Perpetual",Billa Bharath,,
INH000021739,Pradip Prabir Banerjee,,Research Analyst,"Jul 11, 2025 - Perpetual",Pradip  Banerj,yahoo.in,
INH000021757,MARKET MAESTROO PRIVATE LIMITED,,Research Analyst,"Jul 11, 2025 - Perpetual",ANKIT YADAV,,
INH000021766,Safal Tom,,Research Analyst,"Jul 14, 2025 - Perpetual",Safal Tom,,
INH000021784,Debasish Swain proprietor of Discipline Research,,Research Analyst,"Jul 14, 2025 - Perpetual",Debasish Swain,disciplineresearch.com,
INH000021793,LK PRIME TECHNICAL PRIVATE LIMITED,,Research Analyst,"Jul 14, 2025 - Perpetual",Kushal Varshney,,
INH000021809,SACHIN VIJAY GHAG,,Research Analyst,"Jul 14, 2025 - Perpetual",SACHIN GHAG,,
INH000021818,Renaissance Smart Tech Private Limited,,Research Analyst,"Jul 14, 2025 - Perpetual",Nipun  Jalan,renaissanceinvest.in,
INH000021827,Manan Mundra,,Research Analyst,"Jul 14, 2025 - Perpetual",Manan Mundra,,
INH000021836,CHAUHAN PARESH K,,Research Analyst,"Jul 14, 2025 - Perpetual",PARESH CHAUHAN,,
INH000021845,Raman Kumar Verma,,Research Analyst,"Jul 14, 2025 - Perpetual",Raman Verma,,
INH000021863,Vivek Awad Proprietor of Fortune Wolf Research,,Research Analyst,"Jul 14, 2025 - Perpetual",vivek awad,,
INH000021872,Manya Sharma,,Research Analyst,"Jul 14, 2025 - Perpetual",Manya Sharma,,
INH000021881,RAJENDRA HARISHCHANDRA JADHAV,,Research Analyst,"Jul 14, 2025 - Perpetual",RAJENDRA JADHAV,,
INH000021890,Penagaluru Venkata Raviteja Proprietor OF  PVR Advisory,,Research Analyst,"Jul 14, 2025 - Perpetual",Penagaluru Raviteja,,
INH000021906,Finvest Solutions,,Research Analyst,"Jul 16, 2025 - Perpetual",Manisha Verma,,
INH000021915,Vivek Kumar,,Research Analyst,"Jul 16, 2025 - Perpetual",Vivek  Kumar,,
INH000021924,Joshi Nirav Bharatkumar Proprietor of Kutch Capital Research,,Research Analyst,"Jul 16, 2025 - Perpetual",JOSHI NIRAV BHARATKUMAR Proprietor of Kutch Capital Research,,
INH000021933,Aniket Prakashbhai Nemade,,Research Analyst,"Jul 17, 2025 - Perpetual",Aniket Nemade,,
INH000021942,Mojo Markets Private Limited,,Research Analyst,"Jul 18, 2025 - Perpetual",Joyson Kalathil,marketsmojo.com,
INH000021951,ARJIT RAJEEV GARG,,Research Analyst,"Jul 18, 2025 - Perpetual",ARJIT GARG,,
INH000021960,Pravin Ratilal Share And Stock Brokers Limited,,Research Analyst,"Jul 18, 2025 - Perpetual",MILAN SHAH,pravinratilal.com,
INH000021979,AUROSTARINVESTMENT ADVISORY PRIVATE  LIMITED,,Research Analyst,"Jul 18, 2025 - Perpetual",Nikhil  Kabra,aurostar.in,
INH000021988,Rajnikant Vinubhai Chauhan,,Research Analyst,"Jul 18, 2025 - Perpetual",Rajnikant Chauhan,,
INH000021997,Atul Bapna,,Research Analyst,"Jul 23, 2025 - Perpetual",Atul  Bapna,,
INH000022002,Neha Soni Proprietor of RK Research Solutions,,Research Analyst,"Jul 23, 2025 - Perpetual",Neha Soni,,
INH000022011,Divya Roy Proprietor Master Research,,Research Analyst,"Jul 23, 2025 - Perpetual",Divya Roy,,
INH000022020,FALCONPHASE RESEARCH PRIVATE LIMITED,,Research Analyst,"Jul 24, 2025 - Perpetual",Sonu Kushwah,,
INH000022039,Anand Rawani,,Research Analyst,"Jul 24, 2025 - Perpetual",Anand Rawani,,
INH000022048,ANAND SINGH ADHIKARI,,Research Analyst,"Jul 24, 2025 - Perpetual",ANAND ADHIKARI,,
INH000022057,SHERASIYA RIYAZUDIN RASUL,,Research Analyst,"Jul 25, 2025 - Perpetual",SHERASIYA RASUL,,
INH000022066,Abishek Kondagunta Venkatesh,,Research Analyst,"Jul 28, 2025 - Perpetual",Abishek Venkatesh,,
INH000022075,Brijesh Hemendra Bhatia,,Research Analyst,"Jul 28, 2025 - Perpetual",Brijesh Bhatia,,
INH000022084,Jitendra Parmar Proprietor of Galaxy Research,,Research Analyst,"Jul 28, 2025 - Perpetual",Jitendra Parmar,,
INH000022093,Shankarnath K,,Research Analyst,"Jul 28, 2025 - Perpetual",SHANKAR NATH,,
INH000022109,ROHIT,,Research Analyst,"Jul 28, 2025 - Perpetual",ROHIT ROHIT,,
INH000022118,ASP FINSERV PRIVATE LIMITED,,Research Analyst,"Jul 28, 2025 - Perpetual",Ashish Pandey,aspfinserv.com,
INH000022127,H N  SHYLAJA,,Research Analyst,"Jul 28, 2025 - Perpetual",H N SHYLAJA,,
INH000022136,HARDIK NAINESHBHAI KACHAVA,,Research Analyst,"Jul 28, 2025 - Perpetual",HARDIK KACHAVA,,
INH000022145,VAIBHAV LALITBHAI PITHVA,,Research Analyst,"Jul 28, 2025 - Perpetual",VAIBHAV PITHVA,,
INH000022154,SADHA RESEARCH,,Research Analyst,"Jul 28, 2025 - Perpetual",ADITYA MISHRA,,
INH000022163,Rajiv Sharma Proprietor Capital Life Research,,Research Analyst,"Jul 28, 2025 - Perpetual",Rajiv Sharma,,
INH000022172,Aaritya Broking Private Limited,,Research Analyst,"Jul 30, 2025 - Perpetual",Riya Nahar,aaritya.com,
INH000022181,Ashvin Patidar,,Research Analyst,"Jul 30, 2025 - Perpetual",Ashvin Patidar,,
INH000022190,BULLGAINS RESEARCH,,Research Analyst,"Jul 30, 2025 - Perpetual",NAVLESH HAPPY,,
INH000022206,Inzamamul Haque Proprietor of The Indicators,,Research Analyst,"Jul 30, 2025 - Perpetual",Inzamamul  Haque,,
INH000022215,Valuation Mantra,,Research Analyst,"Jul 30, 2025 - Perpetual",Naresh Pattivatiath,,
INH000022224,Stoic Wealth,,Research Analyst,"Jul 30, 2025 - Perpetual",Saurabh Mahajan,,
INH000022233,Gaurav Kumar Sharma Proprietor of Level One Research,,Research Analyst,"Jul 30, 2025 - Perpetual",GAURAV SHARMA,,
INH000022242,Dattatraya Ghodke,,Research Analyst,"Jul 30, 2025 - Perpetual",Dattatraya Ghodke,,
INH000022251,VANSHIKA DUTT,,Research Analyst,"Jul 30, 2025 - Perpetual",VANSHIKA DUTT,,
INH000022260,Vikas Baldi,,Research Analyst,"Jul 30, 2025 - Perpetual",Vikas Baldi,,
INH000022279,ROHIT MUSALE,,Research Analyst,"Jul 30, 2025 - Perpetual",ROHIT MUSALE,,
INH000022288,HITESH NANWANI,,Research Analyst,"Jul 30, 2025 - Perpetual",HITESH NANWANI,,
INH000022297,Finkhoz Roboadvisory Services Private Limited,,Research Analyst,"Jul 30, 2025 - Perpetual",Arpit Goel,finkhoz.com,
INH000022303,JAYESH JAYANT JAJOO,,Research Analyst,"Jul 30, 2025 - Perpetual",JAYESH JAJOO,,
INH000022312,SHILPA LIMAYE,,Research Analyst,"Jul 30, 2025 - Perpetual",SHILPA LIMAYE,,
INH000022321,Rajesh Gupta,,Research Analyst,"Jul 31, 2025 - Perpetual",Rajesh Gupta,insead.edu,
INH000022330,Nidhi Chokhani,,Research Analyst,"Aug 01, 2025 - Perpetual",Nidhi Chokhani,,
INH000022349,DINESH KUMAR SINGHAL Propritor The Money Method,,Research Analyst,"Aug 01, 2025 - Perpetual",DINESH SINGHAL,themoneymethod.co.in,
INH000022358,INDIABULLS SECURITIES LIMITED,,Research Analyst,"Aug 04, 2025 - Perpetual",Sangeeta Dahiya,dhani.com,
INH000022367,Vinith Oscar Dcosta,,Research Analyst,"Aug 04, 2025 - Perpetual",Vinith Dcosta,,
INH000022376,MAHYAVANSHI JIGNESH JAYANTIBHAI,,Research Analyst,"Aug 04, 2025 - Perpetual",JIGNESH MAHYAVANSHI,stoxsheekho.com,
INH000022385,Luminorix Financial Services Private Limited,,Research Analyst,"Aug 04, 2025 - Perpetual",Venkata Ram Harsha Kuncham,,
INH000022394,SONKAR REEMA BRIJLAL,,Research Analyst,"Aug 04, 2025 - Perpetual",Reema Sonkar,,
INH000022400,PARAMS DATA PROVIDER PRIVATE LIMITED,,Research Analyst,"Aug 05, 2025 - Perpetual",Subir Singh,predictram.com,
INH000022419,Vivek Soni Proprietor  Easy Trade Insights,,Research Analyst,"Aug 05, 2025 - Perpetual",,,
INH000022428,Research Samrat Insights Pvt Ltd,,Research Analyst,"Aug 05, 2025 - Perpetual",Shaikh Abdullah Latif,,
INH000022437,MYMONEYGURU CAPITAL & RESEARCH PRIVATE LIMITED,,Research Analyst,"Aug 05, 2025 - Perpetual",Nitin Singhal,,
INH000022446,Raksha Sharma Proprietor of Pheonix Capital Research,,Research Analyst,"Aug 05, 2025 - Perpetual",Raksha Sharma,pheonixcapitalresearch.com,
INH000022455,Amit Kumar Singh Proprietor of Optiwealth Research,,Research Analyst,"Aug 05, 2025 - Perpetual",Amit Singh,,
INH000022464,CHAITANYA VINOD AGARWAL,,Research Analyst,"Aug 05, 2025 - Perpetual",CHAITANYA AGARWAL,,
INH000022473,Javed Nasim Shaikh Proprietor of Stockvix,,Research Analyst,"Aug 05, 2025 - Perpetual",Javed Shaikh,,
INH000022482,Amit Anand Proprietor Capital vision Research,,Research Analyst,"Aug 05, 2025 - Perpetual",Amit Anand,capitalvisionresearch.com,
INH000022491,OLEANDER FINANCIAL TECHNOLOGIES PRIVATE LIMITED,,Research Analyst,"Aug 05, 2025 - Perpetual",Harshit Goel,,
INH000022507,GISKARD DATATECH PRIVATE LIMITED,,Research Analyst,"Aug 06, 2025 - Perpetual",Amber Pabreja,trendlyne.com,
INH000022516,YASH RAJABHAI HINDUJA PROPRIETOR RUDRASTOX ADVISORY,,Research Analyst,"Aug 06, 2025 - Perpetual",YASH HINDUJA,,
INH000022525,RITUKANT MAURYA,,Research Analyst,"Aug 06, 2025 - Perpetual",RITUKANT MAURYA,,
INH000022534,Neeraj Vasudevan,,Research Analyst,"Aug 06, 2025 - Perpetual",Neeraj  Vasudevan,,
INH000022543,Rohit Tripathi,,Research Analyst,"Aug 06, 2025 - Perpetual",Rohit  Tripathi,,
INH000022552,RANGAONE FINWALA PRIVATE LIMITED,,Research Analyst,"Aug 06, 2025 - Perpetual",Sanika Karnik,,
INH000022561,M/S MAM AND KAV SECURITIES,,Research Analyst,"Aug 06, 2025 - Perpetual",Rakesh Kumar,,
INH000022570,PRIMEVYUH WEALTH ADVISORS PRIVATE LIMITED,,Research Analyst,"Aug 06, 2025 - Perpetual",Shailendra Jain,primevyuh.com,
INH000022589,SHYAM ADVISORY LIMITED,,Research Analyst,"Aug 06, 2025 - Perpetual",Vipul Kotak,shyamadvisory.com,
INH000022598,ARNAB MYBINIYOG VENTURES PRIVATE LIMITED,,Research Analyst,"Aug 06, 2025 - Perpetual",Arnab Sarkar,,
INH000022604,Bhupendra Kumar Kushwaha Proprietor of Dhan Research,,Research Analyst,"Aug 07, 2025 - Perpetual",Bhupendra Kushwaha,,
INH000022613,Mohit Kumar,,Research Analyst,"Aug 07, 2025 - Perpetual",Mohit Kumar,,
INH000022622,Purvang Navinkumar Patel Proprietor of Nandi Capital,,Research Analyst,"Aug 07, 2025 - Perpetual",Purvang Patel,,
INH000022631,Raedan Capital Pvt Ltd,,Research Analyst,"Aug 07, 2025 - Perpetual",Khushi Mehta,raedancapital.in,
INH000022640,WEALTH WISHERS,,Research Analyst,"Aug 08, 2025 - Perpetual",Monika Loya,wealthwishers.com,
INH000022659,Ujjawal Maheshwari,,Research Analyst,"Aug 08, 2025 - Perpetual",Ujjawal Maheshwari,,
INH000022668,Mata Securities India Private Limited,,Research Analyst,"Aug 08, 2025 - Perpetual",Manish Sule,matasec.com,
INH000022677,Zubin Baben Proprietor Peruma Capital,,Research Analyst,"Aug 11, 2025 - Perpetual",Zubin Baben,peruma.in,
INH000022686,Hardik Jain proprietor of  M/S Eternal Research Investment Advisor,,Research Analyst,"Aug 12, 2025 - Perpetual",Hardik Jain,eternalresearch.in,
INH000022695,Somil Pushpakant Visaria,,Research Analyst,"Aug 12, 2025 - Perpetual",Somil Visaria,,
INH000022701,Deepak Devdutt Mitra,,Research Analyst,"Aug 12, 2025 - Perpetual",Deepak  Mitra,,
INH000022710,Milan Kumar Sahu,,Research Analyst,"Aug 13, 2025 - Perpetual",Milan Sahu,,
INH000022729,THREETREND RESEARCH AND ALGOTECH PRIVATE LIMITED,,Research Analyst,"Aug 13, 2025 - Perpetual",Ameet Vijay  Kumar Gundecha,,
INH000022738,Rachit Jain,,Research Analyst,"Aug 14, 2025 - Perpetual",Rachit Jain,,
INH000022747,Rounaq Bakshi,,Research Analyst,"Aug 14, 2025 - Perpetual",,,
INH000022756,Eastern Financiers Limited,,Research Analyst,"Aug 14, 2025 - Perpetual",Reena Khetan,easternfin.com,
INH000022765,SEIRI INVESTMENT PRIVATE LIMITED,,Research Analyst,"Aug 18, 2025 - Perpetual",Nitendra Jhariya,,
INH000022774,Sagar SP proprietor Dravinam,,Research Analyst,"Aug 20, 2025 - Perpetual",Sagar S P,,
INH000022783,FOREVER RESEARCH,,Research Analyst,"Aug 20, 2025 - Perpetual",,,
INH000022792,Pavan Choubey,,Research Analyst,"Aug 20, 2025 - Perpetual",Pavan Choubey,,
INH000022808,Vikas Bhatt Proprietor The Wealth Navigator,,Research Analyst,"Aug 20, 2025 - Perpetual",Vikas Bhatt,,
INH000022817,Indistock Securities Limited,,Research Analyst,"Aug 20, 2025 - Perpetual",Dharmen Mehta,,
INH000022826,KISHLAY KUMAR,,Research Analyst,"Aug 20, 2025 - Perpetual",KISHLAY KUMAR,,
INH000022835,SAURABH MITTAL,,Research Analyst,"Aug 21, 2025 - Perpetual",SAURABH MITTAL,,
INH000022844,Vijay Mahendra Thakkar proprietor of Vijay Thakkar,,Research Analyst,"Aug 21, 2025 - Perpetual",Vijay Thakkar,,
INH000022853,ARAVIND B Proprietor of ARAVIND ADVISORY SERVICES,,Research Analyst,"Aug 21, 2025 - Perpetual",ARAVIND BALAKRISHNA,,
INH000022862,HEMANT KUMAR MISHRA,,Research Analyst,"Aug 21, 2025 - Perpetual",HEMANT MISHRA,,
INH000022871,IMAM HUSSAIN IBRAHIM HAJA,,Research Analyst,"Aug 21, 2025 - Perpetual",IMAM IBRAHIM H,,
INH000022880,SANAL P,,Research Analyst,"Aug 21, 2025 - Perpetual",SANAL P,,
INH000022899,LARES ALGOTECH INDIA PRIVATE LIMITED,,Research Analyst,"Aug 21, 2025 - Perpetual",Maya Singh,laresalgotech.com,
INH000022905,SIDDHARTH BHANUSHALI ADVISORY PRIVATE LIMITED,,Research Analyst,"Aug 22, 2025 - Perpetual",SIDDHARTH BHANUSHALI,sidsnb.com,
INH000022914,Affinity Wealth Management,,Research Analyst,"Aug 22, 2025 - Perpetual",Samir Kumar,affinitywealthmanagement.org,
INH000022923,STOCK READER,,Research Analyst,"Aug 22, 2025 - Perpetual",Anany Agarwal,,
INH000022932,Thoughtful Investors Research LLP,,Research Analyst,"Aug 22, 2025 - Perpetual",Tapankumar Doshi,catapan.in,
INH000022941,INVESIA RESEARCH PRIVATE LIMITED,,Research Analyst,"Aug 22, 2025 - Perpetual",Himanshu Vyas,,
INH000022950,SPRINGPAD WEALTH SOLUTIONS PRIVATE LIMITED,,Research Analyst,"Aug 25, 2025 - Perpetual",Rahul Chandra,springpadwealth.com,
INH000022969,Mohitcorp Multitrade LLP,,Research Analyst,"Aug 25, 2025 - Perpetual",Sambhav Jain,,
INH000022978,Mangesh Rajendra Naik Proprietor of Greenwealth Research Services,,Research Analyst,"Aug 25, 2025 - Perpetual",Mangesh Naik,,
INH000022987,Ritesh Kumar Proprietor Finskool21,,Research Analyst,"Aug 25, 2025 - Perpetual",Ritesh Kumar,,
INH000022996,VIDIT DANGAYACH Proprietor WealthAlpha,,Research Analyst,"Aug 25, 2025 - Perpetual",VIDIT DANGAYACH,,
INH000023001,UMANG RAJESH BHUTADA,,Research Analyst,"Aug 26, 2025 - Perpetual",Umang Bhutada,,
INH000023010,Finclave Consultancy Private Limited,,Research Analyst,"Aug 29, 2025 - Perpetual",Mohsin Hanif,,
INH000023029,GOBINATH N,,Research Analyst,"Sep 01, 2025 - Perpetual",GOBINATH Natarajan,,
INH000023038,NK STOCKTALK RESEARCH PRIVATE LIMITED,,Research Analyst,"Sep 01, 2025 - Perpetual",Samar Singh,,
INH000023047,Sumit Bapusaheb Kamblaykar,,Research Analyst,"Sep 01, 2025 - Perpetual",,,
INH000023056,CHANDRAKANT MATHANKER,,Research Analyst,"Sep 01, 2025 - Perpetual",CHANDRAKANT MATHANKER,,
INH000023065,MILIND KUMAR,,Research Analyst,"Sep 01, 2025 - Perpetual",MILIND KUMAR,,
INH000023074,Sheetal Sokhiya Porprietor of Shree Siddhi Investment,,Research Analyst,"Sep 01, 2025 - Perpetual",Sheetal Sokhiya,,
INH000023083,Vivek Lochan Sharma,,Research Analyst,"Sep 01, 2025 - Perpetual",VIVEK LOCHAN,,
INH000023108,saravana kumar,,Research Analyst,"Sep 01, 2025 - Perpetual",Saravana Kumar,,
INH000023117,Finchemist Solutions,,Research Analyst,"Sep 01, 2025 - Perpetual",Vinay Kulkarni,finchemist.com,
INH000023126,Saranya Mani,,Research Analyst,"Sep 02, 2025 - Perpetual",Saranya Mani,,
INH000023135,CITYINDEX RESEARCH AND ADVISORY PRIVATE LIMITED,,Research Analyst,"Sep 03, 2025 - Perpetual",Riya Kasturi,,
INH000023144,Factorlab Capital Services Private Limited,,Research Analyst,"Sep 03, 2025 - Perpetual",Sekhar Khandavalli,factorlab.in,
INH000023153,ELIOS FINANCIAL SERVICES PRIVATE LIMITED,,Research Analyst,"Sep 05, 2025 - Perpetual",VRINDA GANVE,eliosfin.com,
INH000023162,SANDEEP TULSYAN,,Research Analyst,"Sep 09, 2025 - Perpetual",SANDEEP TULSYAN,,
INH000023171,LAAVA FINANCIAL TECHNOLOGIES PRIVATE LIMITED,,Research Analyst,"Sep 09, 2025 - Perpetual",Mangesh Lathe,,
INH000023180,Anik Mitra,,Research Analyst,"Sep 09, 2025 - Perpetual",Anik Mitra,,
INH000023199,Bastion Research House LLP,,Research Analyst,"Sep 09, 2025 - Perpetual",,,
INH000023205,PRITAM SINGH,,Research Analyst,"Sep 09, 2025 - Perpetual",PRITAM SINGH,,
INH000023214,Sahil Mehta,,Research Analyst,"Sep 09, 2025 - Perpetual",Sahil Mehta,,
INH000023232,Abhishek Jain Proprietor of Fincrave Capital,,Research Analyst,"Sep 11, 2025 - Perpetual",ABHISHEK JAIN,,
INH000023241,ARPIT KUSHWAHA,,Research Analyst,"Sep 15, 2025 - Perpetual",ARPIT KUSHWAHA,,
INH000023250,BIBEKANANDA ROY,,Research Analyst,"Sep 15, 2025 - Perpetual",BIBEKANANDA ROY,,
INH000023269,Indira Securities Pvt Ltd,,Research Analyst,"Sep 15, 2025 - Perpetual",Kishor  Nagar,indiratrade.com,
INH000023278,Priyanshu Aggarwal,,Research Analyst,"Sep 15, 2025 - Perpetual",Priyanshu Aggarwal,,
INH000023287,Rahul Jain,,Research Analyst,"Sep 15, 2025 - Perpetual",Rahul Jain,,
INH000023296,Vijay Kumar Gupta,,Research Analyst,"Sep 15, 2025 - Perpetual",Vijay Gupta,,
INH000023302,MAYURKUMAR MAVJIBHAI MALANI,,Research Analyst,"Sep 15, 2025 - Perpetual",MAYURKUMAR MALANI,,
INH000023311,ANUJ SHARMA,,Research Analyst,"Sep 15, 2025 - Perpetual",ANUJ SHARMA,,
INH000023320,VARUN GUPTA,,Research Analyst,"Sep 15, 2025 - Perpetual",VARUN GUPTA,,
INH000023339,MA JAVEED,,Research Analyst,"Sep 15, 2025 - Perpetual",M A JAVEED,,
INH000023348,Deepak Dhanwani,,Research Analyst,"Sep 22, 2025 - Perpetual",Deepak Dhanwani,,
INH000023357,Raise Securities Private Limited,,Research Analyst,"Sep 22, 2025 - Perpetual",Manish Garg,dhan.co,
INH000023366,AMIT CHATTERJEE PROPRIETOR AMC FINANCIAL SERVICES,,Research Analyst,"Sep 22, 2025 - Perpetual",AMIT CHATTERJEE,,
INH000023375,TruInvest Advisors,,Research Analyst,"Sep 23, 2025 - Perpetual",Akashdeep Grover,truinvest.in,
INH000023384,Shriram Research Private Limited,,Research Analyst,"Sep 23, 2025 - Perpetual",VINAY TIWARI,seafundsindia.com,
INH000023393,Priya Zalki,,Research Analyst,"Sep 24, 2025 - Perpetual",Priya Zalki,,
INH000023409,Priyanshi Garg Proprietor of Equycom Research,,Research Analyst,"Sep 24, 2025 - Perpetual",Priyanshi Garg,,
INH000023418,Ajay Jajam  Proprietor of Chanakya Investment,,Research Analyst,"Sep 24, 2025 - Perpetual",Ajay Jajam,,
INH000023427,NIMESH RAMESHBHAI HARIYA,,Research Analyst,"Sep 25, 2025 - Perpetual",NIMESH HARIYA,,
INH000023436,MAKARAND GODBOLE,,Research Analyst,"Sep 25, 2025 - Perpetual",MAKARAND GODBOLE,,
INH000023445,Rahul Rai Proprietor of Sindhuja Research Services,,Research Analyst,"Sep 25, 2025 - Perpetual",Rahul Rai,,
INH000023454,AJAY SINGH,,Research Analyst,"Sep 25, 2025 - Perpetual",AJAY SINGH,,
INH000023463,SAHIL VERMA,,Research Analyst,"Sep 25, 2025 - Perpetual",Sahil Verma,,
INH000023472,Manish N Chetwani,,Research Analyst,"Sep 26, 2025 - Perpetual",Manish Chetwani,,
INH000023481,PANKAJ GARG,,Research Analyst,"Sep 26, 2025 - Perpetual",PANKAJ GARG,,
INH000023490,PRAGATI CHETTRI PROPRIETOR OF EQUITY PRIME RESEARCH,,Research Analyst,"Sep 26, 2025 - Perpetual",PRAGATI CHETTRI,equityprimeresearch.com,
INH000023506,Angry Traders,,Research Analyst,"Sep 26, 2025 - Perpetual",Gandhi Kunal Santosh,,
INH000023515,Smit Hiren Ruparel,,Research Analyst,"Sep 29, 2025 - Perpetual",Smit Ruparel,,
INH000023524,LOGIC TRADE ENTERPRISES,,Research Analyst,"Oct 01, 2025 - Perpetual",SHUBHAM GOYAL,,
INH000023533,Aashish bansal,,Research Analyst,"Oct 07, 2025 - Perpetual",Aashish Bansal,,
INH000023542,Anil Kumar Agarwal,,Research Analyst,"Oct 10, 2025 - Perpetual",Anil Agarwal,,
INH000023551,GOSTOCKS FINTECH PRIVATE LIMITED,,Research Analyst,"Oct 10, 2025 - Perpetual",,,
INH000023560,M R Sai Praveen,,Research Analyst,"Oct 10, 2025 - Perpetual",,,
INH000023579,NISHANT SHUKLA PROPRIETER of POSA,,Research Analyst,"Oct 10, 2025 - Perpetual",NISHANT SHUKLA,,
INH000023588,NAINESH V JOSHI,,Research Analyst,"Oct 10, 2025 - Perpetual",NAINESH JOSHI,,
INH000023597,Divitiaeanalytics Private Limited,,Research Analyst,"Oct 10, 2025 - Perpetual",Agrim Verma,,
INH000023603,VARAAHI WEALTH ACADEMY & RESEARCH ANALYST PRIVATE LIMITED,,Research Analyst,"Oct 10, 2025 - Perpetual",SEKAR  RAHINI,,
INH000023612,SATISH VISHWAKARMA,,Research Analyst,"Oct 10, 2025 - Perpetual",SATISH VISHWAKARMA,,
INH000023621,TRUE TURTLES LLP,,Research Analyst,"Oct 13, 2025 - Perpetual",RAHUL CHAUHAN,,
INH000023630,Indiacharts Data Analytics Private Limited,,Research Analyst,"Oct 14, 2025 - Perpetual",Sunder Subramaniam,indiacharts.com,
INH000023649,CHINTAN MAHESH BAJAJ PROPRIETOR OF NIRVANA RESEARCH,,Research Analyst,"Oct 14, 2025 - Perpetual",CHINTAN BAJAJ,,
INH000023658,Shubham Sewarik Proprietor of Fundtrack Research,,Research Analyst,"Oct 15, 2025 - Perpetual",Shubham Sewarik,,
INH000023667,MURALI KRISHNA SIVVALA,,Research Analyst,"Oct 27, 2025 - Perpetual",MURALI  SIVVALA,,
INH000023676,SHUBHAM GUPTA,,Research Analyst,"Oct 28, 2025 - Perpetual",Shubham Gupta,,
INH000023685,Rajesh Sudhakar Prabhudesai,,Research Analyst,"Oct 28, 2025 - Perpetual",Rajesh  Prabhudesai,,
INH000023694,SIDDHARTH JAIN PROPRIETOR MAGICFIN INDIA RESEARCH,,Research Analyst,"Oct 29, 2025 - Perpetual",SIDDHARTH JAIN,,
INH000023700,Trending Trading Minds Private Limited,,Research Analyst,"Oct 30, 2025 - Perpetual",Madhuri Dinesh,thetradingminds.com,
INH000023719,RAHUL DAS Proprietor AnalyzerView Market Research,,Research Analyst,"Oct 31, 2025 - Perpetual",RAHUL DAS,analyzerview.com,
INH000023728,Namita Rathore Proprietor of Bharat Stock Market Research,,Research Analyst,"Oct 31, 2025 - Perpetual",Namita Rathore,,
INH000023737,ARUN EKANT CHANDRA SHAW PROPRIETOR OF INDEX NAV RESEARCH INR TRADING,,Research Analyst,"Oct 31, 2025 - Perpetual",ARUN EKANT CHANDRA SHAW,,
INH000023746,MARKETMIND RESEARCH PRIVATE LIMITED,,Research Analyst,"Nov 03, 2025 - Perpetual",,,
INH000023755,EBULLIENT CONSULTANCY LLP,,Research Analyst,"Nov 03, 2025 - Perpetual",Utkarsh Bhadauria,,
INH000023764,WEALTH WAVE RESEARCH,,Research Analyst,"Nov 03, 2025 - Perpetual",Aabid Amin Rather,,
INH000023773,ROHAN RAJENDRA AHER,,Research Analyst,"Nov 06, 2025 - Perpetual",ROHAN AHER,,
INH000023782,Shubham Manojkumar Jain Proprietor of Turn It Green,,Research Analyst,"Nov 11, 2025 - Perpetual",Shubham Jain,,
INH000023791,TREDIFY RESEARCH AND FINANCE PRIVATE LIMITED,,Research Analyst,"Nov 11, 2025 - Perpetual",Aashish Suresh,,
INH000023807,KARNIK KALPESH SHAH,,Research Analyst,"Nov 11, 2025 - Perpetual",Karnik Shah,,
INH000023816,TRADEBOOK CONSULTANCY SERVICES PRIVATE LIMITED,,Research Analyst,"Nov 13, 2025 - Perpetual",Aryan Kamlesh,trackk.in,
INH000023825,WSG VENTURES PRIVATE LIMITED,,Research Analyst,"Nov 18, 2025 - Perpetual",Pratibha Dwivedi,,
INH000023834,ROCHIT SINGH,,Research Analyst,"Nov 18, 2025 - Perpetual",ROCHIT SINGH,,
INH000023843,SPARK LOOM PRIVATE LIMITED,,Research Analyst,"Nov 20, 2025 - Perpetual",Jose Mathew,,
INH000023852,Rajat Singhania,,Research Analyst,"Nov 21, 2025 - Perpetual",RAJAT SINGHANIA,,
INH000023861,Arun Kumar Agrawal,,Research Analyst,"Nov 24, 2025 - Perpetual",Arun Kumar  Agrawal,,
INH000023870,Rohit Parmar Proprietor of Unique Research,,Research Analyst,"Nov 27, 2025 - Perpetual",Rohit Parmar,,
INH000023889,DOZEN DIAMONDS INDIA PRIVATE LIMITED,,Research Analyst,"Nov 28, 2025 - Perpetual",Shashi  Aggarwal,dozendiamonds.com,
INH000023898,QUANTX FINTECH,,Research Analyst,"Nov 28, 2025 - Perpetual",Rushirajsinh Parmar,,
INH000023904,Pawandeep Singh Pabla Proprietor of Laurel Financial Services,,Research Analyst,"Nov 28, 2025 - Perpetual",Pawandeep Pabla,iimidr.ac.in,
INH000023913,A C Agarwal Share Brokers Private Limited,,Research Analyst,"Nov 28, 2025 - Perpetual",Ravindra Uniyal,acagarwal.com,
INH000023922,InCred Capital Wealth Portfolio Managers Private Limited,,Research Analyst,"Nov 28, 2025 - Perpetual",Preeti Lalwani,incredcapital.com,
INH000023931,SOLVITAS ANALYTICS PRIVATE LIMITED,,Research Analyst,"Nov 28, 2025 - Perpetual",Bilal  Syed,solvitasanalytics.com,
INH000023940,Kapil Rathod Proprietor of The Kuber Group,,Research Analyst,"Dec 01, 2025 - Perpetual",Kapil Rathod,,
INH000023959,SREEKUMARAN M,,Research Analyst,"Dec 01, 2025 - Perpetual",SREEKUMARAN  MOHANAN,,
INH000023968,ONE CENTURION VENTURES PRIVATE LIMITED,,Research Analyst,"Dec 01, 2025 - Perpetual",Sagar  Dave,onecenturion.in,
INH000023977,Prakash Makarand Dinde,,Research Analyst,"Dec 02, 2025 - Perpetual",Prakash Dinde,,
INH000023986,Shrikant Pandey,,Research Analyst,"Dec 02, 2025 - Perpetual",Shrikant Pandey,,
INH000023995,Jaykumar Bharatbhai Dabhi proprietor of NM Marketedge Analytics,,Research Analyst,"Dec 02, 2025 - Perpetual",Jaykumar Dabhi,nmmarketedge.com,
INH000024000,Kolhe Roshni Balasaheb Proprietor of Kolhe Advisory and Research,,Research Analyst,"Dec 05, 2025 - Perpetual",Roshni Kolhe,,
INH000024019,MOHIT GOYAL,,Research Analyst,"Dec 09, 2025 - Perpetual",MOHIT GOYAL,,
INH000024028,Rukhsar Begum Munawwer Khan,,Research Analyst,"Dec 10, 2025 - Perpetual",Rukhsar Begum Khan,,
INH000024037,Sanjay Krishna Lad Proprietor of Murlix Easy Invest,,Research Analyst,"Dec 10, 2025 - Perpetual",Sanjay Lad,,
INH000024055,Sonu Sharma Proprietor Ms SMP Research Solution,,Research Analyst,"Dec 11, 2025 - Perpetual",Sonu Sharma,,
INH000024064,APURVA HARSH VIRA,,Research Analyst,"Dec 11, 2025 - Perpetual",APURVA ANNAVI,,
INH000024073,Swastika Investmart Limited,,Research Analyst,"Dec 11, 2025 - Perpetual",Santosh Meena,swastika.co.in,
INH000024082,Amit Popli,,Research Analyst,"Dec 11, 2025 - Perpetual",Amit Popli,,
INH000024091,NIKITA JAYSUKHBHAI SAVALIYA,,Research Analyst,"Dec 11, 2025 - Perpetual",NIKITA SAVALIYA,,
INH000024107,Findoc Investmart Private Limited,,Research Analyst,"Dec 11, 2025 - Perpetual",Yamank  Kumar,myfindoc.com,
INH000024116,VIPUL KAUSHIK,,Research Analyst,"Dec 11, 2025 - Perpetual",VIPUL KAUSHIK,,
INH000024125,SAYAN SHAW,,Research Analyst,"Dec 11, 2025 - Perpetual",SAYAN  SHAW,,
INH000024134,Shashank Gupta Proprietor of MarketMatrix Research,,Research Analyst,"Dec 11, 2025 - Perpetual",Shashank Gupta,,
INH000024143,Bossinvestor Analytics Solutions Private Limited,,Research Analyst,"Dec 11, 2025 - Perpetual",Raghuveer Chikhmali,bossinvestor.in,
INH000024152,DINESH KUMAR,,Research Analyst,"Dec 11, 2025 - Perpetual",DINESH KUMAR,,
INH000024161,Yieldx Research Private Limited,,Research Analyst,"Dec 12, 2025 - Perpetual",Parth Mehta,,
INH000024170,Coreten Wealth Advisors LLP,,Research Analyst,"Dec 12, 2025 - Perpetual",Alireza Azar,magnushathaway.com,
INH000024189,HC JAIN EQUITY ADVISORY,,Research Analyst,"Dec 12, 2025 - Perpetual",RAJAT JAIN,,
INH000024198,Chart Yogi,,Research Analyst,"Dec 12, 2025 - Perpetual",Prateek Singhai,,
INH000024204,Yogesh Lalwani proprietor of Unicap Research,,Research Analyst,"Dec 12, 2025 - Perpetual",Yogesh Lalwani,unicapresearch.com,
INH000024213,Ayushi Agrawal Proprietor of Agrawal Money Grow,,Research Analyst,"Dec 12, 2025 - Perpetual",Ayushi Agrawal,,
INH000024222,AETRAM TRADES PRIVATE LIMITED,,Research Analyst,"Dec 15, 2025 - Perpetual",PRABHAKAR SIVARAMAN,aetramtrades.in,
INH000024231,CHARTIANS MARKET RESEARCH PRIVATE LIMITED,,Research Analyst,"Dec 15, 2025 - Perpetual",Rajnikant Bhalani,,
INH000024240,Trend Master Research Analyst,,Research Analyst,"Dec 15, 2025 - Perpetual",Bhagirathi Bhalani,,
INH000024259,Praveen Dodiya,,Research Analyst,"Dec 16, 2025 - Perpetual",Praveen Dodiya,,
INH000024268,Gourav Jain,,Research Analyst,"Dec 16, 2025 - Perpetual",Gourav Jain,,
INH000024277,Finology Ventures Private Limited,,Research Analyst,"Dec 16, 2025 - Perpetual",Antra Mahto,finology.in,
INH000024286,Reema Chhabra Bindra,,Research Analyst,"Dec 16, 2025 - Perpetual",Reema Chhabra Bindra,,
INH000024295,Srishti Vivek Mendiratta,,Research Analyst,"Dec 17, 2025 - Perpetual",Srishti Mendiratta,wealthminds.co.in,
INH000024301,Alok Singh Proprietor Alpha Core Research,,Research Analyst,"Dec 17, 2025 - Perpetual",Alok  Singh,,
INH000024310,KAUSHAL KUMAR  SHARMA,,Research Analyst,"Dec 17, 2025 - Perpetual",KAUSHAL SHARMA,,
INH000024329,Vishnu Shreekar Proprietor of Equitas Research,,Research Analyst,"Dec 18, 2025 - Perpetual",Vishnu Shreekar,,
INH000024338,Kaila Akshaykumar Jagjivanbhai proprietor of AK Investment,,Research Analyst,"Dec 18, 2025 - Perpetual",Akshaykumar Kaila,,
INH000024347,R Ravi Raja,,Research Analyst,"Dec 19, 2025 - Perpetual",R Ravi Raja,,
INH000024356,AH FLOURISH TECHS,,Research Analyst,"Dec 19, 2025 - Perpetual",HAREESH Mariyappa,,
INH000024365,Harsh Chandrashekhar Vaishnav,,Research Analyst,"Dec 22, 2025 - Perpetual",Harsh Vaishnav,,
INH000024374,Kathed Ishwar Popatlal,,Research Analyst,"Dec 22, 2025 - Perpetual",,,
INH000024383,Wiseold Bird Private Limited,,Research Analyst,"Dec 22, 2025 - Perpetual",Ravi  Kant,wiseoldbird.in,
INH000024392,KBS India Limited,,Research Analyst,"Dec 22, 2025 - Perpetual",RUSHIKESH PARIKH,kbs.co.in,
INH000024408,Akansha Jain Proprietor of Dynamic Money Research Advisory Services,,Research Analyst,"Dec 22, 2025 - Perpetual",Akansha Jain,,
INH000024417,Vineet Kumar Meel,,Research Analyst,"Dec 23, 2025 - Perpetual",Vineet Meel,,
INH000024426,NBHAVA CAPITAL PRIVATE LIMITED,,Research Analyst,"Dec 23, 2025 - Perpetual",KONDURI CHAKRADHARA  NAIDU,nbhava.com,
INH000024435,KAUSHIK DUTTA,,Research Analyst,"Dec 24, 2025 - Perpetual",KAUSHIK DUTTA,,
INH000024444,MIRZA ARBAAZ BAIG,,Research Analyst,"Dec 24, 2025 - Perpetual",MIRZA BAIG,,
INH000024453,ASHWINI S D,,Research Analyst,"Dec 24, 2025 - Perpetual",ASHWINI DEVARAJ,,
INH000024462,Sumit Namdev Kadam Proprietor of Finquant Edge,,Research Analyst,"Dec 24, 2025 - Perpetual",Sumit Kadam,,
INH000024471,NITIN MULAJIBHAI KANANI,,Research Analyst,"Dec 24, 2025 - Perpetual",NITIN KANANI,,
INH000024480,GODINA KODANDAPANI PROPRIETOR FACTO RESEARCH,,Research Analyst,"Dec 24, 2025 - Perpetual",GODINA KODANDAPANI,,
INH000024499,PAREKH JAYKUMAR BIPINCHANDRA,,Research Analyst,"Dec 29, 2025 - Perpetual",Parekh Bipinchandra,,
INH000024505,JITENDRA SUPDUBHAI PATIL,,Research Analyst,"Dec 30, 2025 - Perpetual",JITENDRA PATIL,,
INH000024514,BHUSHAN KANATHE,,Research Analyst,"Dec 30, 2025 - Perpetual",BHUSHAN KANATHE,,
INH000024523,Brijesh R Satasiya,,Research Analyst,"Dec 30, 2025 - Perpetual",Brijesh Satasiya,,
INH000024532,SAHANA DERANNA RAI,,Research Analyst,"Dec 31, 2025 - Perpetual",SAHANA RAI,,
INH000024541,CENTILLION CAPITAL PRIVATE LIMITED,,Research Analyst,"Dec 31, 2025 - Perpetual",Vinod Aggarwal,centillioncap.com,
INH000024550,Vivek Singh Rajpoot Proprietor of Dhansetu Research,,Research Analyst,"Jan 01, 2026 - Perpetual",Vivek Rajpoot,,
INH000024569,Veritas Research and Advisors,,Research Analyst,"Jan 01, 2026 - Perpetual",Kunal Sharma,,
INH000024578,Ravinder Sharma Proprietor of Trade Verse,,Research Analyst,"Jan 01, 2026 - Perpetual",Ravinder Sharma,,
INH000024587,Om Nitin Patil,,Research Analyst,"Jan 01, 2026 - Perpetual",Om Nitin Patil,,
INH000024596,SENTHIL BABU N P,,Research Analyst,"Jan 01, 2026 - Perpetual",SENTHIL BABU N P,,
INH000024602,Kalpesh Rameshchandra Kaushik,,Research Analyst,"Jan 01, 2026 - Perpetual",Kalpesh Kaushik,,
INH000024611,HIMANSHU SHARMA,,Research Analyst,"Jan 01, 2026 - Perpetual",Himanshu  Sharma,,
INH000024620,Manish Mishra,,Research Analyst,"Jan 05, 2026 - Perpetual",Manish Mishra,,
INH000024639,MANOJ KUMAR DUTTA,,Research Analyst,"Jan 08, 2026 - Perpetual",MANOJ DUTTA,,
INH000024648,Lokendra Sahu Proprietor of Finomint Financial Services,,Research Analyst,"Jan 08, 2026 - Perpetual",Lokendra Sahu,,
INH000024657,Anil bhaiyalal yadav,,Research Analyst,"Jan 08, 2026 - Perpetual",ANIL  YADAV,,
INH000024666,Vedika Dhruvin Bhanusali,,Research Analyst,"Jan 08, 2026 - Perpetual",Vedika Dhruvin Bhanusali,,
INH000024675,Tradzo Research,,Research Analyst,"Jan 08, 2026 - Perpetual",Harsh Patel,tradzo.in,
INH000024684,Nitesh Kumar,,Research Analyst,"Jan 12, 2026 - Perpetual",Nitesh Kumar,,
INH000024693,Siddharth Rai Mangala,,Research Analyst,"Jan 14, 2026 - Perpetual",Siddharth Mangala,,
INH000024709,Multiplier Wealth Investment Advisors Private Limited,,Research Analyst,"Jan 19, 2026 - Perpetual",Abhishek Abhishek,multiplierwealth.com,
INH000024718,Shivansu Jaiswal Proprietor Investment Multiplier Research,,Research Analyst,"Jan 21, 2026 - Perpetual",Shivansu Jaiswal,,
INH000024727,MOHITH KUMAR NAVEEN JAIN,,Research Analyst,"Jan 21, 2026 - Perpetual",Mohith Jain,,
INH000024736,VIDUPULAPATI V NAMBI VISHNU TEJA,,Research Analyst,"Jan 27, 2026 - Perpetual",VIDUPULAPATI V  VISHNU TEJA,,
INH000024745,Shailendra Proprietor of The Wealth Gain,,Research Analyst,"Jan 27, 2026 - Perpetual",Shailendra Nirapure,,
INH000024754,ROHIT SHARMA Proprietor of Nextrade Research Analyst.,,Research Analyst,"Jan 27, 2026 - Perpetual",ROHIT SHARMA,,
INH000024763,QICAP Management Private Limited,,Research Analyst,"Jan 27, 2026 - Perpetual",Sandeep  Ahuja,qi-cap.com,
INH000024772,GONDALIYA BHAVESH CHHAGANBHAI,,Research Analyst,"Jan 27, 2026 - Perpetual",BHAVESH GONDALIYA,,
INH000024781,Equamatrix Advisors Private Limited,,Research Analyst,"Jan 27, 2026 - Perpetual",Milan Patadia,,
INH000024790,INVESTGOAL CAPITAL ADVISORS PRIVATE LIMITED,,Research Analyst,"Jan 27, 2026 - Perpetual",Kekin  Nandu,,
INH000024806,Alphanomy Solutions Private Limited,,Research Analyst,"Jan 27, 2026 - Perpetual",Fazil Ahmed,,
INH000024815,KALPESH GORDHANBHAI VORA,,Research Analyst,"Jan 27, 2026 - Perpetual",KALPESH VORA,,
INH000024824,MARKET PULSE SECURITIES PRIVATE LIMITED,,Research Analyst,"Jan 27, 2026 - Perpetual",CHARMI SHAH,marketpulse.in,
INH000024833,VARUN KUMAR,,Research Analyst,"Jan 30, 2026 - Perpetual",VARUN KUMAR,,
INH000024842,Indo Thai Securities Limited,,Research Analyst,"Feb 03, 2026 - Perpetual",Shruti Sikrwar,indothai.co.in,
INH000024851,FORT CAPITAL INVESTMENT ADVISORY PRIVATE LIMITED,,Research Analyst,"Feb 03, 2026 - Perpetual",Swapnil Shah,fortcapital.in,
INH000024860,ParasKumar Ranabhai Katariya,,Research Analyst,"Feb 03, 2026 - Perpetual",Paraskumar Katariya,,
INH000024879,MOHAMMED USMAN,,Research Analyst,"Feb 04, 2026 - Perpetual",MOHAMMED USMAN,,
INH000024888,PANDIKUMAR M P,,Research Analyst,"Feb 04, 2026 - Perpetual",PandiKumar M P,,
INH000024897,INVESTCUES CAPITAL INVESTMENT ADVISORS,,Research Analyst,"Feb 04, 2026 - Perpetual",Abhishek Misra,investcues.com,
INH000024903,SARTHAK MANISH CHHALLANY,,Research Analyst,"Feb 04, 2026 - Perpetual",SARTHAK CHHALLANY,,
INH000024912,Stable Finserv Private Limited,,Research Analyst,"Feb 04, 2026 - Perpetual",Mallu Reddy,stablemoney.in,
INH000024921,SHUBHAM MOHAN SHITOLE PROPRIETOR STOXPLEX RESEARCH,,Research Analyst,"Feb 10, 2026 - Perpetual",SHUBHAM SHITOLE,,
INH000024930,Indeqnet Private Limited,,Research Analyst,"Feb 10, 2026 - Perpetual",Ramachandran Chithambaran,,
INH000024949,STOCKVAANI FINANCIAL ADVISORY PRIVATE LIMITED,,Research Analyst,"Feb 10, 2026 - Perpetual",Navodit Tiwari,stockvaani.com,
INH000024958,Vijay Krishna Yadav,,Research Analyst,"Feb 12, 2026 - Perpetual",Vijay  Yadav,,
INH000024967,EEDA DAMODARA RAO,,Research Analyst,"Feb 12, 2026 - Perpetual",EEDA RAO,,
INH000024976,Aseem Singhal,,Research Analyst,"Feb 12, 2026 - Perpetual",Aseem Singhal,,
INH000024985,H K RIYAZ SALAM PROPRIETOR OF EQUITY ALFA ANALYTICS,,Research Analyst,"Feb 12, 2026 - Perpetual",H K RIYAZ SALAM,,
INH000024994,Riddhi J Chovatia Proprietor of MarketWiz Capital,,Research Analyst,"Feb 12, 2026 - Perpetual",Riddhi  Chovatia,,
INH000025009,Ashish Prakash Tripathi,,Research Analyst,"Feb 13, 2026 - Perpetual",Ashish Tripathi,,
INH000025018,TIQWICK SECURITIES PRIVATE LIMITED,,Research Analyst,"Feb 16, 2026 - Perpetual",Pradnya  Poojary,,
INH000025027,Manas Budhiraja,,Research Analyst,"Feb 16, 2026 - Perpetual",Manas Budhiraja,,
INH000025036,Vishal Jagannath Khapre proprietor of SafeInvex Research,,Research Analyst,"Feb 16, 2026 - Perpetual",Vishal  Khapre,,
INH000025045,Balachandran Raman Viswanathan,,Research Analyst,"Feb 16, 2026 - Perpetual",BALACHANDRAN VISWANATHAN,viswaram.com,
INH000025054,Rohit Soni Proprietor of Tradeline Research,,Research Analyst,"Feb 16, 2026 - Perpetual",Rohit  Soni,,
INH000025063,Arka Dutta Gupta,,Research Analyst,"Feb 20, 2026 - Perpetual",Arka Gupta,,
INH000025072,STOCKVISTA RESEARCH PRIVATE LIMITED,,Research Analyst,"Feb 20, 2026 - Perpetual",GHANSHYAM RAWAT,,
INH000025081,DAYALSTREET FINANCIAL SERVICES PRIVATE LIMITED,,Research Analyst,"Feb 20, 2026 - Perpetual",ABHISHEK DAYAL,dayalstreet.com,
INH000025090,RHOFI FINANCIAL TECHNOLOGIES,,Research Analyst,"Feb 20, 2026 - Perpetual",RAJANI  PRAKASH,rhofi.com,
INH000025106,Prabhjot Kaur,,Research Analyst,"Feb 20, 2026 - Perpetual",Prabhjot  Kaur,,
INH000025115,GULSHAN KUMAR SONI,,Research Analyst,"Feb 23, 2026 - Perpetual",GULSHAN SONI,,
INH000025124,Shoeb Abdul Rahim Shaikh Proprietor of Winvest Capitals,,Research Analyst,"Feb 23, 2026 - Perpetual",Shoeb Shaikh,,
INH000025133,Darshana Apurva Shah,,Research Analyst,"Feb 23, 2026 - Perpetual",Darshana Shah,,
INH000025142,Omkar Devram Bhalsing,,Research Analyst,"Feb 23, 2026 - Perpetual",Omkar Bhalsing,,
INH000025151,Anand Janardhan Chaudhari,,Research Analyst,"Feb 24, 2026 - Perpetual",Anand Chaudhari,,
INH000025160,TUSHAR JAIN,,Research Analyst,"Feb 26, 2026 - Perpetual",TUSHAR JAIN,,
INH000025179,CLEARMIND CONSULTANCY PRIVATE LIMITED,,Research Analyst,"Feb 26, 2026 - Perpetual",PUNAM KUCHERIA,iamclearmind.com,
INH000025188,5paisa Capital Limited,,Research Analyst,"Feb 26, 2026 - Perpetual",RAVINDRA KALVANKAR,5paisa.com,
INH000025197,AlphaGrep Advisors Private Limited,,Research Analyst,"Feb 27, 2026 - Perpetual",Shubham Sarjine,alphagrepadvisors.com,
INH000025203,Alpha Plus Capital Associates LLP,,Research Analyst,"Feb 27, 2026 - Perpetual",Anshul Shah,alphapluscapital.in,
INH000025212,ARTHAVRKSH FINANCIAL SERVICES PRIVATE LIMITED,,Research Analyst,"Mar 02, 2026 - Perpetual",Shobha Shah,arthavrksh.com,
INH000025221,Ritesh Agarwal Proprietor of Fortunekraft Consultancy,,Research Analyst,"Mar 02, 2026 - Perpetual",Ritesh Agarwal,,
INH000025230,Amod Santosh Tirmanwar,,Research Analyst,"Mar 02, 2026 - Perpetual",Amod Tirmanwar,,
INH000025249,JAGDISH KUMAR HOTCHANDANI,,Research Analyst,"Mar 09, 2026 - Perpetual",JAGDISH KUMAR  HOTCHANDANI,,
INH000025258,HEDGIUM SERVICES LLP,,Research Analyst,"Mar 09, 2026 - Perpetual",Kamlesh Ramchandani,hedgium.in,
INH000025267,ARUL SONI,,Research Analyst,"Mar 09, 2026 - Perpetual",ARUL SONI,,
INH000025276,TAURUS ANALYTICS,,Research Analyst,"Mar 09, 2026 - Perpetual",RISHABH YEOLEKAR,,
INH000025285,Jagadeesh Patil,,Research Analyst,"Mar 09, 2026 - Perpetual",Jagadeesh Patil,,
INH000025294,Yogesh Verma,,Research Analyst,"Mar 09, 2026 - Perpetual",Yogesh Verma,,
INH000025300,GOURAV DHARKAR,,Research Analyst,"Mar 09, 2026 - Perpetual",GOURAV DHARKAR,,
INH000025319,VASANTH B PROPRIETOR OF VV RESEARCH ANALYST,,Research Analyst,"Mar 10, 2026 - Perpetual",Vasanth BASKARAN,,
INH000025328,Richa Agrawal Proprietor of Ariesindia Research,,Research Analyst,"Mar 11, 2026 - Perpetual",Richa Agrawal,,
INH000025337,UNICORN RESEARCH FIRM,,Research Analyst,"Mar 11, 2026 - Perpetual",Kartik       Prajapat,,
INH000025346,KAMAL ARORA,,Research Analyst,"Mar 11, 2026 - Perpetual",KAMAL ARORA,,
INH000025355,YASH CHOUHAN,,Research Analyst,"Mar 11, 2026 - Perpetual",YASH  CHOUHAN,,
INH000025364,ADITYA SINGH,,Research Analyst,"Mar 11, 2026 - Perpetual",ADITYA SINGH,,
INH000025373,Priyanshu Mishra Proprietor of Equity Sphere Research Services,,Research Analyst,"Mar 11, 2026 - Perpetual",Priyanshu Mishra,,
INH000025382,Moneyman Investment Services Private Limited,,Research Analyst,"Mar 12, 2026 - Perpetual",Balachandran Srinivasan,,
INH000025391,VIKALP MISHRA,,Research Analyst,"Mar 12, 2026 - Perpetual",VIKALP MISHRA,,
INH000025407,CHETNA PANDEY,,Research Analyst,"Mar 12, 2026 - Perpetual",CHETNA PANDEY,,
INH000025416,PRAJAPATI PAVAN JITENDRABHAI,,Research Analyst,"Mar 12, 2026 - Perpetual",PRAJAPATI PAVAN,,
INH000025425,Irage Broking Services LLP,,Research Analyst,"Mar 12, 2026 - Perpetual",Gaurav Raizada,irage.in,
INH000025434,Shaziya Noor Mohammad Shaikh,,Research Analyst,"Mar 13, 2026 - Perpetual",Shaziya Mohammad Shaikh,,
INH000025443,N V TARUN GOUTHAM,,Research Analyst,"Mar 13, 2026 - Perpetual",N V TARUN  GOUTHAM,,
INH000025452,Lokhandwala Raj Zahir,,Research Analyst,"Mar 13, 2026 - Perpetual",Lokhandwala Zahir,,
INH000025461,GOSWAMI YAGNESH ASHWINPURI,,Research Analyst,"Mar 13, 2026 - Perpetual",YAGNESH  GOSWAMI,,
INH000025470,KARAN VIJAYVARGIYA,,Research Analyst,"Mar 13, 2026 - Perpetual",KARAN VIJAYVARGIYA,,
INH000025489,INDRAJEET YADAV,,Research Analyst,"Mar 14, 2026 - Perpetual",INDRAJEET YADAV,,
INH000025498,RE2P Capital Partners,,Research Analyst,"Mar 14, 2026 - Perpetual",Phanindra Pappu,,
INH000025504,PRAVIN PATHUBHAI KATARIYA PROPRIETOR OF RADHE SHYAM CONSULTANCY,,Research Analyst,"Mar 14, 2026 - Perpetual",PRAVIN KATARIYA,,
INH000025513,Ansh Hiran,,Research Analyst,"Mar 14, 2026 - Perpetual",Ansh Hiran,,
INH000025522,Vipin Hariram Yadav,,Research Analyst,"Mar 14, 2026 - Perpetual",Vipin Yadav,,
INH000025531,CHASEALPHA GLOBAL RESEARCH PRIVATE LIMITED,,Research Analyst,"Mar 16, 2026 - Perpetual",Vishvesh Harilal,chasealpha.in,
INH000025540,Amit Kumar Upadhyay,,Research Analyst,"Mar 16, 2026 - Perpetual",Amit Upadhyay,zohomail.in,
INH000025559,Anshu Nadir,,Research Analyst,"Mar 16, 2026 - Perpetual",Anshu Nadir,,
INH000025568,SKILLINTELLECT LLP,,Research Analyst,"Mar 17, 2026 - Perpetual",JATAN SHAH,,
INH000025577,Ankit Dinesh Mehta,,Research Analyst,"Mar 17, 2026 - Perpetual",Ankit Mehta,,
INH000025586,DOJI RESEARCH ANALYST LLP,,Research Analyst,"Mar 18, 2026 - Perpetual",Manish Nanwani,,
INH000025595,BULL MIND RESEARCH ANALYST PRIVATE LIMITED,,Research Analyst,"Mar 20, 2026 - Perpetual",Maniram Prajapati,,
INH000025601,RAKSHA NANA VAIDYA,,Research Analyst,"Mar 20, 2026 - Perpetual",RAKSHA VAIDYA,,
INH000025610,Ragini Mittal,,Research Analyst,"Mar 20, 2026 - Perpetual",Ragini Mittal,,
INH000025629,Just Imagine Mind Transformers Private Limited,,Research Analyst,"Mar 25, 2026 - Perpetual",Shloke Toshniwal,,
INH000025638,Priyanshu Sharma Proprietor of ResearchAxis.in,,Research Analyst,"Mar 27, 2026 - Perpetual",Priyanshu Sharma,,
INH000025647,Vibhuti Sharma,,Research Analyst,"Apr 01, 2026 - Perpetual",Vibhuti Sharma,,
INH000025656,ANUJ GUPTA,,Research Analyst,"Apr 01, 2026 - Perpetual",ANUJ GUPTA,,
INH000025665,Rishab Gupta,,Research Analyst,"Apr 01, 2026 - Perpetual",Rishab Gupta,,
INH000025674,Neo Wealth Management Private Limited,,Research Analyst,"Apr 01, 2026 - Perpetual",Dhirendra Rautela,neo-wealth.com,
INH000025683,Alfaview Trading Research Private Limited,,Research Analyst,"Apr 01, 2026 - Perpetual",Vivek Prashant,,
INH000025692,A K EQUITIES PRIVATE LIMITED,,Research Analyst,"Apr 01, 2026 - Perpetual",SUNIL JANGIR,akequities.com,
INH000025708,RAVINATH CHAUHAN,,Research Analyst,"Apr 02, 2026 - Perpetual",RAVINATH CHAUHAN,,
INH000025717,Vinay Kumar Proprietor of Overnight Traders,,Research Analyst,"Apr 06, 2026 - Perpetual",Vinay Kumar,,
INH000025726,RISHI WADHAWAN,,Research Analyst,"Apr 07, 2026 - Perpetual",RISHI  WADHAWAN,,
INH000025744,Abhishek S Proprietor of ClearView Research,,Research Analyst,"Apr 09, 2026 - Perpetual",Abhishek SATYANARAYAN,,
INH000025753,M VIGNESH,,Research Analyst,"Apr 09, 2026 - Perpetual",M VIGNESH MARIARAJAN,,
INH000025762,Raj Rupesh Shah,,Research Analyst,"Apr 09, 2026 - Perpetual",Raj Shah,,
INH000025771,ANSHUL PAHWA,,Research Analyst,"Apr 09, 2026 - Perpetual",ANSHUL PAHWA,,
INH000025780,Krishankant Prasad,,Research Analyst,"Apr 09, 2026 - Perpetual",Krishankant Prasad,,
INH000025799,MOHAK AILANI,,Research Analyst,"Apr 09, 2026 - Perpetual",MOHAK AILANI,mohakailani.com,
INH000025805,WEALTHCULTURE ADVISORY SERVICES PRIVATE LIMITED,,Research Analyst,"Apr 09, 2026 - Perpetual",Sumesh  Guleria,,
INH000025814,Rohan Atulkumar Desai,,Research Analyst,"Apr 09, 2026 - Perpetual",Rohan Desai,,
INH000025823,SOURAV KUSHWAH PROPRIETOR OF AONE RESEARCH,,Research Analyst,"Apr 09, 2026 - Perpetual",SOURAV KUSHWAH,,
INH000025832,SSIT FINSERV PRIVATE LIMITED,,Research Analyst,"Apr 09, 2026 - Perpetual",Bhargavi  Dasmanthurao,equitywala.com,
INH000025841,Ayusman Das Proprietor of Worth Market Research,,Research Analyst,"Apr 09, 2026 - Perpetual",Ayusman Das,,
INH000025850,Rachit Devendrakumar Jain,,Research Analyst,"Apr 09, 2026 - Perpetual",Rachit Jain,,
INH000025869,ASHUTOSH SONI,,Research Analyst,"Apr 10, 2026 - Perpetual",ASHUTOSH SONI,,
INH000025878,Madhur Suryavanshi,,Research Analyst,"Apr 10, 2026 - Perpetual",Madhur Suryavanshi,,
INH000025887,MUKESH TAILOR,,Research Analyst,"Apr 10, 2026 - Perpetual",MUKESH TAILOR,,
INH000025896,NACHIKET PRADIPRAO KHASALE,,Research Analyst,"Apr 10, 2026 - Perpetual",NACHIKET KHASALE,,
INH000025902,NISHANT YADAV,,Research Analyst,"Apr 10, 2026 - Perpetual",NISHANT YADAV,,
INH000025911,SAGAR MADHUSUDAN DHAWAN Proprietor of SAGAR DHAWAN,,Research Analyst,"Apr 10, 2026 - Perpetual",SAGAR DHAWAN,,
INH000025920,Tejas Atulbhai Patel Proprietor of Rey Capitals,,Research Analyst,"Apr 10, 2026 - Perpetual",TEJAS  PATEL,,
INH000025939,EXCEL STOCK BROKING PRIVATE LIMITED,,Research Analyst,"Apr 10, 2026 - Perpetual",Sushil Modi,excelstockbroking.com,
INH000025948,RAHUL BHAGAT,,Research Analyst,"Apr 10, 2026 - Perpetual",RAHUL BHAGAT,,
INH000025957,RANJAN YADUVANSHI,,Research Analyst,"Apr 10, 2026 - Perpetual",Ranjan Yaduvanshi,,
INH000025966,Pavan Kumar Rawat proprietor of Rudra Research,,Research Analyst,"Apr 10, 2026 - Perpetual",Pavan Kumar  Rawat,,
INH000025975,SR ALPHA INVESTMENT ADVISERS,,Research Analyst,"Apr 10, 2026 - Perpetual",Suyash Ashokkumar  Singhaniya,,
INH000025984,RASHMITH,,Research Analyst,"Apr 10, 2026 - Perpetual",RASHMITH Shetty,rashmithshetty.in,
INH000025993,NITISH GOYAL,,Research Analyst,"Apr 10, 2026 - Perpetual",NITISH GOYAL,,
INH000026008,JUPITER RESEARCH & ADVISORS PRIVATE LIMITED,,Research Analyst,"Apr 13, 2026 - Perpetual",AASHI  PANSARI,aashitech.com,
INH000026017,Sanchit Chopra Proprietor of TWS Research And Analysts,,Research Analyst,"Apr 13, 2026 - Perpetual",Sanchit Chopra,,
INH000026026,Nihar Dutia,,Research Analyst,"Apr 13, 2026 - Perpetual",,,
INH000026035,Surender Singh Proprietor My Equity Sherpa,,Research Analyst,"Apr 13, 2026 - Perpetual",Surender  Singh,myequitysherpa.in,
INH000026044,TRUENOVA INVESTMENT PRIVATE LIMITED,,Research Analyst,"Apr 13, 2026 - Perpetual",KSHITIJ  RAI,truenovawealth.com,
INH000026053,VARUN RAJESH SONTAKKE,,Research Analyst,"Apr 13, 2026 - Perpetual",VARUN SONTAKKE,,
INH000026062,PRIYANKA SINGH,,Research Analyst,"Apr 13, 2026 - Perpetual",PRIYANKA SINGH,,
INH000026071,TG Levels Private Limited,,Research Analyst,"Apr 13, 2026 - Perpetual",Tushar Ghone,,
INH000026080,Tilak Raj Singh Chouhan Proprietor of Ram Financial  Research,,Research Analyst,"Apr 13, 2026 - Perpetual",Tilak Raj  Singh Chouhan,,
INH000026099,Divya Sharma Proprietor of Intake Research,,Research Analyst,"Apr 13, 2026 - Perpetual",Divya  Sharma,,
INH000026105,DEVRAJ S VARSHNEY,,Research Analyst,"Apr 13, 2026 - Perpetual",DEVRAJ VARSHNEY,,
INH000026114,Rohit Kumar Proprietor Of Moneyventure Research,,Research Analyst,"Apr 13, 2026 - Perpetual",Rohit  Kumar,,
INH000026123,Raghu L Proprietor of Financial Markets Research and Analysis Services,,Research Analyst,"Apr 13, 2026 - Perpetual",RAGHU LAKSHMANA,,
INH000026132,FARIDA SHAIK proprietor of Alphaquest research,,Research Analyst,"Apr 13, 2026 - Perpetual",Farida Shaik,,
INH000026141,Varun N Joshi Proprietor of Nirivantes Research,,Research Analyst,"Apr 13, 2026 - Perpetual",VARUN  JOSHI,nirivantes.com,
INH000026150,ChartingHQ Technologies Private Limited,,Research Analyst,"Apr 15, 2026 - Perpetual",Jasnek Singh,,
INH000026169,LATIN MANHARLAL SECURITIES PRIVATE LIMITED,,Research Analyst,"Apr 15, 2026 - Perpetual",VIRENDRA S PEDNEKAR,lmspl.com,
INH000026178,NECTAR KOTI RESEARCH AND EDUCATION PRIVATE LIMITED,,Research Analyst,"Apr 15, 2026 - Perpetual",Sweety Kumari,,
INH000026187,Neeraj Shah,,Research Analyst,"Apr 15, 2026 - Perpetual",Neeraj Shah,,
INH000026196,Puru Mahajan Proprietor of QARO,,Research Analyst,"Apr 15, 2026 - Perpetual",Puru Mahajan,qaroai.com,
INH000026202,Alphamojo Financial Services Private Limited,,Research Analyst,"Apr 16, 2026 - Perpetual",Sunil Gurjar,,
INH000026211,AMIT ROY,,Research Analyst,"Apr 16, 2026 - Perpetual",AMIT ROY,,
INH000026220,ANURAG CHAUDHARY,,Research Analyst,"Apr 16, 2026 - Perpetual",ANURAG CHAUDHARY,,
INH000026239,PRIYA YADAV,,Research Analyst,"Apr 16, 2026 - Perpetual",PRIYA YADAV,,
INH000026248,Dodda Rishitha,,Research Analyst,"Apr 17, 2026 - Perpetual",Rishitha Dodda,,
INH000026257,Suhani Sandip Katariya,,Research Analyst,"Apr 20, 2026 - Perpetual",Suhani Katariya,,
INH000026266,SAHIB SINGH HORA,,Research Analyst,"Apr 20, 2026 - Perpetual",SAHIB HORA,,
INH000026275,Sanjay Harilal Satra proprietor of Sanjay Harilal Satra,,Research Analyst,"Apr 20, 2026 - Perpetual",Sanjay Satra,,
INH000026284,Ayush Shrivastav,,Research Analyst,"Apr 20, 2026 - Perpetual",Ayush  Shrivastav,,
INH000026293,Sanskriti Samadhiya Proprietor of Trupaisa,,Research Analyst,"Apr 20, 2026 - Perpetual",Sanskriti Samadhiya,,
INH000026309,Raghawendra Trivedi Proprietor of Trade Yug Research,,Research Analyst,"Apr 20, 2026 - Perpetual",Raghawendra Trivedi,,
INH000026318,Khusboo Vatsa Proprietor of Techfin Research Analyst,,Research Analyst,"Apr 20, 2026 - Perpetual",Khushboo Vatsa,,
INH000026327,UPMA BHATNAGAR,,Research Analyst,"Apr 20, 2026 - Perpetual",UPMA  BHATNAGAR,,
INH000026345,KUMAR AMRITANSHU,,Research Analyst,"Apr 20, 2026 - Perpetual",KUMAR AMRITANSHU,,
INH000026354,Sanjay Rajput Proprietor of Arthvaani Research,,Research Analyst,"Apr 20, 2026 - Perpetual",Sanjay Rajput,,
INH000026363,Sunil Nagar Proprietor of Market Vision Research,,Research Analyst,"Apr 20, 2026 - Perpetual",Sunil  Nagar Proprietor of Market Vision Research,,
INH000026372,AAKANKSHA PRASHANT THAKKAR Proprietor of PORTFOLIO MANTRA,,Research Analyst,"Apr 20, 2026 - Perpetual",AAKANKSHA THAKKAR,,
INH000026381,Tapas Chandra Baskey Proprietor of Makemyinvest Financial Services,,Research Analyst,"Apr 20, 2026 - Perpetual",Tapas Baskey,,
INH000026390,EQUITY TRADING HUB,,Research Analyst,"Apr 20, 2026 - Perpetual",Prateek Goel,,
INH000026406,Padmakshi Financial Services Private Limited,,Research Analyst,"Apr 21, 2026 - Perpetual",Rohit Chothani,padmakshi.com,
INH000026415,RINKI SHYAMLAL JAISWAL,,Research Analyst,"Apr 21, 2026 - Perpetual",RINKI JAISWAL,,
INH000026424,TRADE2ACHIEVE SERVICES PRIVATE LIMITED,,Research Analyst,"Apr 22, 2026 - Perpetual",SAROJ NAYAK,,
INH000026433,Sushant Sharad Dighe Proprietor of House of trade,,Research Analyst,"Apr 22, 2026 - Perpetual",Sushant  Dighe,,
INH000026442,DARSHANA NITIN TEJE Proprietor of D Success Point,,Research Analyst,"Apr 22, 2026 - Perpetual",DARSHANA   TEJE,,
INH000026451,Jayalakshmi Gurukula Private Limited,,Research Analyst,"Apr 23, 2026 - Perpetual",Shivakumar Kumar,,
INH000026460,Anish Rai Proprietor of Nivesh Research,,Research Analyst,"Apr 23, 2026 - Perpetual",Anish  Rai,,
INH000026479,Pallav Parag Sharma Proprietor of Fourth Capital Research,,Research Analyst,"Apr 23, 2026 - Perpetual",Pallav Parag Sharma,,
INH000026488,DEVENDRA NILKANTH KHUNE,,Research Analyst,"Apr 24, 2026 - Perpetual",DEVENDRA KHUNE,,
INH000026497,YASH HASMUKHLAL CHOUHAN,,Research Analyst,"Apr 27, 2026 - Perpetual",YASH CHOUHAN,,
INH000026503,BERIJ FINANCIAL SERVICES PRIVATE LIMITED,,Research Analyst,"Apr 27, 2026 - Perpetual",Sushant Dhere,,
INH000026512,PIYUSH PAL,,Research Analyst,"Apr 27, 2026 - Perpetual",PIYUSH  PAL,,
INH000026521,REDDY HARI VENKATA HARSHAVARDHAN,,Research Analyst,"Apr 27, 2026 - Perpetual",REDDY HARSHAVARDHAN,,
INH000026530,SHIV PAWAN PANDEY,,Research Analyst,"Apr 27, 2026 - Perpetual",SHIV PANDEY,,
INH000026549,Vidit Khare,,Research Analyst,"Apr 27, 2026 - Perpetual",Vidit Khare,,
INH000026558,Wasim Shah Proprietor MoneyScals Investment and Research,,Research Analyst,"Apr 27, 2026 - Perpetual",Wasim Shah,,
INH000026567,Stratus Selyn Enterprises Private Limited,,Research Analyst,"May 04, 2026 - Perpetual",Suraj  Shanbhag,,
INH000026576,Pravesh Khatri Proprietorship Firm Talsi Research Analyst,,Research Analyst,"May 04, 2026 - Perpetual",Pravesh  Khatri,gmail.co,
INH000026585,Kamlesh Dilipbhai Katarmal Proprietor of Infinia Research,,Research Analyst,"May 04, 2026 - Perpetual",Kamlesh   Katarmal,,
INH000026594,Quanttrix Technologies,,Research Analyst,"May 05, 2026 - Perpetual",Niraj Mittal,,
INH000026600,Dr. Subhransu Sekhar Jena Proprietor of Smart Disha Academy,,Research Analyst,"May 05, 2026 - Perpetual",Subhransu Jena,,
INH000026619,CHITRA A,,Research Analyst,"May 05, 2026 - Perpetual",CHITRA ARUMUGAM,,
INH000026628,RAJESH SHARMA,,Research Analyst,"May 05, 2026 - Perpetual",RAJESH  SHARMA,,
INH000026637,Kaushal Kumar Sahu Proprietor of Capitalmandi Research Services,,Research Analyst,"May 05, 2026 - Perpetual",Kaushal Sahu,,
INH000026646,Bharat Aggarwal,,Research Analyst,"May 05, 2026 - Perpetual",Bharat Aggarwal,,
INH000026655,YASH RAJESHBHAI HIRPARA,,Research Analyst,"May 05, 2026 - Perpetual",YASH HIRPARA,,
INH000026664,Shahnawaz Sheikh,,Research Analyst,"May 05, 2026 - Perpetual",Shahnawaz  Sheikh,,
INH000026673,Neelesh Raghuwanshi,,Research Analyst,"May 05, 2026 - Perpetual",Neelesh Raghuwanshi,,
INH000026682,Saloni Maheshwari,,Research Analyst,"May 05, 2026 - Perpetual",Saloni Maheshwari,smaheshwari.in,
INH000026691,NAYAN POKHARKAR PRIVATE LIMITED,,Research Analyst,"May 05, 2026 - Perpetual",NAYAN POKHARKAR,,
INH000026707,AMAR KUMAR THAKUR,,Research Analyst,"May 05, 2026 - Perpetual",AMAR  THAKUR,,
INH000026716,Tasneem Press wala,,Research Analyst,"May 05, 2026 - Perpetual",Tasneem  Press wala,,
INH000026725,B KARTHIKEYAN,,Research Analyst,"May 05, 2026 - Perpetual",KARTHIKEYAN BALASUBRAMANI,,
INH000026734,Dhanishti Research Private Limited,,Research Analyst,"May 05, 2026 - Perpetual",Shubham Shrivastava,,
INH000026743,Kaushhik Maall,,Research Analyst,"May 05, 2026 - Perpetual",Kaushhik Maall,,
INH000026752,Shivangi Patel,,Research Analyst,"May 05, 2026 - Perpetual",Shivangi Patel,,
INH000026761,SANTOSH B NIKAM PROPRIETOR OF UNIVERSAL FINANCIAL LABS,,Research Analyst,"May 06, 2026 - Perpetual",SANTOSH NIKAM,,
INH000026770,Ankit Singh Solanki,,Research Analyst,"May 06, 2026 - Perpetual",Ankit Solanki,,
INH000026789,Trade Nova Technologies Private Limited,,Research Analyst,"May 06, 2026 - Perpetual",Pardeep Kumar,,
INH000026798,MANOJ ASOK KUMAR,,Research Analyst,"May 06, 2026 - Perpetual",Manoj Kumar,,
INH000026804,Harsh Vardhan,,Research Analyst,"May 06, 2026 - Perpetual",Harsh  Vardhan,,
INH000026813,Ajay Kumar Soni,,Research Analyst,"May 06, 2026 - Perpetual",Ajay Soni,,
INH000026822,JBV Share Broker And Fintech Private Limited,,Research Analyst,"May 06, 2026 - Perpetual",Asit Mistry,growthavenues.co.in,
INH000026831,Rishabh K Sharma Private Limited,,Research Analyst,"May 07, 2026 - Perpetual",Rishabh  Sharma,,
INH000026840,Mitesh Rajesh Parekh,,Research Analyst,"May 07, 2026 - Perpetual",Mitesh Parekh,,
INH000026859,Darpan Aggarwal Proprietor of Uncover Markets Capital Analytics,,Research Analyst,"May 07, 2026 - Perpetual",Darpan Aggarwal,,
INH000026868,NEEV ADVISORS,,Research Analyst,"May 08, 2026 - Perpetual",Krishna Agarwal,,
INH000026877,Himanshu Soni,,Research Analyst,"May 08, 2026 - Perpetual",Himanshu Soni,,
INH000026886,Nikhil Bharwani,,Research Analyst,"May 11, 2026 - Perpetual",Nikhil Bharwani,,
INH000026895,Hriday Rajesh Dave,,Research Analyst,"May 11, 2026 - Perpetual",Hriday Dave,,
INH000026901,LTP Calculator Financial Technology Private Limited,,Research Analyst,"May 11, 2026 - Perpetual",Ashish Ovhal,,
INH000026910,S JAGADISH,,Research Analyst,"May 11, 2026 - Perpetual",S JAGADISH JAGADISH,,
INH000026929,Sahejpal Singh Grewal,,Research Analyst,"May 12, 2026 - Perpetual",Sahejpal  Grewal,,
INH000026938,SAMKIT KIRANBHAI MEHTA PROPRIETOR OF MANSAM CAPITAL,,Research Analyst,"May 12, 2026 - Perpetual",Samkit Mehta,,
INH000026947,Sarjeet Rathi,,Research Analyst,"May 12, 2026 - Perpetual",Sarjeet Rathi,,
INH000026956,Vinay Kumar Sharma,,Research Analyst,"May 12, 2026 - Perpetual",Vinay  Sharma,,
INH000026965,WHERE2INVEST LIMITED,,Research Analyst,"May 12, 2026 - Perpetual",Vaishnavi  Pande,where2invest.com,
INH000026974,Subrat Shukla,,Research Analyst,"May 12, 2026 - Perpetual",Subrat Shukla,,
INH000026983,ARPITA VIJAYVARGIYA,,Research Analyst,"May 12, 2026 - Perpetual",ARPITA  VIJAYVARGIYA,,
INH000026992,KRISHNPAL SINGH PROPRIETOR OF RESEARCH SEWA,,Research Analyst,"May 12, 2026 - Perpetual",KRISHNPAL SINGH,,
INH000027007,Akash Jayantibhai Patel,,Research Analyst,"May 12, 2026 - Perpetual",Akash Patel,,
INH000027016,B-CUBE CONSULTING PRIVATE LIMITED,,Research Analyst,"May 12, 2026 - Perpetual",Bhaskar Karampudi,b-cube.in,
INH000027025,RINKU MEHER proprietor of ARTHNAV FINANCIAL SERVICES & RESEARCH,,Research Analyst,"May 12, 2026 - Perpetual",RINKU MEHER,,
INH000027034,SAIQUA PARVEEN,,Research Analyst,"May 12, 2026 - Perpetual",SAIQUA PARVEEN,,
INH000027043,Trademonk Capital,,Research Analyst,"May 12, 2026 - Perpetual",Vinod Gupta,,
INH000027052,ASHISH KUMAR SHARMA,,Research Analyst,"May 14, 2026 - Perpetual",ASHISH SHARMA,,
INH000027061,ANAND DAS PROPRIETOR OF STOCK INDIA,,Research Analyst,"May 14, 2026 - Perpetual",ANAND DAS,,
INH000027070,YUKTI MITTAL,,Research Analyst,"May 14, 2026 - Perpetual",YUKTI MITTAL,,
INH000027089,MEET PRAVIN PATEL,,Research Analyst,"May 14, 2026 - Perpetual",MEET  PATEL,,
INH000027098,SANDEEP RINWA,,Research Analyst,"May 14, 2026 - Perpetual",SANDEEP RINWA,,
INH000027104,Neetu Ahirwar Proprietor Of Soham Global Services,,Research Analyst,"May 14, 2026 - Perpetual",Neetu Ahirwar,,
INH000027113,Mihirkumar Kanubhai Patel,,Research Analyst,"May 14, 2026 - Perpetual",Mihirkumar Kanubhai  Patel,,
INH000027122,TRENDING TRAINING AND TRADING PRIVATE LIMITED,,Research Analyst,"May 15, 2026 - Perpetual",Krishnakumar Malu,,
INH000027131,ADITYA PRADIP NAGORI,,Research Analyst,"May 15, 2026 - Perpetual",ADITYA  NAGORI,,
INH000027140,ALPHAWEALTH AVENUES LLP,,Research Analyst,"May 15, 2026 - Perpetual",KAUSTUBH ROPLEKAR,,
INH000027159,ATUL SINHA,,Research Analyst,"May 15, 2026 - Perpetual",ATUL SINHA,,
INH000027168,YOGESHWAR VASHISHTHA,,Research Analyst,"May 15, 2026 - Perpetual",YOGESHWAR VASHISHTHA,,
INH000027177,ISFCAP Strategic Advisors LLP,,Research Analyst,"May 15, 2026 - Perpetual",Abhinav Mehra,me.com,
INH000027186,R HARINI PROPRIETOR OF TREASURE CAPITAL,,Research Analyst,"May 18, 2026 - Perpetual",Ravichandran HARINI,,
INH000027195,RATUL GHOSH,,Research Analyst,"May 18, 2026 - Perpetual",RATUL  GHOSH,,
INH000027201,REHAN AHMED ZUBAIRAHMED SHAIKH,,Research Analyst,"May 18, 2026 - Perpetual",REHAN  SHAIKH,,
INH000027210,VAIBHAV KHARE PROPRIETOR OF KNOVA WEALTH FINANCIAL SERVICES,,Research Analyst,"May 18, 2026 - Perpetual",VAIBHAV KHARE,,
INH000027229,Aayush Deepak Badade,,Research Analyst,"May 18, 2026 - Perpetual",Aayush Badade,,
INH000027238,RAVI PRAKASH HINGORANI,,Research Analyst,"May 18, 2026 - Perpetual",RAVI HINGORANI,,
INH000027247,BHOLANATH DAS,,Research Analyst,"May 18, 2026 - Perpetual",BHOLANATH DAS,,
INH000027256,THE MARKET MOOD RESEARCH AND ANALYTICS,,Research Analyst,"May 18, 2026 - Perpetual",Nandam  Arun Babu,,
INH000027265,ELBEE SECURITIES PVT LTD,,Research Analyst,"May 18, 2026 - Perpetual",Manish  Agarwal,elbeesecurities.com,
INH000027274,VEDIKA GOYAL,,Research Analyst,"May 18, 2026 - Perpetual",VEDIKA GOYAL,,
INH000027283,LALIT YADAV,,Research Analyst,"May 19, 2026 - Perpetual",LALIT  YADAV,,
INH000027292,AJAY KURIAN VARGHESE,,Research Analyst,"May 19, 2026 - Perpetual",AJAY  VARGHESE,,
INH000027308,Akshay Pawan Kumar Jain,,Research Analyst,"May 19, 2026 - Perpetual",Akshay Jain,,
INH000027317,ARIDAMAN SHARMA,,Research Analyst,"May 19, 2026 - Perpetual",ARIDAMAN SHARMA,,
INH000027326,Rishi Dilip Mody,,Research Analyst,"May 19, 2026 - Perpetual",Rishi Mody,,
INH000027335,JITENDRA SINGH,,Research Analyst,"May 19, 2026 - Perpetual",JITENDRA SINGH,,
INH000027344,SAUMIL TUSHAR NAIK,,Research Analyst,"May 19, 2026 - Perpetual",SAUMIL NAIK,,
INH000027353,YASH MAHESH JAISWAL,,Research Analyst,"May 19, 2026 - Perpetual",YASH JAISWAL,,
INH000027362,MW STUUDIO PRIVATE LIMITED,,Research Analyst,"May 19, 2026 - Perpetual",Hemant Shah,,
INH000027371,Devesh Varshney,,Research Analyst,"May 19, 2026 - Perpetual",Devesh Varshney,trueprice.pro,
INH000027380,Vinoth Kumar S Proprietor of Potoos Research Services,,Research Analyst,"May 20, 2026 - Perpetual",Vinoth Kumar S,,
INH000027399,BOTHIKAR ADITYA UMAKANT PROPRIETOR OF TRADERS LATITUDE,,Research Analyst,"May 20, 2026 - Perpetual",ADITYA BOTHIKAR,,
INH000027405,GAURAV ANIL KAUSHIK,,Research Analyst,"May 20, 2026 - Perpetual",Gaurav Kaushik,,
INH000027414,INDRA KAMAL TIWARI,,Research Analyst,"May 20, 2026 - Perpetual",Indra  Tiwari,indrakamal.com,
INH000027423,Sanjeev Prakash,,Research Analyst,"May 21, 2026 - Perpetual",Sanjeev Prakash,,
INH000027432,EQUI TREND FINANCIAL RESEARCH PRIVATE LIMITED,,Research Analyst,"May 21, 2026 - Perpetual",Rohit Puvati,,
INH000027441,Vijay Gupta Proprietor of Egrow Capital Services,,Research Analyst,"May 21, 2026 - Perpetual",Vijay Gupta,,
INH000027450,AKASH GARG,,Research Analyst,"May 21, 2026 - Perpetual",AKASH GARG,,
INH000027469,Shivendru Shekhar,,Research Analyst,"May 21, 2026 - Perpetual",Shivendru Shekhar,,
INH000027478,SURESH CHANDRA DEY,,Research Analyst,"May 21, 2026 - Perpetual",SURESH DEY,,
INH000027487,SAMIR AGGARWAL,,Research Analyst,"May 21, 2026 - Perpetual",SAMIR  AGGARWAL,,
INH000027496,Saumya Agarwal,,Research Analyst,"May 21, 2026 - Perpetual",Saumya  Agarwal,,
INH000027502,Rishab Kalyani,,Research Analyst,"May 21, 2026 - Perpetual",Rishabh Kalyani,,
INH000027511,Autobulls,,Research Analyst,"May 22, 2026 - Perpetual",Swanubhav  Jain,,
INH000027520,Varun Sharma Proprietor of Chart View Research,,Research Analyst,"May 22, 2026 - Perpetual",Varun  Sharma,chartviewresearch.com,
INH000027539,Divya Khurana Dewan,,Research Analyst,"May 25, 2026 - Perpetual",Divya Khurana  Dewan,,
INH000027548,Yogesh Kumar Aggarwal,,Research Analyst,"May 25, 2026 - Perpetual",Yogesh Aggarwal,puranornaments.com,
INH000027557,SUCCINCT LEARNING PLATFORMS PRIVATE LIMITED,,Research Analyst,"May 25, 2026 - Perpetual",Vicky Mehta,,
INH000027566,Mayur Satish Samtani,,Research Analyst,"May 25, 2026 - Perpetual",Mayur Samtani,,
INH000027575,Rishav Talukdar,,Research Analyst,"May 25, 2026 - Perpetual",Rishav Talukdar,,
INH000027584,Milind Sonone Proprietor of Growbrow,,Research Analyst,"May 25, 2026 - Perpetual",Milind Sonone,growbrow.in,
INH000027593,Yeshwant Bhisham Valecha,,Research Analyst,"May 25, 2026 - Perpetual",Yeshwant  Valecha,,
INH000027609,KIRAN NANDKISHOR JAGDALE PROPRIETOR OF MH TRADE HUB,,Research Analyst,"May 25, 2026 - Perpetual",KIRAN JAGDALE,,
INH000027618,Manoj Lodhi Proprietor of Finvista Research,,Research Analyst,"May 26, 2026 - Perpetual",Manoj Lodhi,,
INH000027627,GAGANPREET KAUR,,Research Analyst,"May 26, 2026 - Perpetual",Gaganpreet Kaur,,
INH000027636,TRADING2GROW,,Research Analyst,"May 27, 2026 - Perpetual",Vibhu Goel,trading2grow.com,
INH000027645,Oraph Private Limited,,Research Analyst,"Jun 01, 2026 - Perpetual",Raghav Malik,algotest.in,
INH000027654,Tushar Gerg,,Research Analyst,"Jun 01, 2026 - Perpetual",Tushar Gerg,,
INH000027663,Atul Dhananjay Kumar Proprietor of SALVATION CAPITAL,,Research Analyst,"Jun 01, 2026 - Perpetual",Atul Kumar,salvationcap.com,
INH000027672,Vipin Krishnan,,Research Analyst,"Jun 01, 2026 - Perpetual",Vipin Krishnan,,
INH000027681,Axczel Research Private Limited,,Research Analyst,"Jun 01, 2026 - Perpetual",Jestin V James,axczel.com,
INH000027690,Sandeep Kushwah,,Research Analyst,"Jun 02, 2026 - Perpetual",Sandeep Kushwah,,
INH000027706,ANKUSH PATEL,,Research Analyst,"Jun 02, 2026 - Perpetual",ANKUSH PATEL,,
INH000027715,Duge Lollen Proprietor of CDT Research,,Research Analyst,"Jun 02, 2026 - Perpetual",Duge Lollen,,
INH000027724,Dilpreet Singh Bhatia,,Research Analyst,"Jun 02, 2026 - Perpetual",Dilpreet Bhatia,,
INH000027733,SUPREME NIFTY TRADERS,,Research Analyst,"Jun 02, 2026 - Perpetual",Anil Shetti,,
INH000027742,Alt-Alpha Broking Private Limited,,Research Analyst,"Jun 02, 2026 - Perpetual",LAXMI  MYLAVARAPU,altcase.com,
INH000027751,Satish Manavare Proprietor of Sterling Research,,Research Analyst,"Jun 02, 2026 - Perpetual",Satish Manavare,,
INH000027760,Nameeta Priyadarshnee Panda Proprietor of Research Bull,,Research Analyst,"Jun 03, 2026 - Perpetual",Nameeta Panda,,
INH000027779,ANUJAY CHOUHAN,,Research Analyst,"Jun 03, 2026 - Perpetual",ANUJAY CHOUHAN,,
INH000027788,PRATHMESH JAIPRAKASH GUPTA,,Research Analyst,"Jun 04, 2026 - Perpetual",Prathmesh Gupta,yahoo.in,
INH000027797,Aparnathi Hiteshgar Mansukhgar,,Research Analyst,"Jun 04, 2026 - Perpetual",Aparnathi Mansukhgar,,
INH000027803,Yamuna Prasad Maurya,,Research Analyst,"Jun 04, 2026 - Perpetual",Yamuna Maurya,,
INH000027812,Chakrapaani Mishra Proprietor of SigmaOne Capital,,Research Analyst,"Jun 04, 2026 - Perpetual",Chakrapaani Mishra,,
INH000027821,Raj Yadav Proprietor of Increnzo Technology,,Research Analyst,"Jun 04, 2026 - Perpetual",Raj Yadav,,
INH000027830,NIVESHAAY INVESTMENT ADVISORS PRIVATE LIMITED,,Research Analyst,"Jun 04, 2026 - Perpetual",Vikram Sharma,niveshaay.com,
INH000027849,Hemant Vishwakarma Proprietor of Market cube Research,,Research Analyst,"Jun 05, 2026 - Perpetual",Hemant Vishwakarma,,
INH000027858,Santhosh B R Proprietor of First Investment Research,,Research Analyst,"Jun 05, 2026 - Perpetual",Santhosh B R,,
INH000027867,Sentinel Research Private limited,,Research Analyst,"Jun 05, 2026 - Perpetual",Nitesh Agarwala,,
INH000027876,VIPIN KUMAR,,Research Analyst,"Jun 08, 2026 - Perpetual",VIPIN KUMAR,,
INH000027885,Suraj Sakaria N,,Research Analyst,"Jun 08, 2026 - Perpetual",Suraj Sakaria,,
INH000027894,Abhinav Siddharth Proprietor of Pravi Wealth,,Research Analyst,"Jun 08, 2026 - Perpetual",Abhinav Siddharth,,
INH000027900,AMARTYA MANI,,Research Analyst,"Jun 08, 2026 - Perpetual",Amartya Mani,,
INH000027919,FINTRICS CAPITAL PRIVATE LIMITED,,Research Analyst,"Jun 08, 2026 - Perpetual",PARTH NADIYADRA,,
INH000027928,Ramanaiah Illuri Proprietor of ArthiQ Research,,Research Analyst,"Jun 08, 2026 - Perpetual",Ramanaiah Illuri,,
INH000027937,Lovelesh Sharma,,Research Analyst,"Jun 08, 2026 - Perpetual",Lovelesh Sharma,,
INH000027946,ADITYA BATTU,,Research Analyst,"Jun 08, 2026 - Perpetual",ADITYA BATTU,,
INH000027955,ARNAB CHABIRI,,Research Analyst,"Jun 08, 2026 - Perpetual",ARNAB  CHABIRI,,
INH000027964,Rohan Swar Proprietor of Quantimental Capital Research,,Research Analyst,"Jun 08, 2026 - Perpetual",Rohan Swar,qmcr.in,
INH000027973,Sarthak Jayeshbhai Purohit Proprietor of  THE CONCLUSION MATTERS,,Research Analyst,"Jun 08, 2026 - Perpetual",Sarthak Purohit,,
INH000027982,Value Straight Investment Advisor Private Limited,,Research Analyst,"Jun 09, 2026 - Perpetual",Ajay Kumar,,
INH000027991,Equitypack Private Limited,,Research Analyst,"Jun 09, 2026 - Perpetual",Manas Hariyani,,
INH000028006,ADITYA RAJ PROPRIETOR OF INVESTOGENIE,,Research Analyst,"Jun 09, 2026 - Perpetual",ADITYA  RAJ,,
INH000028015,HARISH PRATHAP M PROPRIETOR OF MY COREX RESEARCH & FINANCIAL SERVICES,,Research Analyst,"Jun 10, 2026 - Perpetual",HARISH  PRATHAP,,
INH000028024,Sanjeev Kumar,,Research Analyst,"Jun 10, 2026 - Perpetual",Sanjeev Kumar,,
INH000028033,Shyam Sharma,,Research Analyst,"Jun 10, 2026 - Perpetual",Shyam Sharma,,
INH000028042,PARESH RAM DESAI,,Research Analyst,"Jun 10, 2026 - Perpetual",PARESH DESAI,,
INH000028051,WASUGROW FINTECH SERVICES,,Research Analyst,"Jun 11, 2026 - Perpetual",SUDHIR BORKAR,,
INH000028060,Arvind Maruti Desai Proprietor of Samarth Trade,,Research Analyst,"Jun 11, 2026 - Perpetual",ARVIND DESAI,,
INH000028079,Shubham Kumar,,Research Analyst,"Jun 11, 2026 - Perpetual",Shubham  Kumar,,
INH000028088,Saurabh Maheshwari proprietor of Dev Maheshwari and associates,,Research Analyst,"Jun 11, 2026 - Perpetual",Saurabh Maheshwari,devmaheshwari.com,
INH000028097,MITESH HEDAU,,Research Analyst,"Jun 12, 2026 - Perpetual",MITESH HEDAU,,
INH000028103,KARMUR DILIP MERUBHAI,,Research Analyst,"Jun 12, 2026 - Perpetual",KARMUR MERUBHAI,,
INH000028112,Deepanshu Singh,,Research Analyst,"Jun 12, 2026 - Perpetual",Deepanshu Singh,,
INH000028121,Shikha Verma Proprietor of Dhanvriddhi Research,,Research Analyst,"Jun 12, 2026 - Perpetual",Shikha Verma,,
INH000028130,ORTEM SECURITIES LIMITED,,Research Analyst,"Jun 12, 2026 - Perpetual",Sanjay Agrawal,ortemsecurities.com,
INH000028149,RATHOD NILESH GOVINDLAL,,Research Analyst,"Jun 12, 2026 - Perpetual",RATHOD  GOVINDLAL,,
INH000028158,Vijay Porwal,,Research Analyst,"Jun 15, 2026 - Perpetual",Vijay Porwal,,
INH000028167,Pankaj Bhargava Proprietor Finocia Technology,,Research Analyst,"Jun 15, 2026 - Perpetual",Pankaj  Bhargava,,
INH000028176,NEOMINDS RESEARCH ANALYSTS,,Research Analyst,"Jun 15, 2026 - Perpetual",Navaneeth Mukundan,nmra.in,
INH000028185,Chetankumar Divakar Amin,,Research Analyst,"Jun 15, 2026 - Perpetual",Chetankumar   Amin,,
INH000028194,SHEKHAR KISHORE,,Research Analyst,"Jun 15, 2026 - Perpetual",SHEKHAR KISHORE,,
INH000028200,Komal Mirani,,Research Analyst,"Jun 15, 2026 - Perpetual",Komal Mirani,komalmirani.com,
INH000028219,Ashish Demla,,Research Analyst,"Jun 15, 2026 - Perpetual",Ashish  Demla,,
INH000028228,ABHIJIT DHAR,,Research Analyst,"Jun 16, 2026 - Perpetual",ABHIJIT DHAR,,
INH000028237,JASKIRAT SINGH,,Research Analyst,"Jun 16, 2026 - Perpetual",JASKIRAT SINGH,,
INH000028246,HARSHAD VAYEDA,,Research Analyst,"Jun 16, 2026 - Perpetual",HARSHAD  VAYEDA,,
INH000028255,HST WEALTH MANAGEMENT AND RESEARCH ADVISORS PRIVATE LIMITED,,Research Analyst,"Jun 16, 2026 - Perpetual",HARISELVAN RADHAKRISHNAN,hstio.com,
INH000028264,Ratnesh Thakkar,,Research Analyst,"Jun 16, 2026 - Perpetual",Ratnesh Thakkar,,
INH000028273,CHUDASAMA JAYKUMAR M,,Research Analyst,"Jun 16, 2026 - Perpetual",CHUDASAMA  JAYKUMAR M,,
INH000028282,GAURAV GARG,,Research Analyst,"Jun 17, 2026 - Perpetual",GAURAV GARG,,
INH000028291,T Priya,,Research Analyst,"Jun 18, 2026 - Perpetual",Thirupathi Priya,,
INH000028307,SHIVENDRA SAHAI,,Research Analyst,"Jun 18, 2026 - Perpetual",SHIVENDRA SAHAI,,
INH000028316,CHIRANJEEVI KUMAR,,Research Analyst,"Jun 18, 2026 - Perpetual",CHIRANJEEVI  KUMAR,,
INH000028325,Eshant Garg,,Research Analyst,"Jun 18, 2026 - Perpetual",Eshant Garg,,
INH000028334,Abhishek Gupta,,Research Analyst,"Jun 18, 2026 - Perpetual",Abhishek  Gupta,,
INH000028343,K Sudattha S Rao,,Research Analyst,"Jun 19, 2026 - Perpetual",K Sudattha S Rao,,
INH000028352,Wealth Vidhya,,Research Analyst,"Jun 19, 2026 - Perpetual",Harshitha Iyer,smartmoneyclub.in,
INH000028361,MANISH TANEJA,,Research Analyst,"Jun 22, 2026 - Perpetual",Manish Taneja,,
INH000028370,Sumit Vyas Proprietor of Skyline Financial Services,,Research Analyst,"Jun 22, 2026 - Perpetual",Sumit  Vyas,,
INH000028389,NAGARAJ V JAHAGIRDAR,,Research Analyst,"Jun 22, 2026 - Perpetual",NAGARAJ V  JAHAGIRDAR,,
INH000028398,Ankur Kapur,,Research Analyst,"Jun 22, 2026 - Perpetual",ANKUR  KAPUR,,
INH000028404,Abhishek Venkatesh Gujrathi Proprietor of Shrinidhi Fintech,,Research Analyst,"Jun 22, 2026 - Perpetual",Abhishek Gujrathi,,
INH000028413,FIVE POINT RESEARCH INSIGHTS PRIVATE LIMITED,,Research Analyst,"Jun 22, 2026 - Perpetual",Katepogu Praveen,,
INH000028422,AMAM ARUN,,Research Analyst,"Jun 22, 2026 - Perpetual",AMAM  ARUN,,
INH000028431,Kiran Nirapure,,Research Analyst,"Jun 24, 2026 - Perpetual",Kiran Nirapure,,
INH000028440,KHODA ANJANA NITESHKUMAR,,Research Analyst,"Jun 24, 2026 - Perpetual",KHODA  NITESHKUMAR,,
INH000028459,Abhay Kumar Sharma Proprietor of Wealth Grow Research,,Research Analyst,"Jun 24, 2026 - Perpetual",Abhay Sharma,,
INH000028468,CHANDRASHEKHAR DHANSING CHAVAN,,Research Analyst,"Jun 24, 2026 - Perpetual",CHANDRASHEKHAR CHAVAN,,
INH000028477,NEETESH PATHAK,,Research Analyst,"Jun 24, 2026 - Perpetual",NEETESH PATHAK,,
INH000028486,Arunkumar G,,Research Analyst,"Jun 24, 2026 - Perpetual",Arun  kumar G,,
INH000028495,Leji Sadanandan,,Research Analyst,"Jun 24, 2026 - Perpetual",Leji  Sadanandan,,
INH000028501,SNS STOCK ADVISORY SERVICES,,Research Analyst,"Jun 24, 2026 - Perpetual",CHINTHAMREDDY SREENIVASULA REDDY,,
INH000028510,VISHAL DINESHBHAI KARIYA,,Research Analyst,"Jun 24, 2026 - Perpetual",VISHAL KARIYA,,
INH000028529,YOHAN IMRAN DOKA,,Research Analyst,"Jun 25, 2026 - Perpetual",YOHAN  DOKA,,
INH000028538,Mintbyte Investment Services Private Limited,,Research Analyst,"Jun 29, 2026 - Perpetual",Amit Kumar Tiwari,mintbyte.com,
INH000028547,SIA RAVI AHUJA,,Research Analyst,"Jun 29, 2026 - Perpetual",SIA AHUJA,,
INH000028556,CHINNABALAPPAGARI DHANAMJAYA REDDY,,Research Analyst,"Jun 29, 2026 - Perpetual",Chinnabalappagari Reddy,,
INH000028565,EQUITYPULSE TECH PRIVATE LIMITED,,Research Analyst,"Jun 29, 2026 - Perpetual",Kejas Shah,,
INH000028574,JOVIAN MARKET RESEARCH PRIVATE LIMITED,,Research Analyst,"Jun 29, 2026 - Perpetual",AMIT BHAKTE,,
INH000028583,Finverse Platform Private Limited,,Research Analyst,"Jun 30, 2026 - Perpetual",Harshank Karia,dreamstreet.tech,
INH000028592,AUM CAPITAL MARKET PRIVATE LIMITED,,Research Analyst,"Jun 30, 2026 - Perpetual",CHANDRA JAIN,aumcap.com,
INH000028608,Afjal Mansuri Proprietor of TRADYNAL,,Research Analyst,"Jul 01, 2026 - Perpetual",Afjal  Mansuri,,
INH000028617,L. F. C. SECURITIES PRIVATE LIMITED,,Research Analyst,"Jul 01, 2026 - Perpetual",Santosh  Patil,labdhi.in,
INH000028626,Sumit Mangla,,Research Analyst,"Jul 01, 2026 - Perpetual",Sumit Mangla,,
INH000028635,Jainam Kothari,,Research Analyst,"Jul 01, 2026 - Perpetual",Jainam Kothari,,
INH000028644,Pratiksha Singh Proprietor of Apollotrust Research Services,,Research Analyst,"Jul 01, 2026 - Perpetual",Pratiksha Singh,,
INH000028653,SAILI S DALVI,,Research Analyst,"Jul 01, 2026 - Perpetual",SAILI S DALVI,,
INH000028662,Kanwaljit Singh,,Research Analyst,"Jul 01, 2026 - Perpetual",Kanwaljit Singh,,
INH000028671,Siddhant Gupta Proprietor of The Seasoned Investor,,Research Analyst,"Jul 01, 2026 - Perpetual",Siddhant Gupta,,
INH000028680,Siddharth Patel Proprietor Dhanshree Research,,Research Analyst,"Jul 01, 2026 - Perpetual",Siddharth Patel,,
INH000028699,Deepika Patidar,,Research Analyst,"Jul 03, 2026 - Perpetual",Deepika  Patidar,,
INH000028705,Nirmal Choudhary Proprietor of Growfincap Financial Services,,Research Analyst,"Jul 03, 2026 - Perpetual",Nirmal Choudhary,,
INH000028714,Nagesh Morya,,Research Analyst,"Jul 03, 2026 - Perpetual",Nagesh Morya,,
INH000028723,DESVELADO ADVISORY PRIVATE LIMITED,,Research Analyst,"Jul 03, 2026 - Perpetual",Ansh Jain,desvelado.in,
INH000028732,Dipak Das,,Research Analyst,"Jul 03, 2026 - Perpetual",Dipak Das,,
INH000028741,ANKUR AGARWAL,,Research Analyst,"Jul 03, 2026 - Perpetual",ANKUR AGARWAL,,
INH000028750,NAVNEET SINGH KANDHARI Proprietor of PRENAM,,Research Analyst,"Jul 07, 2026 - Perpetual",NAVNEET KANDHARI,prenam.com,
INH000028769,RAJNEESH KUMAR DUA,,Research Analyst,"Jul 07, 2026 - Perpetual",Rajneesh Dua,,
INH000028778,Candle Mantra,,Research Analyst,"Jul 07, 2026 - Perpetual",Garv Jain,,
INH000028787,Rani Singh Patel,,Research Analyst,"Jul 07, 2026 - Perpetual",Rani Singh Patel,,
INH000028796,Univest Stock Broking Private Limited,,Research Analyst,"Jul 09, 2026 - Perpetual",Avneet  Dhamija,unibrokers.in,
INH000028802,HARJINDERSINGH S SAINI,,Research Analyst,"Jul 09, 2026 - Perpetual",HARJINDERSINGH S SAINI,,
INH000028811,Abhishek Shailesh Mehta Proprietor Equity Wallet,,Research Analyst,"Jul 16, 2026 - Perpetual",Abhishek  Mehta,,
INH000028820,ALOK MISHRA,,Research Analyst,"Jul 16, 2026 - Perpetual",ALOK MISHRA,,
INH000028839,Ankur Sharda Proprietor of Neev Technocom Co.,,Research Analyst,"Jul 16, 2026 - Perpetual",Ankur Sharda,,
INH000028848,Goodwill Wealth Management Private Limited,,Research Analyst,"Jul 16, 2026 - Perpetual",SUKUMAR NATARAJAN,gwcindia.in,
INH000028857,Saym Ansari Proprietor of Sayeba Research,,Research Analyst,"Jul 16, 2026 - Perpetual",Saym Ansari,,
INH000028866,R Roshni,,Research Analyst,"Jul 16, 2026 - Perpetual",Roshni Rajkanth,,
INH000028875,QUICK ALGOPLUS PRIVATE LIMITED,,Research Analyst,"Jul 16, 2026 - Perpetual",Rahul Singh,quickalgoplus.in,
INH000028884,Mayank Lodha,,Research Analyst,"Jul 16, 2026 - Perpetual",Mayank Lodha,,
INH000028893,PROFOCUS VALUE PRIVATE LIMITED,,Research Analyst,"Jul 16, 2026 - Perpetual",Balaji Kasal,,
INH000028909,Lavanya H Proprietor of WealthStoc Solutions,,Research Analyst,"Jul 16, 2026 - Perpetual",Lavanya HONNEGOWDA,,
INH000028918,Krishna Kant Verma Proprietor of Ramanti Capital,,Research Analyst,"Jul 16, 2026 - Perpetual",Krishna Verma,,
INH000028927,Ratan Lal Proprietor of Kaveri Equity Research Service,,Research Analyst,"Jul 16, 2026 - Perpetual",RATAN LAL,,
INH000028936,Dwipanjit Handique,,Research Analyst,"Jul 16, 2026 - Perpetual",Dwipanjit Handique,,
INH000028945,MODERN ALGOS PRIVATE LIMITED,,Research Analyst,"Jul 16, 2026 - Perpetual",Aman Baid,modernalgos.com,
INH000028954,RELITRADE STOCK BROKING PRIVATE LIMITED,,Research Analyst,"Jul 16, 2026 - Perpetual",Karan Sanghvi,relitrade.in,
INH000028963,TARUN SINGH PANU,,Research Analyst,"Jul 16, 2026 - Perpetual",TARUN SINGH PANU,,
INH000028972,AMIT RAJU SANGAWAR,,Research Analyst,"Jul 17, 2026 - Perpetual",Amit Sangawar,,
INH000028981,GOWTHAM KUMARESH,,Research Analyst,"Jul 17, 2026 - Perpetual",GOWTHAM  KUMARESH,,
INH000028990,BALAR BRIJ PRAVINBHAI,,Research Analyst,"Jul 17, 2026 - Perpetual",BALAR PRAVINBHAI,,
INH000029005,Nexgen Research Analyst,,Research Analyst,"Jul 17, 2026 - Perpetual",Alok Kumar Singh,,
INH000029014,NAVEEN RAGAVENDAR P R,,Research Analyst,"Jul 17, 2026 - Perpetual",NAVEEN RAGAVENDAR P R,,
INH000029023,JAGPRASAD GANPAT VERMA,,Research Analyst,"Jul 17, 2026 - Perpetual",JAGPRASAD VERMA,,
INH000029032,Finharbour Fintech Private Limited,,Research Analyst,"Jul 17, 2026 - Perpetual",Parshwa Shah,finharbourfintech.com,
INH000029041,ULJK Financial Services Private Limited,,Research Analyst,"Jul 17, 2026 - Perpetual",YOGESH NAGDA,uljk.in,
INH000029050,GOKUL KRISHNA PUCHAKAYALA Proprietor of GOKUL ASSOCIATES RESEARCH,,Research Analyst,"Jul 17, 2026 - Perpetual",Gokul Puchakayala,,
INH000029069,Sanat Indravadan Shah Proprietor of Kaivalya Wealth Creators,,Research Analyst,"Jul 18, 2026 - Perpetual",Sanat Shah,,
INH000029078,Basil Star Private Limited,,Research Analyst,"Jul 18, 2026 - Perpetual",Jayesh  jajoo,,
INH000029087,Arun Rajashekhar Kalburgi,,Research Analyst,"Jul 20, 2026 - Perpetual",Arun Kalburgi,,
INH000029096,TANU RANI,,Research Analyst,"Jul 20, 2026 - Perpetual",TANU RANI,,
INH000029102,CENTRICITY SECURITIES PRIVATE LIMITED,,Research Analyst,"Jul 20, 2026 - Perpetual",Sachin Jasuja,centricity.co.in,
INH000029111,Moneystone Analytics Private Limited,,Research Analyst,"Jul 20, 2026 - Perpetual",RAMPRASAD  MUNDADA,,
INH000029120,AMIT BASAK,,Research Analyst,"Jul 20, 2026 - Perpetual",AMIT BASAK,,
INH000029139,Sachin Garg Systems LLP,,Research Analyst,"Jul 20, 2026 - Perpetual",Sachin Garg,,
INH000029148,INFINITY STOXRESEARCH,,Research Analyst,"Jul 20, 2026 - Perpetual",VIJAYA KUMAR  SUBRAMANIYAN,,
INH000029157,Vikas Raj Soni,,Research Analyst,"Jul 20, 2026 - Perpetual",Vikas Soni,,
INH000029166,AURAFI SERVICES,,Research Analyst,"Jul 20, 2026 - Perpetual",SOURAV BHARDWAJ,,
INH000029175,DEEPESH BANSAL,,Research Analyst,"Jul 20, 2026 - Perpetual",DEEPESH  BANSAL,,
INH000029184,Asim Jain,,Research Analyst,"Jul 20, 2026 - Perpetual",Asim Jain,,
INH000029193,DR  NIMISH A PARIKH,,Research Analyst,"Jul 20, 2026 - Perpetual",NIMISH A PARIKH,,
INH000029209,Bala Prasad Pal,,Research Analyst,"Jul 21, 2026 - Perpetual",Bala  Pal,,
INH000029218,Jay Gupta Proprietor Marketline Research,,Research Analyst,"Jul 22, 2026 - Perpetual",Jay Gupta,,
INH000029227,Anil patidar Proprietor of Valuematrix Research,,Research Analyst,"Jul 22, 2026 - Perpetual",Anil patidar,,
INH000029236,Raj Kishore Sharma Proprietor of Kuber Research,,Research Analyst,"Jul 22, 2026 - Perpetual",Raj Sharma,,
INH000029245,SAGER VAJU CHUDASAMA,,Research Analyst,"Jul 22, 2026 - Perpetual",SAGER CHUDASAMA,,
INH000029254,Moneycontrol Dot Com India Limited,,Research Analyst,"Jul 22, 2026 - Perpetual",Rajeev  Ranjan,nw18.com,
INH000029263,RUSHIKESH UDAY GONJARE,,Research Analyst,"Jul 23, 2026 - Perpetual",RUSHIKESH GONJARE,,
INH000029272,RITIK ANIL SONI,,Research Analyst,"Jul 23, 2026 - Perpetual",RITIK SONI,,
INH000029281,Pooja Dwivedi Proprietor of Maa Kalika Research and Investment,,Research Analyst,"Jul 23, 2026 - Perpetual",Pooja  Dwivedi,,
INH000029290,RAJEEV RANJAN SHRIVASTAVA PROPRIETOR OF MARKET VEDA,,Research Analyst,"Jul 23, 2026 - Perpetual",RAJEEV SHRIVASTAVA,,
INH000029306,GAURAV KUMAR TRIPATHI Proprietor of Capital Insight Research,,Research Analyst,"Jul 23, 2026 - Perpetual",Gaurav  Tripathi,,
INH000029315,LATHIYA JAIMISH,,Research Analyst,"Jul 23, 2026 - Perpetual",LATHIYA  JAIMISH,,
INH000029324,INTELLECT STOCK BROKING LIMITED,,Research Analyst,"Jul 29, 2026 - Perpetual",Sanjay Jain,intellectmoney.com,
INH000029333,FUTUREPRIDE WEALTH MANAGEMENT PRIVATE LIMITED,,Research Analyst,"Jul 29, 2026 - Perpetual",KANHAIYA LAL JAWARIYA,,
INH000029342,SRINIVAS VUDISI,,Research Analyst,"Jul 29, 2026 - Perpetual",SRINIVAS  VUDISI,,
INH000029351,SANTANU MAJI,,Research Analyst,"Jul 29, 2026 - Perpetual",SANTANU MAJI,,
INH000029360,ANIRUDDHA J DESHPANDE,,Research Analyst,"Aug 03, 2026 - Perpetual",ANIRUDDHA DESHPANDE,,
INH000029379,WEALTH VISION RESEARCH,,Research Analyst,"Aug 03, 2026 - Perpetual",Arun Kumar S.,,
INH000029388,Vikas Garg,,Research Analyst,"Aug 03, 2026 - Perpetual",Vikas Garg,,
INH000029397,Yogendra Singh Tomar Proprietor of Grow Capital Research,,Research Analyst,"Aug 04, 2026 - Perpetual",Yogendra Tomar,,
INH000029403,AKHIL AGARWAL,,Research Analyst,"Aug 05, 2026 - Perpetual",AKHIL AGARWAL,,
INH000029412,Rise Research and Consultancy Services Private Limited,,Research Analyst,"Aug 05, 2026 - Perpetual",Maan Rajput,,
INH000029421,PRATIK CHOTHANI PROPRIETOR OF PLUMBLOSSOM RESEARCH,,Research Analyst,"Aug 06, 2026 - Perpetual",Pratik Chothani,,
INH000029430,Upachaya Wealth Advisors LLP,,Research Analyst,"Aug 06, 2026 - Perpetual",Anup Agarwal,nobiasinvesting.com,
INH000029449,Shree Naman Securities & Finance Private Limited,,Research Analyst,"Aug 06, 2026 - Perpetual",Paras  R Desai,namansec.com,
INH000029458,Growing Tree Research Services Private Limited,,Research Analyst,"Aug 10, 2026 - Perpetual",Rajendra Suryawanshi,,
INH000029467,Rahul Pahuja Proprietor of RAYA CAPITAL,,Research Analyst,"Aug 10, 2026 - Perpetual",Rahul  Pahuja,,
INH000029476,TradeSmart Fintech Securities Limited,,Research Analyst,"Aug 10, 2026 - Perpetual",Rasika Bamane,tradesmartonline.in,
INH000029485,Sourabh Gupta,,Research Analyst,"Aug 10, 2026 - Perpetual",Sourabh  Gupta,,
INH000029494,SHASHI KUMAR TIWARI Proprietor  SKT INVESTMENTS,,Research Analyst,"Aug 10, 2026 - Perpetual",SHASHI TIWARI,,
INH000029500,Sarthak Malviya,,Research Analyst,"Aug 10, 2026 - Perpetual",Sarthak Malviya,,
INH000029519,SUMEET JAIN,,Research Analyst,"Aug 10, 2026 - Perpetual",SUMEET JAIN,,
INH000029528,Investology Quant Data Services Private Limited,,Research Analyst,"Aug 10, 2026 - Perpetual",Anish Achuthan Pillai,investology.in,
INH000029537,Quantiply Technologies Private Limited,,Research Analyst,"Aug 10, 2026 - Perpetual",Abhi Shah,quantiply.tech,
INH000029546,Dream Wealth Research Private Limited,,Research Analyst,"Aug 10, 2026 - Perpetual",Ajay  Jharbade,,
INH000029555,Sajid Ahmad,,Research Analyst,"Aug 10, 2026 - Perpetual",Sajid Ahmad,,
INH000029564,NEHA SINGH,,Research Analyst,"Aug 10, 2026 - Perpetual",NEHA SINGH,,
INH000029573,Debotro Sinha,,Research Analyst,"Aug 10, 2026 - Perpetual",Debotro Sinha,,
INH000029582,Himanshu Bhandari proprietor of Swaastik Investments,,Research Analyst,"Aug 10, 2026 - Perpetual",Himanshu Bhandari,,
INH000029591,TIME LINE INVESTMENTS PRIVATE LIMITED,,Research Analyst,"Aug 10, 2026 - Perpetual",Pujari Rohith,timelineinvestments.in,
INH000029607,Tradeswift Broking Private Limited,,Research Analyst,"Aug 10, 2026 - Perpetual",Nishant Jain,tradeswift.net,
INH000029616,Rikhav Securities Limited,,Research Analyst,"Aug 10, 2026 - Perpetual",VISHAL PATEL,rikhav.net,
INH000029625,Tiny Epic Solutions Private Limited,,Research Analyst,"Aug 10, 2026 - Perpetual",Rajesh Sinha,tinyepic.in,
INH000029634,ABHISHEK GUT,,Research Analyst,"Aug 10, 2026 - Perpetual",ABHISHEK GUT,,
INH000029643,VIMALAKEERTHY DEVADOSS,,Research Analyst,"Aug 10, 2026 - Perpetual",VIMALAKEERTHY  DEVADOSS,,
INH000029652,TUPAKULA VENKATA RAMANA,,Research Analyst,"Aug 11, 2026 - Perpetual",TUPAKULA RAMANA,,
INH000029661,Vikas Tiwari proprietor of Rightzone Research,,Research Analyst,"Aug 11, 2026 - Perpetual",Vikas Tiwari,rightzoneresearch.com,
INH000029670,JIVRAJ WEALTH ADVISORY PRIVATE LIMITED,,Research Analyst,"Aug 11, 2026 - Perpetual",Virat Rathod,jivrajcapital.com,
INH000029689,MIRACLES FIN-TECH PRIVATE LIMITED,,Research Analyst,"Aug 11, 2026 - Perpetual",Priyanka Undaviya,miraclesfintech.com,
INH000029698,Algouncle Technologies Private Limited,,Research Analyst,"Aug 11, 2026 - Perpetual",Anurag Grover,algouncle.com,
INH000029704,Manoj Kumar Kaushik,,Research Analyst,"Aug 11, 2026 - Perpetual",Manoj Kaushik,,
INH000029713,DURGAPRASAD KAMALAKAR KAMAT Proprietor of URMILA AND SONS,,Research Analyst,"Aug 11, 2026 - Perpetual",Durgaprasad Kamat,,
INH000029722,72 STREET RA PRIVATE LIMITED,,Research Analyst,"Aug 14, 2026 - Perpetual",Nimisha Vyas,72street.ai,
INH000029731,SURESH CHAND MEENA,,Research Analyst,"Aug 20, 2026 - Perpetual",SURESH MEENA,,
INH000029740,Yoganathan M,,Research Analyst,"Aug 20, 2026 - Perpetual",Yoganathan Murugesan,,
INH000029759,BNR Stock Broking Private Limited,,Research Analyst,"Aug 20, 2026 - Perpetual",Amit Rathi,,
INH000029768,Aditya Siddharth Mehta,,Research Analyst,"Aug 20, 2026 - Perpetual",Aditya Mehta,,
INH000029777,ACCENDION,,Research Analyst,"Aug 20, 2026 - Perpetual",CHANDRASHEKAR TALLA,,
INH000029786,Stoxbee Broking Private Limited,,Research Analyst,"Aug 20, 2026 - Perpetual",Rohit Soni,,
INH000029795,Vittaara Research Services LLP,,Research Analyst,"Aug 20, 2026 - Perpetual",Harsh Bhagat,,
INH000029801,LGT Capital Markets Private Limited,,Research Analyst,"Aug 21, 2026 - Perpetual",Dinesh Tanwar,lgtindia.in,
INH000029810,TRADESURF RESEARCH PRIVATE LIMITED,,Research Analyst,"Aug 31, 2026 - Perpetual",Devendra Gosar,fyntrix.ai,
INH000029829,Equitypandit Financial Services Private Limited,,Research Analyst,"Sep 01, 2026 - Perpetual",Abhishek Parakh,equitypandit.com,
INH000029838,Marathon Trends Advisory Private Limited,,Research Analyst,"Sep 01, 2026 - Perpetual",Vidhi Gulabani,marathontrends.com,
INH000029847,Trustindex Infrastructure Private Limited,,Research Analyst,"Sep 01, 2026 - Perpetual",Apoorv Saxena,,
INH000029856,Wealthrush Capital Services Private Limited,,Research Analyst,"Sep 01, 2026 - Perpetual",Kamlesh B Sandanshiv,,
INH000029865,ASHIYANA ALI,,Research Analyst,"Sep 01, 2026 - Perpetual",ASHIYANA ALI,,
INH000029874,Deepak Pruthy Proprietor of Wealth with Wisdom,,Research Analyst,"Sep 01, 2026 - Perpetual",Deepak Pruthy,,
INH000029883,Astor Research,,Research Analyst,"Sep 01, 2026 - Perpetual",Sunny Butani,,
INH000029892,SHAIK RIYAZ PROPRIETOR OF SHINE STOCKS RESEARCH,,Research Analyst,"Sep 01, 2026 - Perpetual",SHAIK RIYAZ,,
INH000029908,YB TECHNOLOGIES PRIVATE LIMITED,,Research Analyst,"Sep 01, 2026 - Perpetual",Yogesh Tomar,ental.ai,
INH000029917,HRUTHIK N,,Research Analyst,"Sep 01, 2026 - Perpetual",HRUTHIK Nagendra,,
INH000029926,Auroshis Rout,,Research Analyst,"Sep 07, 2026 - Perpetual",Auroshis Rout,aptenial.com,
INH000029935,Praveen Chandra Sour proprietor of Finilyst,,Research Analyst,"Sep 07, 2026 - Perpetual",PRAVEEN SOUR,,
INH000029944,KAVI KAMBARAJAN,,Research Analyst,"Sep 07, 2026 - Perpetual",KAVI KAMBARAJAN,,
INH000029953,RAHUL JAIN,,Research Analyst,"Sep 07, 2026 - Perpetual",RAHUL JAIN,,
INH000029962,BAADSHAH BHAI LIMITED,,Research Analyst,"Sep 07, 2026 - Perpetual",Sehdev Sehgal,,
INH000029971,Ajay Murade Proprietor of OneTrade Research,,Research Analyst,"Sep 07, 2026 - Perpetual",AJAY MURADE,,
INH000029980,Sandeep Kumar Proprietor of Saanvi Research,,Research Analyst,"Sep 07, 2026 - Perpetual",SANDEEP KUMAR,,
INH000029999,VISIBO CAPITAL,,Research Analyst,"Sep 07, 2026 - Perpetual",Chirag Agrawal,,
INH000030001,VISHNU CA PROPRITER OF ACUMEN ADVISORS,,Research Analyst,"Sep 07, 2026 - Perpetual",Vishnu C A,,
INH000030010,Gaurav Kumar,,Research Analyst,"Sep 07, 2026 - Perpetual",Gaurav Kumar,,
INH000030029,Sumit Setia,,Research Analyst,"Sep 07, 2026 - Perpetual",Sumit Setia,,
INH000030038,Goldennest Technologies Private Limited,,Research Analyst,"Sep 07, 2026 - Perpetual",Vivekanandan Marimuthu,goldennest.ai,
INH000030047,Aeonis Technology Private Limited,,Research Analyst,"Sep 07, 2026 - Perpetual",kailash Gaikwad,novaex.ai,
INH000030056,Aakash Abhigyanam Rathore Proprietor of Capital Scope Research,,Research Analyst,"Sep 07, 2026 - Perpetual",Aakash  Rathore,,
INH000030065,NAKAMICHI SECURITIES LTD,,Research Analyst,"Sep 07, 2026 - Perpetual",Snigdha Tibrewala,nakamichi.co.in,
INH000030074,VINOD N S,,Research Analyst,"Sep 07, 2026 - Perpetual",VINOD S,,
INH000030083,ANSHUL GARG,,Research Analyst,"Sep 07, 2026 - Perpetual",ANSHUL GARG,,
INH000030092,Abhishek H Singh Proprietor of Wave Talks,,Research Analyst,"Sep 07, 2026 - Perpetual",Abhishek Singh,wavetalks.in,
INH000030108,Rahul Soni Proprietor of Research Gainer,,Research Analyst,"Sep 07, 2026 - Perpetual",Rahul Soni,,
INH000030117,MANOJ KUMAR PROPRIETOR OF MK STOCK MARKET RESEARCH SERVICES,,Research Analyst,"Sep 07, 2026 - Perpetual",MANOJ KUMAR,,
INH000030126,TRUSTOX FINTECH PRIVATE LIMITED,,Research Analyst,"Sep 07, 2026 - Perpetual",Puspendra Jatav,,
INH000030135,Neha Goyal Proprietor of Value Rich Stock Advisors,,Research Analyst,"Sep 09, 2026 - Perpetual",Neha Goyal,,
INH000030144,Dheeraj Sogani Proprietor Lasa Research Services,,Research Analyst,"Sep 12, 2026 - Perpetual",Dheeraj Sogani,,
INH000030153,Varsha Gupta Proprietor of Your Research Analyst,,Research Analyst,"Sep 13, 2026 - Perpetual",Varsha Gupta,,
INH000030162,Piyush Gupta,,Research Analyst,"Sep 13, 2026 - Perpetual",Piyush Gupta,,
INH000030171,OIGENIE TECHNOLOGIES PRIVATE LIMITED,,Research Analyst,"Sep 13, 2026 - Perpetual",SUBRAT ACHARYA,,
INH000030180,Mahotsav Investment Advisors LLP,,Research Analyst,"Sep 13, 2026 - Perpetual",Ishan Malshe,zohomail.in,
INH000030199,Arakala Koushik,,Research Analyst,"Sep 13, 2026 - Perpetual",Arakala Koushik,,
INH000030205,Anamika Singh Baghel,,Research Analyst,"Sep 13, 2026 - Perpetual",Anamika Baghel,,
INH000030214,THOTA ADHINARAYANA,,Research Analyst,"Sep 13, 2026 - Perpetual",THOTA ADHINARAYANA,,
INH000030223,PATIL SONAL SHAILENDRA,,Research Analyst,"Sep 13, 2026 - Perpetual",SONAL PATIL,,
INH000030232,Trapti Verma,,Research Analyst,"Sep 15, 2026 - Perpetual",Trapti Verma,,
INH000030241,PRIYADHARSHAN R PROPRIETOR OF EQUITIFY,,Research Analyst,"Sep 17, 2026 - Perpetual",PRIYADHARSHAN R,,
INH000030250,ROHINI KUMARI,,Research Analyst,"Sep 17, 2026 - Perpetual",ROHINI  KUMARI,,
INH000030269,DS FINTECH RESEARCH PRIVATE LIMITED,,Research Analyst,"Sep 24, 2026 - Perpetual",Ajay Nagar,,
INH000030278,Mayurkumar Sharma,,Research Analyst,"Sep 29, 2026 - Perpetual",Mayurkumar Sharma,,
INH000030287,APOORV DUBEY,,Research Analyst,"Sep 29, 2026 - Perpetual",APOORV DUBEY,,
INH000030296,Nilesh Pandey Proprietor of AIM Trader,,Research Analyst,"Sep 29, 2026 - Perpetual",NILESH PANDEY,,
INH000030302,Ashutosh Sudhindra Kamalapur Proprietor of Canopus Financial Research,,Research Analyst,"Sep 29, 2026 - Perpetual",Ashutosh Kamalapur,,
INH000030311,ROHIT TRIPATHI,,Research Analyst,"Sep 29, 2026 - Perpetual",ROHIT TRIPATHI,,
INH000030320,Patel Naineshkumar BaldevBhai,,Research Analyst,"Sep 29, 2026 - Perpetual",Naineshkumar patel,,
INH000030339,HEMANGI VADHAVANA,,Research Analyst,"Sep 29, 2026 - Perpetual",HEMANGI VADHAVANA,,
INH000030348,VINAYAK SETH,,Research Analyst,"Sep 29, 2026 - Perpetual",VINAYAK SETH,,
INH000030357,GANATRA SAMIK DILIPBHAI,,Research Analyst,"Sep 29, 2026 - Perpetual",SAMIK GANATRA,,
INH000030366,AVINASH RAJWADE,,Research Analyst,"Sep 29, 2026 - Perpetual",AVINASH  RAJWADE,,
INH000030375,RAKESH JAGATRAO PAWAR,,Research Analyst,"Sep 29, 2026 - Perpetual",RAKESH PAWAR,,
INH000030384,NVS Brokerage Private Limited,,Research Analyst,"Sep 30, 2026 - Perpetual",Saloni Shah,nvsbrokerage.com,
INH000030393,JITENDRA KUMAR PANDEY PROPRIETOR OF EQUIISTOX RESEARCH,,Research Analyst,"Sep 30, 2026 - Perpetual",Jitendra Pandey,,
INH000030409,Simran Sunil Patil Proprietor of Option Grow,,Research Analyst,"Sep 30, 2026 - Perpetual",Simran Patil,,
INH000030418,Harbendra Yadav,,Research Analyst,"Sep 30, 2026 - Perpetual",Harbendra Yadav,,
INH000030427,MALHARI DALVI,,Research Analyst,"Sep 30, 2026 - Perpetual",MALHARI DALVI,,
INH000030436,ANKUSH NAGENDRA PANDEY,,Research Analyst,"Sep 30, 2026 - Perpetual",ANKUSH PANDEY,,
INH000030445,Varun Pratap Singh Chauhan Proprietor of Tortoise Capital Research Analyst,,Research Analyst,"Sep 30, 2026 - Perpetual",Varun Pratap Chauhan,,
INH000030454,SUPRTRADING FINTECH PRIVATE LIMITED,,Research Analyst,"Sep 30, 2026 - Perpetual",Akshay Gulati,,
INH000030463,NINE STAR BROKING PRIVATE LIMITED,,Research Analyst,"Sep 30, 2026 - Perpetual",Rajesh Mundra,9star.in,
INH000030472,PLUG AND INVEST CONSULTING PRIVATE LIMITED,,Research Analyst,"Sep 30, 2026 - Perpetual",Sourabh Nahta,,
INH000030481,Wisetone Research LLP,,Research Analyst,"Sep 30, 2026 - Perpetual",Vikas Gupta,,
INH000030490,Archit Mishra Research LLP,,Research Analyst,"Sep 30, 2026 - Perpetual",Archit Mishra,,
INH000030506,MAX ALGOS CONSULTANCY SERVICES,,Research Analyst,"Sep 30, 2026 - Perpetual",MUTHUSAMY GANESHAMOORTHY,,
INH000030515,Ashish Verma,,Research Analyst,"Sep 30, 2026 - Perpetual",Ashish Verma,,
INH000030524,Devansh Shivhare Proprietor of Stocked Academy,,Research Analyst,"Sep 30, 2026 - Perpetual",Devansh Shivhare,,
INH000030533,Chirag Rajesh Sejpal,,Research Analyst,"Sep 30, 2026 - Perpetual",Chirag Sejpal,,
INH000030542,Vaibhav Pal Proprietor of EshaayaAI,,Research Analyst,"Sep 30, 2026 - Perpetual",Vaibhav Pal,eshaayaai.com,
INH000030551,Satyam Awasthi,,Research Analyst,"Sep 30, 2026 - Perpetual",Satyam Awasthi,,
INH000030560,KISHAN SINGH PROPRIETOR OF BULLRUN ANALYTICS,,Research Analyst,"Sep 30, 2026 - Perpetual",Kishan Singh,,
INH000030579,ALPHASUN CAPITAL INTELLIGENCE PRIVATE LIMITED,,Research Analyst,"Oct 01, 2026 - Perpetual",SNEHALKUMAR PATEL,,
INH000030588,Chander Navani proprietor of ALGOGREEK RESEARCH,,Research Analyst,"Oct 02, 2026 - Perpetual",Chander Navani,,
INH000030597,NIRAV J MODASARA,,Research Analyst,"Oct 02, 2026 - Perpetual",NIRAV MODASARA,,
INH000030603,ASHISH NARENDRABHAI BAMBHANIYA,,Research Analyst,"Oct 02, 2026 - Perpetual",ASHISH BAMBHANIYA,,
INH000030612,Amit Kumar Singh,,Research Analyst,"Oct 02, 2026 - Perpetual",Amit singh,,
INH000030621,MONEYVEDA RESEARCH PRIVATE LIMITED,,Research Analyst,"Oct 02, 2026 - Perpetual",ANJALI PARIHAR,,
INH000030630,DAYANAND BONGALE,,Research Analyst,"Oct 02, 2026 - Perpetual",Dayanand Bongale,,
INH000030649,Sujal Hanumant Salgude Patil,,Research Analyst,"Oct 02, 2026 - Perpetual",Sujal Patil,,
INH000030658,Vivek Kumar Gupta,,Research Analyst,"Oct 02, 2026 - Perpetual",Vivek Gupta,,
INH000030667,INFIGLOBE INSIGHTS PRIVATE LIMITED,,Research Analyst,"Oct 02, 2026 - Perpetual",Sukanta Mondal,infiglobeinsights.com,
INH000030676,Dhiraj Chowdhary,,Research Analyst,"Oct 02, 2026 - Perpetual",Dhiraj Chowdhary,,
INH000030685,Hardik Bhatia,,Research Analyst,"Oct 02, 2026 - Perpetual",Hardik Bhatia,investinmind.in,
INH000030694,Manoj Rathore,,Research Analyst,"Oct 02, 2026 - Perpetual",Manoj Rathore,,
INH000030700,Priyanka Singh Proprietor of Moneyara Research,,Research Analyst,"Oct 02, 2026 - Perpetual",Priyanka Singh,,
INH000030719,SANJAY KUMAR KANTILAL MOTA,,Research Analyst,"Oct 02, 2026 - Perpetual",Sanjay Kumar Mota,,
INH000030728,STOCKSVYAPAAR,,Research Analyst,"Oct 02, 2026 - Perpetual",SUBHAMOY CHAKRABORTY,,
INH000030737,TRADING IDEAS ADVISORY,,Research Analyst,"Oct 02, 2026 - Perpetual",SURINDERJIT KHASRIA,,
INH000030746,BHAWNA MANJHI PROPRIETOR OF MANJHI STOCKS RESEARCH ANALYST,,Research Analyst,"Oct 02, 2026 - Perpetual",BHAWNA MANJHI,,
INH000030755,Tarun Kumar Chaurasia,,Research Analyst,"Oct 02, 2026 - Perpetual",Tarun Chaurasia,,
INH000030764,PAWAN MEENA PROPRIETOR OF INSIGHT WAY,,Research Analyst,"Oct 03, 2026 - Perpetual",PAWAN MEENA,,
INH000030773,OneSkill Education Private Limited,,Research Analyst,"Oct 03, 2026 - Perpetual",Mandeep Chhabra,,
INH000030782,FinFinity Capital,,Research Analyst,"Oct 03, 2026 - Perpetual",Arihant Jain,,
INH000030791,KULDEEP SHARMA PROPRIETOR OF GROW MONEY RESEARCH,,Research Analyst,"Oct 03, 2026 - Perpetual",KULDEEP SHARMA,,
INH000030807,Abhishek Upadhyay,,Research Analyst,"Oct 03, 2026 - Perpetual",Abhishek Upadhyay,,
INH000032382,Rohan,,Research Analyst,"Jan 25, 2017 - Perpetual",Rohan Shinde,,
INH100000528,TRUSTLINE SECURIITES LTD,,Research Analyst,"Jun 01, 2015 - Perpetual",ANKIT JHAMB,trustline.in,
INH100000726,Sudarshan Sukhani - Proprietor : Technical Trends,,Research Analyst,"Jun 19, 2015 - Perpetual",SUDARSHAN  SUKHANI,,
INH100000908,MAHESH CHANDER KAUSHIK,,Research Analyst,"Jul 06, 2015 - Perpetual",MAHESH CHANDER KAUSHIK,,
INH100001187,GLOBE CAPITAL MARKET LTD,,Research Analyst,"Jul 29, 2015 - Perpetual",KAPIL MARWAH,globecapital.com,
INH100001609,KUNAL SARAOGI,,Research Analyst,"Sep 02, 2015 - Perpetual",KUNAL SARAOGI,,
INH100001625,MANAS JAISWAL,,Research Analyst,"Sep 02, 2015 - Perpetual",MANAS  JAISWAL,manasjaiswal.com,
INH100001666,BONANZA PORTFOLIO LTD.,,Research Analyst,"Sep 03, 2015 - Perpetual",Kunal Kamble,bonanzaonline.com,
INH100001690,EKANSH MITTAL PROPRIETOR M/S MITTAL CONSULTING,,Research Analyst,"Sep 14, 2015 - Perpetual",Ekansh Mittal ProprietorMsMittalConsulting,,
INH100001849,SMC GLOBAL SECURITIES LTD,,Research Analyst,"Oct 01, 2015 - Perpetual",,smcindiaonline.com,
INH100001930,M/S. IFCI FINANCIAL SERVICES LTD,,Research Analyst,"Oct 20, 2015 - Perpetual",MR.S.DEVARAJAN,ifinltd.in,
INH100001948,MANISH KUMAR SARRAF PROP MS IBN SERVICES,,Research Analyst,"Oct 20, 2015 - Perpetual",MANISH KUMAR SAARAF,,
INH100002250,HEM SECURITIES LIMITED,,Research Analyst,"Nov 17, 2015 - Perpetual",Rohit sharma,hemsecurities.com,
INH100002300,ELITE WEALTH LIMITED,,Research Analyst,"Nov 24, 2015 - Perpetual",Diwan Singh,elitestock.com,
INH100002615,ARETE SECURITIES LIMITED,,Research Analyst,"Feb 08, 2016 - Perpetual",SWATI MAHESHWARI,spasecurities.com,
INH100002862,BAJAJ CAPITAL MARKETS LIMITED,,Research Analyst,"Apr 13, 2016 - Perpetual",,bajajcapital.com,
INH100003043,PANKAJ GUPTA,,Research Analyst,"May 25, 2016 - Perpetual",,,
INH100003084,ADROIT FINANCIAL SERVICES PVT LTD,,Research Analyst,"May 31, 2016 - Perpetual",,adroitfinancial.com,
INH100003274,MANSUKH SECURITIES & FINANCE LIMITED,,Research Analyst,"Jul 25, 2016 - Perpetual",Mansukh Securitiesand FinanceLimited,moneysukh.com,
INH100003282,RAKESH KUMAR SINGHAL,,Research Analyst,"Jul 26, 2016 - Perpetual",,,
INH100003381,ANAND KUMAR TANTIA,,Research Analyst,"Aug 30, 2016 - Perpetual",ANAND  TANTIA,,
INH100004526,Rajiv Aggarwal,,Research Analyst,"Dec 14, 2016 - Perpetual",Rajiv  Aggarwal,,
INH100004571,WEALTH DISCOVERY SECURITIES PRIVATE LIMITED,,Research Analyst,"Jan 09, 2017 - Perpetual",SACHIN BANSAL,wealthdiscovery.in,
INH100004775,Manish Goel,,Research Analyst,"May 16, 2017 - Perpetual",Manish Goyal,,
INH100004872,ALMONDZ GLOBAL SECURITIES LIMITED,,Research Analyst,"Jun 06, 2017 - Perpetual",,,
INH100004951,jasmeet singh,,Research Analyst,"Jun 29, 2017 - Perpetual",jasmeet singh,valueguyz.com,
INH100005011,SHARE INDIA SECURITIES LIMITED,,Research Analyst,"Jul 14, 2017 - Perpetual",Beena Sadhwani,shareindia.com,
INH100005048,VIJAY KUMAR PATHAK,,Research Analyst,"Jul 19, 2017 - Perpetual",VIJAY PATHAK,,
INH100005093,SUMEET KUMAR,,Research Analyst,"Aug 01, 2017 - Perpetual",SUMEET  KUMAR,eantra.com,
INH100005190,AMIT GURUH SACHDEVA,,Research Analyst,"Sep 07, 2017 - Perpetual",AMIT SACHDEVA,,
INH100005349,Hemander Jain,,Research Analyst,"Nov 01, 2017 - Perpetual",Hemander Jain,,
INH100005419,vibhor varshney,,Research Analyst,"Nov 14, 2017 - Perpetual",vibhor varshney,,
INH100005446,VINIT GUPTA,,Research Analyst,"Nov 20, 2017 - Perpetual",VINIT GUPTA,investorspride.com,
INH100005525,Vivek Sagar,,Research Analyst,"Dec 18, 2017 - Perpetual",Vivek Sagar,,
INH100005604,GAURAV GARG,,Research Analyst,"Jan 19, 2018 - Perpetual",GAURAV GARG,,
INH100005677,Diwakar Prasad Vyas,,Research Analyst,"Feb 16, 2018 - Perpetual",Diwakar Vyas,,
INH100005792,Shreeyam Securities Limited,,Research Analyst,"Mar 29, 2022 - Perpetual",,,
INH100006427,"Parveen Kumar Sharma, Prop.10paisa.com",,Research Analyst,"Oct 16, 2018 - Perpetual",Parveen Sharma,,
INH100006667,SEEMA JAIN,,Research Analyst,"Dec 14, 2018 - Perpetual",SEEMA JAIN,,
INH100006977,Religare Broking Limited,,Research Analyst,"Mar 29, 2019 - Perpetual",Neha Grover,religare.com,
INH100007082,ASHISH KAPUR,,Research Analyst,"Apr 22, 2019 - Perpetual",ASHISH KAPUR,investshoppe.com,
INH100007116,Ravi Kumar Sharma,,Research Analyst,"May 08, 2019 - Perpetual",Ravi  Sharma,,
INH100007231,Ankit Gupta Proprietor of Wealth Consultant,,Research Analyst,"Jul 09, 2019 - Perpetual",Ankit Gupta,,
INH100007310,Bharat Bhushan Equity Traders Ltd,,Research Analyst,"Jul 16, 2019 - Perpetual",Madhav Bhushan,bharatbhushan.com,
INH100007639,MIR UNISERV,,Research Analyst,"Jun 24, 2020 - Perpetual",SAURABH SHUKLA,,
INH100007736,Rajat Devgan,,Research Analyst,"Aug 18, 2020 - Perpetual",Rajat Devgan,,
INH100007879,KAPIL VERMA,,Research Analyst,"Nov 20, 2020 - Perpetual",KAPIL VERMA,,
INH100007985,Vishal Gupta Proprietor of VG STOCK RESEARCH,,Research Analyst,"Dec 09, 2020 - Perpetual",VISHAL GUPTA,vgstockresearch.com,
INH100008230,Vipin Kumar Pandey Proprietor of Uttam Financial Services,,Research Analyst,"Apr 08, 2021 - Perpetual",Vipin Pandey,,
INH100008364,Vijay Malik,,Research Analyst,"May 03, 2021 - Perpetual",Vijay Malik,,
INH100008513,GREEN PORTFOLIO PRIVATE LIMITED,,Research Analyst,"Jun 21, 2021 - Perpetual",DIVAM SHARMA,greenportfolio.co,
INH100008638,Sanyam Vaish,,Research Analyst,"Aug 10, 2021 - Perpetual",Sanyam Vaish,,
INH100008717,WEEKENDINVESTING ANALYTICS PRIVATE LIMITED,,Research Analyst,"Sep 07, 2021 - Perpetual",SHRUTI JAIN,weekendinvesting.com,
INH100008726,Gaurav Sharma,,Research Analyst,"Sep 08, 2021 - Perpetual",Gaurav Sharma,,
INH100008780,SANGITA RANI,,Research Analyst,"Oct 08, 2021 - Perpetual",SANGITA RANI,,
INH100008799,stockbox technologies private limited,,Research Analyst,"Oct 08, 2021 - Perpetual",radhey  chauhan,,
INH100008939,Ashish Kumar Proprietor of Stoxbazar,,Research Analyst,"Dec 06, 2021 - Perpetual",ASHISH  KUMAR,,
INH100008975,Himanshu Gupta,,Research Analyst,"Dec 15, 2021 - Perpetual",Himanshu Gupta,,
INH100008984,Rakesh Bansal Ventures,,Research Analyst,"Dec 22, 2021 - Perpetual",Rakesh Bansal,,
INH100009080,Rohit Mehta,,Research Analyst,"Feb 04, 2022 - Perpetual",Rohit Mehta,,
INH100009327,Amit Kumar Gupta,,Research Analyst,"Apr 01, 2022 - Perpetual",Amit Gupta,,
INH100009336,Tarun Shandil,,Research Analyst,"Apr 04, 2022 - Perpetual",Tarun Shandil,,
INH100009345,Prabhat Kumar,,Research Analyst,"Apr 04, 2022 - Perpetual",PRABHAT KUMAR,,
INH100009363,Jasleen Kaur Bath,,Research Analyst,"Apr 07, 2022 - Perpetual",Jasleen Bath,,
INH100009433,SUSHIL KUMAR,,Research Analyst,"May 02, 2022 - Perpetual",SUSHIL KUMAR,,
INH100009451,SAMRI TECHNOLOGIES,,Research Analyst,"May 09, 2022 - Perpetual",Mridul Agarwal,,
INH100009628,UJVIN NEVATIA (PROPRIETOR: NEVAT INVESTMENTS),,Research Analyst,"May 20, 2022 - Perpetual",Ujvin Nevatia,,
INH100009707,ShivamGoel,,Research Analyst,"Jun 03, 2022 - Perpetual",Shivam Goel,,
INH100009752,VIDFIN TECHNOLOGIES PRIVATE LIMITED,,Research Analyst,"Jun 09, 2022 - Perpetual",Vaibhav Tewatia,vidfin.com,
INH100009901,MONEY BELLS GLOBAL RESEARCH SERVICES PRIVATE LIMITED,,Research Analyst,"Jun 21, 2022 - Perpetual",Sagar Goel,,
INH100009956,Mohit Kumar Proprietor of M/s TechoFunda,,Research Analyst,"Jul 14, 2022 - Perpetual",Mohit  Kumar,,
INH100009965,Shaifali Sharma Proprietor of Stock Kart,,Research Analyst,"Jul 19, 2022 - Perpetual",Shaifali Sharma,,
INH100009992,Vinayak Gautam,,Research Analyst,"Jul 25, 2022 - Perpetual",Vinayak Gautam,,
INH100010013,Amiteshwar Singh Proprietor of Researchlyne.com,,Research Analyst,"Jul 28, 2022 - Perpetual",Amiteshwar Singh,researchlyne.com,
INH100893674,OJ FINANCIAL SERVICES LTD,,Research Analyst,"Jan 30, 2017 - Perpetual",ARUN  GUPTA,ojfin.com,
INH200000402,CHOLAMANDALAM SECURITIES LIMITED.,,Research Analyst,"May 04, 2015 - Perpetual",Dharmesh  Kant,murugappa.com,
INH200000840,SYSTEMATIX SHARES & STOCKS (I) LTD,,Research Analyst,"Jun 30, 2015 - Perpetual",Nipa Savla,systematixgroup.in,
INH200001384,S. KARTHIKEYAN,,Research Analyst,"Aug 14, 2015 - Perpetual",S.  KARTHIKEYAN,,
INH200001483,NARAYANAN SRINIVASAN,,Research Analyst,"Aug 20, 2015 - Perpetual",MR. NARAYANAN SRINIVASAN,powerbullstocks.com,
INH200001996,STOCKHIFI ADVISORY SERVICES PRIVATE LIMITED,,Research Analyst,"Oct 28, 2015 - Perpetual",RAMESH  BAJAJ,stockhifi.com,
INH200002747,PUNIT S JAIN  (PROPRIETOR OF JAIN MATRIX INVESTMENTS),,Research Analyst,"Mar 10, 2016 - Perpetual",,jainmatrix.com,
INH200002820,DBFS SECURITIES LIMITED,,Research Analyst,"Mar 31, 2016 - Perpetual",,dbfsindia.com,
INH200002978,Rocket Trades,,Research Analyst,"May 10, 2016 - Perpetual",Harshita N Birani,,
INH200003000,VALARMURUGAN S PROPRIETOR OF EQSIS CAPITAL MARKET RESEARCH,,Research Analyst,"May 13, 2016 - Perpetual",Valarmurugan Stalin,eqsis.com,
INH200003026,ACUMEN CAPITAL MARKET (INDIA) LIMITED,,Research Analyst,"May 13, 2016 - Perpetual",,acmlmail.com,
INH200003109,CAPSTOCKS AND SECURITIES (INDIA) PRIVATE LIMITED,,Research Analyst,"May 31, 2016 - Perpetual",Karthic BabuTRS,capstocks.com,
INH200003240,SUHANI ADILABADKAR,,Research Analyst,"Jul 15, 2016 - Perpetual",,,
INH200003687,Shriram Insight Share Brokers Limited,,Research Analyst,"Apr 20, 2026 - Perpetual",Sanjay Tiwari,shriraminsight.com,
INH200004648,LOGESH KUMAR S,,Research Analyst,"Mar 15, 2017 - Perpetual",LOGESH KUMAR SELVAM,,
INH200004675,AMBALAL SHARES & STOCKS PRIVATE LIMITED,,Research Analyst,"Mar 31, 2017 - Perpetual",A  RAJASEKARAN,ambalalshares.com,
INH200004693,SURYADEV BANDARI,,Research Analyst,"Apr 03, 2017 - Perpetual",SURYADEV BANDARI,,
INH200004815,Sony Joseph,,Research Analyst,"May 30, 2017 - Perpetual",Sony Joseph,,
INH200005115,P V  MURALI KRISHNA,,Research Analyst,"Aug 17, 2017 - Perpetual",PUPPALA VENKATA  KRISHNA,,
INH200005179,GOODWILL WEALTH MANAGEMENT PVT LTD,,Research Analyst,"Sep 04, 2017 - Perpetual",JAYAKUMAR A,gwcindia.in,
INH200005212,M Thara,,Research Analyst,"Sep 12, 2017 - Perpetual",THARA MATHIYALAKAN,,
INH200005656,R HARESH,,Research Analyst,"Feb 01, 2018 - Perpetual",HARESH RAJENDRAN,rharesh.com,
INH200005832,Ragavendhraperumall,,Research Analyst,"Apr 16, 2018 - Perpetual",RAGAVENDHRA PERUMALL,,
INH200006044,ZEBU SHARE AND WEALTH MANAGEMENTS PRIVATE LIMITED,,Research Analyst,"Jun 21, 2018 - Perpetual",VIJAYAKUMAR VELLAIYAN,zebuetrade.com,
INH200006309,Kareti Srinivasa Reddy,,Research Analyst,"Sep 04, 2018 - Perpetual",Kareti Reddy,,
INH200006451,BINOY JOY,,Research Analyst,"Oct 21, 2018 - Perpetual",BINOY JOY,3ccapitals.com,
INH200006530,INTEGRATED ENTERPRISES INDIA PVT. LTD,,Research Analyst,"Oct 24, 2018 - Perpetual",V PRABHA PRABHA,integratedindia.in,
INH200006576,INDBANK MERCHANT BANKING SERVICES LIMITED,,Research Analyst,"Nov 09, 2018 - Perpetual",ASHOK KUMAR  ROUTRAY,indbankonline.com,
INH200006789,BgSE Financials Limited,,Research Analyst,"Jan 23, 2019 - Perpetual",Vishal Solanki,bfsl.co.in,
INH200006895,Riskilla Software Technologies Private Limited,,Research Analyst,"Jul 30, 2025 - Jul 29, 2030",Abid Hassan,sensibull.com,
INH200006929,Vivek prashant,,Research Analyst,"Mar 15, 2019 - Perpetual",vivek prashant,,
INH200006956,JEAN PAUL V.A,,Research Analyst,"Mar 25, 2019 - Perpetual",JEAN PAUL,,
INH200007016,Rajendra Balusu Proprietor of Equidius Research,,Research Analyst,"Apr 08, 2019 - Perpetual",RAJENDRA BALUSU,,
INH200007025,Vasiraju Sundar Raja,,Research Analyst,"Apr 08, 2019 - Perpetual",Vasiraju Raja,,
INH200007061,SANTHOSH A,,Research Analyst,"Apr 12, 2019 - Perpetual",SANTHOSH A,,
INH200007140,Ronak Kumar Maloo,,Research Analyst,"May 16, 2019 - Perpetual",Ronak Maloo,,
INH200007247,IPLUS Research Analyst,,Research Analyst,"Jul 09, 2019 - Perpetual",Anil Thomas,,
INH200007256,panelil vishnu menon,,Research Analyst,"Jul 09, 2019 - Perpetual",vishnu panelil,,
INH200007326,Akshay Bothra,,Research Analyst,"Jul 25, 2019 - Perpetual",Akshay Bothra,,
INH200007335,VERTEX SECURITIES LTD,,Research Analyst,"Aug 09, 2019 - Perpetual",Treesa  Antony,vertexbroking.com,
INH200007353,ARUN,,Research Analyst,"Aug 28, 2019 - Perpetual",ARUN NACHIMUTHU,,
INH200007399,MURUGESAN CHANDRASEKARAN,,Research Analyst,"Sep 10, 2019 - Perpetual",MURUGESAN CHANDRASEKARAN,,
INH200007432,Srikanth Keshavamurthy,,Research Analyst,"Oct 15, 2019 - Perpetual",SRIKANTH KESHAVAMURTHY,,
INH200007539,Sathish Kavinchal Proprietor Aferrous Enterprises,,Research Analyst,"Feb 03, 2020 - Perpetual",Sathish Kavinchal,,
INH200007548,G Vijay Raghavan,,Research Analyst,"Feb 03, 2020 - Perpetual",G Raghavan,,
INH200007575,S Annamalai,,Research Analyst,"Mar 03, 2020 - Perpetual",Annamalai S,,
INH200007584,Raju Angadi Vishwanath,,Research Analyst,"Mar 16, 2020 - Perpetual",Raju Angadi Vishwanath,,
INH200007645,Windmill Capital Private Limited,,Research Analyst,"Jun 25, 2020 - Perpetual",Naveen KR Naveen KR,windmill.capital,
INH200007724,VIMAL K,,Research Analyst,"Aug 04, 2020 - Perpetual",VIMAL K,,
INH200007821,RAJESH RANJAN,,Research Analyst,"Oct 15, 2020 - Perpetual",RAJESH RANJAN,,
INH200008006,Sampadha,,Research Analyst,"Dec 22, 2020 - Perpetual",Mangu Narasinga Rao,sampadha.com,
INH200008024,FINNOVEST RESEARCH,,Research Analyst,"Dec 24, 2020 - Perpetual",SHANAWAZ  PASHA,,
INH200008583,INVESTORAI ANALYTICS INDIA LLP,,Research Analyst,"Aug 04, 2021 - Perpetual",RONISHA DUGGAD,investorai.in,
INH200008592,J NAVEEN,,Research Analyst,"Aug 04, 2021 - Perpetual",Jajjuri Naveen,,
INH200008608,Dhwani Patel,,Research Analyst,"Aug 06, 2021 - Perpetual",Dhwani Patel,,
INH200008644,PANKAJ SINGH,,Research Analyst,"Aug 19, 2021 - Perpetual",PANKAJ SINGH,,
INH200008653,PrimeInvestor Financial Research Private Limited,,Research Analyst,"Aug 19, 2021 - Perpetual",Vidya Bala,primeinvestor.in,
INH200008662,Groww Invest Tech Private Limited,,Research Analyst,"Aug 19, 2021 - Perpetual",Gaurav  Seth,groww.in,
INH200008705,WAY2WEALTH BROKERS PRIVATE LIMITED,,Research Analyst,"Sep 03, 2021 - Perpetual",Sandhya Vadiraj,way2wealth.com,
INH200008802,NAZARETH WEALTH PRIVATE LIMITED,,Research Analyst,"Oct 11, 2021 - Perpetual",ALBERT ANTONY,,
INH200008954,Spark PWM Private Limited,,Research Analyst,"Dec 14, 2021 - Perpetual",,,
INH200009014,Malapaka Venkata Siva Rama Krishna Durga Prasad,,Research Analyst,"Dec 29, 2021 - Perpetual",Malapaka VenkataSiva Rama Krishna Durga Prasad,,
INH200009193,AAA PROFIT ANALYTICS PRIVATE LIMITED,,Research Analyst,"Mar 10, 2022 - Perpetual",SAJEESH  KARIANGATTIL,,
INH200009218,RAJENDRA PRASAD MIKKILINENI - Proprietor of KLM INVESTING SCHOOL,,Research Analyst,"Mar 15, 2022 - Perpetual",RAJENDRA MIKKILINENI,,
INH200009351,HARIPRASAD K,,Research Analyst,"Apr 06, 2022 - Perpetual",HARIPRASAD  KIZHAKKETHARA,,
INH200009500,Deekonda Vishnuvardhan,,Research Analyst,"May 12, 2022 - Perpetual",Vishnuvardhan Deekonda,,
INH200009722,Spark Institutional Equities Private Limited,,Research Analyst,"Aug 01, 2023 - Perpetual",,,
INH200009795,VENKATA SUBRAHMANYAM GUTALA,,Research Analyst,"Jun 10, 2022 - Perpetual",SUBRAHMANYAM GUTALA,,
INH200009935,MODERN ALGOS PRIVATE LIMITED,,Research Analyst,"Jul 16, 2026 - Perpetual",Aman Baid,modernalgos.com,
INH200009944,Himanshu Dugar,,Research Analyst,"Jul 08, 2022 - Perpetual",Himanshu Dugar,stylusholdings.com,
INH200009971,Praveen Gramle- Proprietor of Ananya Research,,Research Analyst,"Jul 19, 2022 - Perpetual",Praveen Gramle,ananyaresearch.com,
INH200010001,SHARES BAZAAR PRIVATE LIMITED,,Research Analyst,"Jul 27, 2022 - Perpetual",Bhupal  Nanavath,sharesbazaar.com,
INH300000211,360 ONE Capital Market Private Limited,,Research Analyst,"Apr 13, 2026 - Perpetual",,,
INH300001474,SMIFS LIMITED,,Research Analyst,"Aug 20, 2015 - Perpetual",Tamari Chatterjee,smifs.com,
INH300002365,PEERLESS SECURITIES LTD.,,Research Analyst,"Nov 27, 2015 - Perpetual",AMARTYA RAY,peerlesssec.co.in,
INH300002902,SKP SECURITIES LIMITED,,Research Analyst,"Apr 26, 2016 - Perpetual",,skpmoneywise.com,
INH300002910,EUREKA STOCK & SHARE BROKING SERVICES LTD.,,Research Analyst,"Apr 28, 2016 - Perpetual",,eurekasecurities.com,
INH300003231,EAST INDIA SECURITIES LTD,,Research Analyst,"Jul 13, 2016 - Perpetual",,eisec.com,
INH300003306,SIMI BHAUMIK,,Research Analyst,"Jul 28, 2016 - Perpetual",,,
INH300003520,BNK SECURITIES PVT LTD,,Research Analyst,"Oct 18, 2016 - Perpetual",Ankit  Khandelwal,bnkcapital.com,
INH300004858,RAJIV GUPTA,,Research Analyst,"Jun 05, 2017 - Perpetual",RAJIV GUPTA,,
INH300005006,MADHUMITA BANERJEE,,Research Analyst,"Jul 14, 2017 - Perpetual",MADHUMITA BANERJEE,,
INH300006500,NARNOLIA FINANCIAL SERVICES LIMITED,,Research Analyst,"Oct 23, 2018 - Perpetual",RANA DEBNATH,narnolia.com,
INH300006582,ARIJIT BANERJEE,,Research Analyst,"Nov 12, 2018 - Perpetual",ARIJIT BANERJEE,,
INH300006616,Somnath Dey Proprietor of White Horse Research,,Research Analyst,"Nov 16, 2018 - Perpetual",SOMNATH DEY,,
INH300006731,SPARK SECURITIES PRIVATE LIMITED,,Research Analyst,"Jan 14, 2019 - Perpetual",SANJEEV  BUBNA,,
INH300006962,Bitupan Majumdar,,Research Analyst,"Mar 28, 2019 - Perpetual",Bitupan Majumdar,,
INH300007402,VCK SHARE AND STOCK BROKING SERVICES LIMITED,,Research Analyst,"Sep 27, 2019 - Perpetual",HEMAL KAMPANI,vckgroup.org,
INH300007411,SANTOSH KUMAR KEJRIWAL SECURITIES PVT LTD,,Research Analyst,"Oct 01, 2019 - Perpetual",VINAY KEJRIWAL,kejriwalgroup.in,
INH300007493,Stockedge Fintech Private Limited,,Research Analyst,"Jan 03, 2020 - Perpetual",Vivek Bajaj,stockedge.com,
INH300007970,EFOREQUITY,,Research Analyst,"Dec 08, 2020 - Perpetual",Nirmalya Saha,yahoo.in,
INH300008030,Susmit Mukherjee,,Research Analyst,"Dec 28, 2020 - Perpetual",Susmit Mukherjee,,
INH300008155,VIKASH BAGARIA,,Research Analyst,"Jan 28, 2021 - Perpetual",VIKASH BAGARIA,,
INH300008401,AVIJIT METE,,Research Analyst,"May 20, 2021 - Perpetual",Avijit Mete,,
INH300008438,Kaushik Dutta,,Research Analyst,"May 26, 2021 - Perpetual",Kaushik Dutta,,
INH300008465,Abhay Kumar,,Research Analyst,"Jun 07, 2021 - Perpetual",ABHAY KUMAR,,
INH300008757,SUMIT PAL PROPRIETOR OF SNS FIN SOLUTIONS,,Research Analyst,"Sep 10, 2021 - Perpetual",Sumit Pal,snsfinsolutions.com,
INH300008863,Freedom Investors Research Academy Private Limited,,Research Analyst,"Mar 14, 2026 - Mar 13, 2031",Manvi Massey,,
INH300008872,ANKIT AGARWAL,,Research Analyst,"Nov 23, 2021 - Perpetual",ANKIT AGARWAL,,
INH300008881,JRK STOCK BROKING PVT LIMITED,,Research Analyst,"Nov 24, 2021 - Perpetual",BIRENDRA JAIN,jrkgroup.in,
INH300009172,AMIT SETH,,Research Analyst,"Mar 08, 2022 - Perpetual",AMIT SETH,,
INH300009233,GOLDILOCKS PREMIUM RESEARCH PVT LTD,,Research Analyst,"Mar 16, 2022 - Perpetual",MEGHA SHAH,,
INH300009880,Rupal Saraogi,,Research Analyst,"Jun 14, 2022 - Perpetual",Rupal Saraogi,,
INH300009914,KRISHNA KUMAR PATHAK,,Research Analyst,"Jun 22, 2022 - Perpetual",KRISHNA PATHAK,,
INH300009923,Vikash Goel Proprietor Omnifin Solutions,,Research Analyst,"Jun 24, 2022 - Perpetual",Vikash Goel,omnifinsolutions.com,
INH300010026,Shree Bahubali Stock Broking Limited,,Research Analyst,"Jul 29, 2022 - Perpetual",Surendra  Jain,,
INP000000187,QUANTUM ADVISORS PVT.LTD.,,Portfolio Manager,"Feb 15, 2015 - Perpetual",Ketav Chaphekar,qasl.com,qasl.com
INP000000209,IDBI CAPITAL MARKET SERVICES LTD,,Portfolio Manager,"Apr 01, 2016 - Perpetual",Christina Fernandes,,
INP000000225,ENAM ASSET MANAGEMENT CO.PVT.LTD,,Portfolio Manager,"Jul 01, 2016 - Perpetual",RASHMIKANT SHAH,,
INP000000241,PARAG PARIKH FINANCIAL ADVISORY SERVICES LIMITED,,Portfolio Manager,"Nov 01, 2016 - Perpetual",,,
INP000000258,KOTAK SECURITIES LTD,,Portfolio Manager,"Mar 31, 2017 - Perpetual",MR. SANDEEP CHORDIA,,kotaksecurities.com
INP000000282,ANAND RATHI ADVISORS LIMITED,,Portfolio Manager,"Jul 01, 2014 - Perpetual",DEEPAK KEDIA,,anandrathipms.com
INP000000340,KHANDWALA SECURITIES LTD,,Portfolio Manager,"Sep 01, 2014 - Perpetual",MR. JAGDISH MODI,,kslindia.com
INP000000365,ALCHEMY CAPITAL MANAGEMENT PRIVATE LTD,,Portfolio Manager,"May 16, 2015 - Perpetual",Anis Bohra,alchemycapital.com,alchemycapital.com
INP000000373,ICICI PRUDENTIAL ASSET MANAGEMENT COMPANY LTD.,,Portfolio Manager,"Feb 15, 2015 - Perpetual",Rakesh Shetty,icicipruamc.com,
INP000000431,DARASHAW & COMPANY LTD,,Portfolio Manager,"Oct 16, 2015 - Perpetual",M.Bina Shah,,darashaw.com
INP000000464,FRANKLIN TEMPLETON ASSET MANAGEMENT (INDIA) PRIVATE LIMITED,,Portfolio Manager,"Nov 16, 2015 - Perpetual",SHILPA SHETTY,,franklintempletonindia.com
INP000000506,HDFC ASSET MANAGEMENT COMPANY LIMITED,,Portfolio Manager,"Feb 29, 2024 - Perpetual",Supriya Sapre,hdfcfund.com,
INP000000530,ATLAS INTEGRATED FINANCE LTD,,Portfolio Manager,"Feb 16, 2016 - Perpetual",Niesh Shah,,aifl.net
INP000000597,Aditya Birla Sun Life AMC Limited,,Portfolio Manager,"Feb 01, 2017 - Perpetual",,,
INP000000613,UNIFI CAPITAL PRIVATE LIMITED,,Portfolio Manager,"Mar 01, 2017 - Perpetual",Anu Kaimal,unificap.com,
INP000000654,AXIS SECURITIES LIMITED,,Portfolio Manager,"Jul 16, 2014 - Perpetual",Mr Jayan Nair,,axisdirect.in
INP000000670,MOTILAL OSWAL ASSET MANAGEMENT COMPANY LIMITED,,Portfolio Manager,"Sep 16, 2014 - Perpetual",,,
INP000000787,EQUITY INTELLIGENCE INDIA PVT. LTD.,,Portfolio Manager,"Mar 16, 2015 - Perpetual",MR.ABHILASH VARGHESE,,equityintelligence.com
INP000000795,THE HONGKONG AND SHANGHAI BANKING CORPOR,,Portfolio Manager,"May 01, 2015 - Perpetual",JASMINE BATLIWALLA,,hsbc.co.in
INP000000829,Shriram Financial Services Private Limited,,Portfolio Manager,"Jun 16, 2015 - Perpetual",Sandhya Sandhya,way2wealth.com,
INP000000837,KOTAK MAHINDRA ASSET MANAGEMENT COMPANY LTD,,Portfolio Manager,"Nov 16, 2015 - Perpetual",SANDEEP KAMATH,,kotakpms.com
INP000000852,SBI FUNDS MANAGEMENT LIMITED,,Portfolio Manager,"Jan 16, 2004 - Perpetual",Vinaya Datar,,sbifunds.com
INP000000860,UTI ASSET MANAGEMENT COMPANY PVT LTD,,Portfolio Manager,"Feb 01, 2016 - Perpetual",,,utiwms.com
INP000000910,BELLWETHER CAPITAL PRIVATE LIMITED,,Portfolio Manager,"Apr 01, 2016 - Perpetual",,,bellwethercapital.in
INP000000936,ZEN WEALTH MANAGEMENT SERVICES LIMITED,,Portfolio Manager,"Apr 01, 2016 - Perpetual",,,
INP000000985,BONANZA PORTFOLIO LIMITED,,Portfolio Manager,"Jun 01, 2016 - Perpetual",Mr. Manoj Kumar Goel,,
INP000000993,JEETAY INVESTMENTS PVT LTD,,Portfolio Manager,"Jul 01, 2016 - Perpetual",,,
INP000001041,KB CAPITAL MARKETS PVT. LTD.,,Portfolio Manager,"Sep 01, 2016 - Perpetual",Prashant Khandelwal,kbc.in,
INP000001058,Tata Asset Management Private Limited,,Portfolio Manager,"Sep 16, 2016 - Perpetual",Parvez Pochkhanawala,,
INP000001066,CAPSTOCKS AND SECURITIES (INDIA) PRIVATE,,Portfolio Manager,"Sep 16, 2016 - Perpetual",Amjad Hydari M,,
INP000001173,BANYAN TREE ADVISORS PRIVATE LIMITED,,Portfolio Manager,"May 31, 2017 - Perpetual",RAMANAN VENKATESWARAN,,banyantreeadvisors.com
INP000001199,CHONA FINANCIAL SERVICES LTD,,Portfolio Manager,"May 31, 2017 - Perpetual",M.MURUGANANDAM,,chona.com
INP000001215,JANAK MERCHANT SECURITIES PVT LTD,,Portfolio Manager,"Jun 01, 2017 - Perpetual",JAIDEEP JANAK MERCHANT,,
INP000001223,KARMA CAPITAL ADVISORS PVT. LTD.,,Portfolio Manager,"Jun 16, 2017 - Perpetual",Shardul Vikram  Singh,karmacapital.co.in,karmacapital.co.in
INP000001322,HSBC ASSET MANAGEMENT (INDIA) PVT. LTD.,,Portfolio Manager,"Sep 16, 2014 - Perpetual",Denny Thomas,,hsbc.co.in
INP000001389,OHM PORTFOLIO EQUI RESEARCH PVT LTD.,,Portfolio Manager,"Oct 16, 2014 - Perpetual",,,ohmgrp.com
INP000001413,MIV INVESTMENT SERVICES PVT. LTD.,,Portfolio Manager,"Oct 16, 2014 - Perpetual",Jose Boni,prodigyinvest.com,prodigyinvest.com
INP000001447,MILLENNIUM FINANCE LTD.,,Portfolio Manager,"Nov 01, 2014 - Perpetual",A V Koteshwara Rao,,
INP000001546,ANGEL ONE LIMITED,,Portfolio Manager,"Jan 16, 2015 - Perpetual",Mr. Kamlesh Gujar,,angelone.in
INP000001637,MASTER PORTFOLIO SERVICES LTD,,Portfolio Manager,"Feb 16, 2015 - Perpetual",RINKOO SAHOO,,mastertrust.co.in
INP000001660,Wealth Managers India Private Limited,,Portfolio Manager,"Dec 13, 2023 - Perpetual",Vedkumar Zirange,,
INP000001819,GUARDIAN ADVISORS PVT LTD,,Portfolio Manager,"Aug 16, 2015 - Perpetual",,,guardianadvisors.in
INP000001843,TRUST INVESTMENT ADVISORS PVT. LTD.,,Portfolio Manager,"Oct 01, 2015 - Perpetual",Aayushi Mulasi,trustgroup.in,
INP000001892,INDSEC SECURITIES AND FINANCE LTD.,,Portfolio Manager,"Dec 01, 2015 - Perpetual",Mr. DIAMOND DAND,,indsec.co.in
INP000001959,MONEYBEE SECURITIES PRIVATE LIMITED,,Portfolio Manager,"Feb 16, 2016 - Perpetual",Akshay Vora,,moneybee.in
INP000001975,DALAL & BROACHA STOCK BROKING PVT. LTD.,,Portfolio Manager,"Mar 15, 2016 - Perpetual",Chetan Mehta,,dalal-broacha.com
INP000002130,IMPETUS ARTHASUTRA PRIVATE LIMITED,,Portfolio Manager,"May 01, 2016 - Perpetual",Shubankar Das,,
INP000002163,ELIXIR EQUITIES PVT. LTD.,,Portfolio Manager,"Jun 01, 2016 - Perpetual",Dipan Mehta,,elixirequities.com
INP000002254,TRUSTLINE HOLDING PVT. LTD.,,Portfolio Manager,"Jul 19, 2016 - Perpetual",,,
INP000002338,P.C.S SECURITIES LIMITED,,Portfolio Manager,"Sep 11, 2016 - Perpetual",,,
INP000002353,RELIANCE WEALTH MANAGEMENT LIMITED,,Portfolio Manager,"Oct 16, 2016 - Perpetual",Chinmoy Das,,
INP000002361,GLOBE CAPITAL MARKET LTD.,,Portfolio Manager,"Oct 21, 2016 - Perpetual",Gautam Gupta,globecapital.com,globecapital.com
INP000002437,ALLEGRO SECURITIES PRIVATE LIMITED,,Portfolio Manager,"Dec 05, 2016 - Perpetual",Madhusudhan T R,,allegroadvisors.com
INP000002536,ASTUTE INVESTMENT MANAGEMENT PRIVATE LIMITED,,Portfolio Manager,"Feb 20, 2017 - Perpetual",Ramesh Purohit,,astuteinvestment.in
INP000002585,BARCLAYS SECURITIES (INDIA) PRIVATE LIMITED,,Portfolio Manager,"Mar 25, 2017 - Perpetual",,,barclays.in
INP000002692,SYSTEMATIX SHARES AND STOCKS (INDIA) LIMITED,,Portfolio Manager,"May 13, 2017 - Perpetual",Rakesh Kumar,,
INP000002825,DEUTSCHE INVESTMENTS INDIA PRIVATE LIMITED,,Portfolio Manager,"Jul 25, 2008 - Perpetual",Sanjiv Nagar,,db.com
INP000002940,SECURITIES INVESTMENT MANAGEMENT PRIVATE LIMITED,,Portfolio Manager,"Sep 25, 2014 - Perpetual",Nirali Shah,,simpl.co.in
INP000002965,MULTI-ACT EQUITY CONSULTANCY PVT LTD,,Portfolio Manager,"Oct 14, 2014 - Perpetual",Nidhi Wig,,multi-act.com
INP000002981,NIRMAL BANG SECURITIES PRIVATE LIMITED,,Portfolio Manager,"Oct 21, 2014 - Perpetual",Samir P Kamdar,,
INP000003203,GEOJIT FINANCIAL SERVICES LIMITED,,Portfolio Manager,"Feb 16, 2015 - Perpetual",SHELJO P M,geojit.com,
INP000003369,GIRIK WEALTH ADVISORS PRIVATE LIMITED,,Portfolio Manager,"Aug 26, 2015 - Perpetual",,,girikcap.com
INP000003419,ALFACCURATE ADVISORS PVT. LTD.,,Portfolio Manager,"Sep 22, 2015 - Perpetual",Bhushan Koli,alfaccurate.com,
INP000003468,DYNAMIC EQUITIES PRIVATE LIMITED,,Portfolio Manager,"Nov 16, 2015 - Perpetual",MS. DOLLY DHAVLE,,valuestocks.in
INP000003476,HEDGE EQUITIES LTD,,Portfolio Manager,"Nov 26, 2015 - Perpetual",SINI RALPH,,hedgeequities.com
INP000003518,NJ ASSET MANAGEMENT PRIVATE LIMITED,,Portfolio Manager,"Dec 22, 2015 - Perpetual",VARSHA SARAF,,njpms.in
INP000003526,LABURNUM CAPITAL ADVISORS PRIVATE LIMITED,,Portfolio Manager,"Dec 31, 2015 - Perpetual",Varun  Madhok,lab-cap.com,
INP000003534,AXIS ASSET MANAGEMENT COMPANY LIMITED,,Portfolio Manager,"Jan 04, 2016 - Perpetual",Darshan Kapadia,axismf.com,
INP000003542,STANDARD CHARTERED SECURITIES (INDIA) LIMITED,,Portfolio Manager,"Jan 18, 2016 - Perpetual",,,standardcharteredtrade.co.in
INP000003575,ENVISION CAPITAL SERVICES PVT.LTD.,,Portfolio Manager,"Mar 04, 2016 - Perpetual",Chetan Yadav,envisioncapital.in,
INP000003658,CONSORTIUM SECURITIES PVT. LTD.,,Portfolio Manager,"May 11, 2013 - Perpetual",PARDEEP RAJ,consortiumsecurities.com,consortiumsecurities.com
INP000003674,A. K. WEALTH MANAGEMENT PRIVATE LIMITED,,Portfolio Manager,"May 30, 2016 - Perpetual",Tejas Dawda,akgroup.co.in,akgroup.co.in
INP000003716,Baroda BNP Paribas Asset Management India Private Limited,,Portfolio Manager,"Jun 08, 2016 - Perpetual",Nisha  Sanjeev,barodabnpparibasmf.in,
INP000003724,VALUEQUEST INVESTMENT ADVISORS PVT. LTD.,,Portfolio Manager,"Jun 09, 2016 - Perpetual",HITEN  GALA,valuequest.in,
INP000003757,ADITYA BIRLA MONEY LIMITED,,Portfolio Manager,"Aug 14, 2016 - Perpetual",Ravishankar Gopalan,,
INP000003898,HARMONEY FINSERV INDIA PRIVATE LIMITED,,Portfolio Manager,"Oct 20, 2016 - Perpetual",Kannan Ramadass,,
INP000004003,REVELATION PORTFOLIO MANAGEMENT PVT. LTD.,,Portfolio Manager,"Mar 23, 2017 - Perpetual",MANISH B. SHAH,,rpmpl.in
INP000004045,R. WADIWALA SECURITIES PRIVATE LIMITED,,Portfolio Manager,"Mar 31, 2017 - Perpetual",,,rwsec.com
INP000004060,ICICI SECURITIES LIMITED,,Portfolio Manager,"Apr 25, 2017 - Perpetual",,,icicidirect.com
INP000004094,VENTURA SECURITIES LIMITED,,Portfolio Manager,"Jan 05, 2017 - Perpetual",DWARIKA PRASAD SINGH,,venturasecurities.com
INP000004128,CARE PORTFOLIO MANAGERS PRIVATE LIMITED,,Portfolio Manager,"Jun 30, 2014 - Perpetual",Arpit Shah,,carepms.com
INP000004169,NINE RIVERS CAPITAL HOLDINGS PRIVATE LIMITED,,Portfolio Manager,"Nov 15, 2014 - Perpetual",,,
INP000004185,SHADE CAPITAL PRIVATE LIMITED,,Portfolio Manager,"Jan 02, 2015 - Perpetual",Umapati,,shadecapital.in
INP000004243,BANYAN CAPITAL ADVISORS LLP,,Portfolio Manager,"Feb 08, 2015 - Perpetual",Anoop Kumar,,banyan-capital.com
INP000004268,TRUSTLINE SECURITIES LIMITED,,Portfolio Manager,"Feb 28, 2015 - Perpetual",AMIT GOEL,,trustline.in
INP000004318,SOLDIERS FIELD INVESTMENTS PRIVATE LIMITED,,Portfolio Manager,"Jun 22, 2015 - Perpetual",,,
INP000004334,GHALLA BHANSALI STOCK BROKERS PRIVATE LIMITED,,Portfolio Manager,"Jul 04, 2015 - Perpetual",SWATI RAJAPKAR,,ghallabhansali.com
INP000004359,RIGHT HORIZONS PORTFOLIO MANAGEMENT PRIVATE LIMITED,,Portfolio Manager,"Aug 06, 2015 - Perpetual",Sandeep Goyal,righthorizons.com,
INP000004409,MOTILAL OSWAL WEALTH LIMITED,,Portfolio Manager,"Nov 29, 2015 - Perpetual",parag telang,,motilaloswalpwm.com
INP000004417,AEQUITAS INVESTMENT CONSULTANCY PRIVATE LIMITED,,Portfolio Manager,"Dec 26, 2015 - Perpetual",Neerav Shah,aequitasindia.in,
INP000004433,PHILLIPCAPITAL (INDIA) PRIVATE LIMITED,,Portfolio Manager,"Jan 29, 2016 - Perpetual",Sandeep Gupta,,phillipcapital.in
INP000004441,PRITHVI FINMART PRIVATE LIMITED,,Portfolio Manager,"Mar 28, 2016 - Perpetual",,,
INP000004458,EMKAY INVESTMENT MANAGERS LIMITED,,Portfolio Manager,"Mar 16, 2015 - Perpetual",Arvind Tankkar,emkayglobal.com,
INP000004466,TVS Capital Funds Private Limited,,Portfolio Manager,"Jan 27, 2026 - Perpetual",S Ravi Krishnan,tvscapital.in,
INP000004474,FIVE RIVERS PORTFOLIO MANAGERS PRIVATE LIMITED,,Portfolio Manager,"Jun 28, 2016 - Perpetual",Anita Chopra,,
INP000004482,MOAT FINANCIAL SERVICES PRIVATE LIMITED,,Portfolio Manager,"Sep 05, 2016 - Perpetual",FAZALUL HAQUE A S,moatindia.com,
INP000004490,TAURUS TREASURY MANAGEMENT SERVICES PRIVATE LIMITED,,Portfolio Manager,"Sep 11, 2016 - Perpetual",Mrs. Deepali Vaidya,,
INP000004524,KARVY CAPITAL LIMITED,,Portfolio Manager,"Jun 10, 2017 - Perpetual",Mr. Rakesh Asawa,,karvycapital.co.in
INP000004540,KUNVARJI FINSTOCK PRIVATE LIMITED,,Portfolio Manager,"Aug 21, 2014 - Perpetual",HIMANJAL BRAHMBHATT,,kunvarjiwealth.com
INP000004565,360 ONE Asset Management Limited,,Portfolio Manager,"Sep 25, 2014 - Perpetual",Chinmayi Wagle,360.one,360.one
INP000004581,VAL-Q INVESTMENT ADVISORY PRIVATE LIMITED,,Portfolio Manager,"Dec 05, 2014 - Perpetual",Yesha Shah,,
INP000004599,AAROHAN HOLDINGS AND ADVISORS PRIVATE LIMITED,,Portfolio Manager,"Dec 17, 2014 - Perpetual",PRABIR CHATTERJEE,aarohanfinance.com,aarohanfinance.com
INP000004615,SIRIUS ADVISORS PRIVATE LIMITED,,Portfolio Manager,"Jan 06, 2015 - Perpetual",Chirag Y Shah,,siriusadvisors.in
INP000004623,SMIFS LIMITED,,Portfolio Manager,"Jan 14, 2015 - Perpetual",Mr. Sudipto Datta,,smifs.com
INP000004631,EDELWEISS ASSET MANAGEMENT LIMITED,,Portfolio Manager,"Jan 20, 2015 - Perpetual",Radhika Gupta,,
INP000004656,TRIVANTAGE CAPITAL MANAGMENT INDIA PRIVATE LIMITED,,Portfolio Manager,"Jan 29, 2015 - Perpetual",Shridhar Iyer,,trivantagecapital.com
INP000004680,ASIAN MARKETS SECURITIES PRIVATE LIMITED,,Portfolio Manager,"Apr 21, 2015 - Perpetual",Chetan Karia,,amsec.in
INP000004730,A C CHOKSI SHARE BROKERS PRIVATE LIMITED,,Portfolio Manager,"Jul 07, 2015 - Perpetual",ASHVIN C CHOKSI,,
INP000004748,SHEPHERDS HILL FINANCIAL ADVISORS LLP,,Portfolio Manager,"Jul 07, 2015 - Perpetual",,,shepherdshill.in
INP000004771,ALDER CAPITAL ADVISORS LLP,,Portfolio Manager,"Aug 25, 2015 - Perpetual",Hemant Bhaskar Patel,,aldercapital.in
INP000004813,INFINITY ALTERNATIVES INVESTMENT MANAGERS PRIVATE LIMITED,,Portfolio Manager,"Sep 18, 2015 - Perpetual",Manu Pande,,infinityalternatives.com
INP000004847,SAMVITTI CAPITAL PRIVATE LIMITED,,Portfolio Manager,"Sep 24, 2015 - Perpetual",Nithesh Bhat,samvitticapital.com,
INP000004854,ACEPRO ADVISORS PRIVATE LIMITED,,Portfolio Manager,"Sep 30, 2015 - Perpetual",Heth Patel,acepro.in,acepro.in
INP000004870,DGS CAPITAL MANAGEMENT PRIVATE LIMITED,,Portfolio Manager,"Oct 05, 2015 - Perpetual",,,
INP000004888,Oaks Asset Management Private Limited,,Portfolio Manager,"Oct 06, 2015 - Perpetual",SANDEEP SOMANI,,oaksamc.com
INP000004904,ABCHLOR INVESTMENTS PRIVATE LIMITED,,Portfolio Manager,"Nov 10, 2015 - Perpetual",HIMANSHU PERIWAL,abchlor.com,investonline.in
INP000004920,MO Alternate Investment Advisors Private Limited,,Portfolio Manager,"Nov 17, 2015 - Perpetual",Naveen Gupta,motilaloswal.com,
INP000004946,BASANT MAHESHWARI WEALTH ADVISERS LLP,,Portfolio Manager,"Nov 24, 2015 - Perpetual",Shalu Mehra,,theequitydesk.com
INP000004953,M/S JHP SECURITIES PRIVATE LIMITED,,Portfolio Manager,"Dec 01, 2015 - Perpetual",Shubhangi Balkrishna Nevase,,jhpsecurities.com
INP000004961,SOLIDARITY ADVISORS PRIVATE LIMITED,,Portfolio Manager,"Dec 17, 2015 - Perpetual",Naarah Pereira,solidarity.in,
INP000004979,JAIN INVESTMENT ADVISORS PVT. LTD,,Portfolio Manager,"Jan 05, 2016 - Perpetual",HUSEAIN KAIZER BHARUCHWALA,,jaininvestmentadvisors.com
INP000004987,KOTAK ALTERNATE ASSET MANAGERS LIMITED,,Portfolio Manager,"Jan 20, 2016 - Perpetual",,,
INP000004995,SAMEEKSHA CAPITAL PRIVATE LIMITED,,Portfolio Manager,"Jan 22, 2016 - Perpetual",Shwetna  Jain,sameeksha.capital,
INP000005000,BUOYANT CAPITAL PRIVATE LIMITED,,Portfolio Manager,"Feb 01, 2016 - Perpetual",Mayuri Jangid,buoyantcap.com,buoyantcap.com
INP000005042,QUANT PORTFOLIO MANAGERS PRIVATE LIMITED,,Portfolio Manager,"Mar 29, 2016 - Perpetual",Rashmikant Talati,,quant.in
INP000005059,AMBIT INVESTMENT ADVISORS PRIVATE LIMITED,,Portfolio Manager,"Apr 07, 2016 - Perpetual",Meghana Kashte,ambit.co,
INP000005067,SANCTUM WEALTH PRIVATE LIMITED,,Portfolio Manager,"Apr 12, 2016 - Perpetual",Mr Neeraj Sirur,,
INP000005075,QED CAPITAL ADVISORS LLP,,Portfolio Manager,"Apr 13, 2016 - Perpetual",Benny Gupta,,
INP000005117,MARFATIA STOCK BROKING PRIVATE LIMITED,,Portfolio Manager,"Sep 04, 2024 - Perpetual",RAHUL MEHTA,marfatia.net,marfatia.net
INP000005125,VALENTIS ADVISORS PRIVATE LIMITED,,Portfolio Manager,"May 30, 2016 - Perpetual",Ashish Shah,valentisadvisors.com,valentisadvisors.com
INP000005133,TCG ADVISORY SERVICES PRIVATE LIMITED,,Portfolio Manager,"May 31, 2016 - Perpetual",,,
INP000005166,SCIENT CAPITAL PRIVATE LIMITED,,Portfolio Manager,"Jun 09, 2016 - Perpetual",,,
INP000005174,OLD BRIDGE CAPITAL MANAGEMENT PVT. LTD.,,Portfolio Manager,"Jun 22, 2016 - Perpetual",,,
INP000005190,2POINT2 CAPITAL ADVISORS LLP,,Portfolio Manager,"Jun 30, 2016 - Perpetual",Arvind Kumar  Patwa,2point2capital.com,
INP000005208,BAY CAPITAL INVESTMENT ADVISORS PRIVATE LIMITED,,Portfolio Manager,"Aug 03, 2016 - Perpetual",,,
INP000005240,WEALTHBRIDGE CAPITAL ADVISORS PRIVATE LIMITED,,Portfolio Manager,"Sep 26, 2016 - Perpetual",,,wealthbridge.in
INP000005257,AVENDUS WEALTH MANAGEMENT PRIVATE LTD,,Portfolio Manager,"Apr 23, 2016 - Perpetual",Palak Furia,avendus.com,avendus.com
INP000005265,EKLAVYA CAPITAL ADVISORS LLP,,Portfolio Manager,"Nov 01, 2016 - Perpetual",,,eklavyacap.in
INP000005273,Invesco Asset Management India Private Limited,,Portfolio Manager,"May 25, 2026 - Perpetual",Deenal Dhulia,invesco.com,
INP000005281,VARANIUM CAPITAL ADVISORS PRIVATE LIMITED,,Portfolio Manager,"Dec 08, 2016 - Perpetual",,,
INP000005299,LKP SECURITIES LTD,,Portfolio Manager,"Dec 15, 2016 - Perpetual",,,lkpsec.com
INP000005323,NEW BERRY CAPITALS PVT. LTD.,,Portfolio Manager,"Feb 20, 2017 - Perpetual",SANGEET LAKKAR,newberry.in,newberry.in
INP000005331,SAVVY CAPITAL ADVISORS LLP,,Portfolio Manager,"Feb 22, 2017 - Perpetual",,,savvycapital.in
INP000005349,ADROIT FINANCIAL SERVICES PRIVATE LIMITED,,Portfolio Manager,"Feb 28, 2017 - Perpetual",,,adroitfinancial.com
INP000005372,ESCORP ASSET MANAGEMENT LIMITED,,Portfolio Manager,"Apr 06, 2017 - Perpetual",,,
INP000005380,CLUBMILLIONAIRE FINANCIAL SERVICES PRIVATE LIMITED,,Portfolio Manager,"Apr 13, 2017 - Perpetual",PREETHYMOL V,clubmillionaire.in,
INP000005398,SEERS FUND MANAGEMENT PRIVATE LIMITED,,Portfolio Manager,"Apr 17, 2017 - Perpetual",JITENDER SHARMA,seth.co.in,
INP000005414,NEGEN CAPITAL SERVICES PRIVATE LIMITED,,Portfolio Manager,"Apr 26, 2017 - Perpetual",Yogen Lavari,negencapital.com,negenpms.com
INP000005422,PATERSON SECURITIES PRIVATE LTD,,Portfolio Manager,"May 04, 2017 - Perpetual",,,paterson.co.in
INP000005430,Buglerock Capital Private Limited,,Portfolio Manager,"Oct 09, 2024 - Perpetual",Bharat Sharda,buglerock.asia,
INP000005455,RENAISSANCE INVESTMENT MANAGERS PRIVATE LIMITED,,Portfolio Manager,"May 30, 2017 - Perpetual",Ninad Lendhe,renaissanceinvest.in,
INP000005713,ASK Property Investment Advisors Private Limited,,Portfolio Manager,"Jul 03, 2017 - Perpetual",Rohit  Bhase,askinvestmentadvisors.com,
INP000005722,Marathon Trends Advisory Private Limited,,Portfolio Manager,"Jul 07, 2017 - Perpetual",Atul Suri,,marathontrends.com
INP000005740,EUREKA PORTFOLIO MANAGEMENT SERVICES PVT LTD,,Portfolio Manager,"Jul 19, 2017 - Perpetual",VIVEK KHATOR,eurekasec.com,eurekasec.com
INP000005759,SILVERARCH INVESTMENT ADVISERS PRIVATE LIMITED,,Portfolio Manager,"Jul 19, 2017 - Perpetual",Sanjay Nambiar,silverarchinvest.com,
INP000005777,Equitree Capital Advisors Private Limited,,Portfolio Manager,"Jul 28, 2017 - Perpetual",Suneet Kabra,equitreecapital.com,equitreecapital.com
INP000005786,Sharekhan Limited,,Portfolio Manager,"Jun 12, 2025 - Perpetual",Joby Meledan,sharekhan.com,
INP000005795,SYKES & RAY EQUITIES INDIA LIMITED,,Portfolio Manager,"Aug 11, 2017 - Perpetual",Sidhant Prabhu,sre.co.in,
INP000005801,Asit C Mehta Investment Interrmediates Limited,,Portfolio Manager,"May 29, 2024 - Perpetual",Ankit Jain,acm.co.in,
INP000005810,Avestha Fund Management LLP,,Portfolio Manager,"Aug 22, 2017 - Perpetual",Chaitanya Kamdar,,avestha.com
INP000005829,Green Lantern Capital LLP,,Portfolio Manager,"Sep 07, 2017 - Perpetual",Pooja Doshi,glcapital.in,
INP000005838,TULSIAN PMS LIMITED,,Portfolio Manager,"Sep 26, 2017 - Perpetual",VINOD AMERIA,tulsianpms.com,
INP000005847,Capitalmind Financial Services Private Limited,,Portfolio Manager,"Sep 27, 2017 - Perpetual",Aditi Dalmia,capitalmind.in,
INP000005874,360 ONE PORTFOLIO MANAGERS LIMITED,,Portfolio Manager,"Nov 28, 2017 - Perpetual",Purva Joshi,iiflw.com,360.one
INP000005883,Pioneer Wealth Management Services Limited,,Portfolio Manager,"Dec 26, 2017 - Perpetual",SAJID BIJNORI,,
INP000005892,QRC Investment Advisors LLP,,Portfolio Manager,"Feb 27, 2024 - Perpetual",Aparna Iyer,qrcia.in,
INP000005944,DMZ Partners Investment Management LLP,,Portfolio Manager,"Feb 23, 2018 - Perpetual",Mitesh Shah,dmzpartners.in,dmzpartners.in
INP000006022,GREEN PORTFOLIO PRIVATE LIMITED,,Portfolio Manager,"Jun 11, 2018 - Perpetual",Tamana Mahnot,greenportfolio.co,
INP000006031,Fort Capital Investment Advisory Private Limited,,Portfolio Manager,"Jun 13, 2018 - Perpetual",NIDHI KAJI,fortcapital.in,
INP000006040,Chanakya Capital Services Private Limited,,Portfolio Manager,"Jun 25, 2018 - Perpetual",Vivek Jain,chanakyacapital.in,
INP000006059,Monarch Networth Capital Limited,,Portfolio Manager,"Jul 11, 2018 - Perpetual",Diksha Jha,mnclgroup.com,
INP000006068,T.RAM FINANCIAL SERVICES PRIVATE LIMITED,,Portfolio Manager,"Jul 16, 2018 - Perpetual",VEDALAKSHMI PARAMESWARAN,tramfsl.com,tramfsl.com
INP000006077,Agreya Capital Advisors LLP,,Portfolio Manager,"Jul 18, 2018 - Perpetual",KRISHNAN V,agreyacapital.com,
INP000006086,MICROSEC WEALTH MANAGEMENT LIMITED,,Portfolio Manager,"Jul 23, 2018 - Perpetual",RAHUL SINGH,microsec.in,
INP000006101,AMPL Asset Management Private Limited,,Portfolio Manager,"Dec 18, 2023 - Perpetual",Preeti Sethi,credentglobal.com,
INP000006129,STALLION ASSET PRIVATE LIMITED,,Portfolio Manager,"Aug 31, 2018 - Perpetual",Rohit Jeswani,stallionasset.com,
INP000006138,JOINDRE CAPITAL SERVICES LIMITED,,Portfolio Manager,"Sep 27, 2018 - Perpetual",Ayodhyaprasad Shukla,joindre.com,joindrepms.com
INP000006147,CapGrow Capital Advisors LLP,,Portfolio Manager,"Oct 05, 2018 - Perpetual",Ruchi Malhotra,capgrowcapital.com,
INP000006165,Sky Impact Capital Advisors LLP,,Portfolio Manager,"Oct 17, 2018 - Perpetual",Mahesh Devadiga,sfglobal.sg,skyimpact.com
INP000006174,Avendus Investment Managers Private Limited,,Portfolio Manager,"Oct 22, 2018 - Perpetual",,,
INP000006183,Marcellus Investment Managers Private Limited,,Portfolio Manager,"Oct 22, 2018 - Perpetual",,,marcellus.in
INP000006192,Wallfort Fund Management LLP,,Portfolio Manager,"Oct 23, 2018 - Perpetual",Chirag Jain,wallfortpms.com,
INP000006235,Spark Asia Impact Managers Private Limited,,Portfolio Manager,"Nov 14, 2018 - Perpetual",Amrita Pillai,sparkcapital.in,sparkfund.in
INP000006253,MRG INVESTMENT PARTNERS PRIVATE LIMITED,,Portfolio Manager,"Nov 16, 2018 - Perpetual",KEERTHANA SAKALA,,mrgcapital.in
INP000006271,Sundaram Alternate Assets Limited,,Portfolio Manager,"Nov 29, 2018 - Perpetual",K Rajagopal,sundaramalternates.com,
INP000006280,Klay Securities Private Limited,,Portfolio Manager,"Nov 29, 2018 - Perpetual",Niren Vora,klaygroup.com,klaygroup.com
INP000006299,KSEMA WEALTH PVT LTD,,Portfolio Manager,"Nov 30, 2018 - Perpetual",Swetha Kumar,,ksemawealth.com
INP000006314,Entrust Family Office Investment Advisors Private Limited,,Portfolio Manager,"Dec 11, 2018 - Perpetual",Pradeep A N,entrust.co.in,
INP000006323,CONCEPT INVESTWELL PRIVATE LIMITED,,Portfolio Manager,"Dec 13, 2018 - Perpetual",NIRAV DESAI,conceptinvestwell.com,
INP000006332,WEALTH FIRST PORTFOLIO MANAGERS LIMITED,,Portfolio Manager,"Dec 21, 2018 - Perpetual",NIKHIL JAIN,wealthfirst.biz,wealth-firstonline.com
INP000006341,Itus Capital Advisors Pvt Ltd,,Portfolio Manager,"Dec 21, 2018 - Perpetual",Nandakumar B,ituscapital.com,ituscapital.com
INP000006350,ACHINTYA SECURITIES LIMITED,,Portfolio Manager,"Jan 16, 2019 - Perpetual",SUYASH BANSAL,achintya.co.in,
INP000006387,CARNELIAN ASSET MANAGEMENT & ADVISORS PRIVATE LIMITED,,Portfolio Manager,"Feb 22, 2019 - Perpetual",Chirag Chad,carneliancapital.co.in,
INP000006396,COMPOSITE INVESTMENTS PRIVATE LIMITED,,Portfolio Manager,"Feb 23, 2019 - Perpetual",PRAKASH NAYAK BADAGABETTU,compositeinvestments.com,
INP000006402,ITI Alternate Funds Management Limited,,Portfolio Manager,"Feb 27, 2019 - Perpetual",Komal Rathod,itiorg.com,
INP000006411,BHANA EQUITY ADVISORS LLP,,Portfolio Manager,"Feb 28, 2019 - Perpetual",Himanshu Bhana,beallp.com,beallp.in
INP000006420,NARNOLIA  FINANCIAL SERVICES LTD,,Portfolio Manager,"Mar 06, 2019 - May 05, 2026",,,
INP000006439,Hanut Alternate Investments LLP,,Portfolio Manager,"Mar 12, 2019 - Perpetual",Varun Sahay,hanutcapital.com,
INP000006448,ithought Financial consulting LLP,,Portfolio Manager,"Mar 13, 2019 - Perpetual",SARAVANAKUMAR VELUCHAMY,ithought.co.in,ithought.co.in
INP000006457,Abakkus Asset Manager Private Limited,,Portfolio Manager,"Mar 14, 2019 - Perpetual",,,
INP000006484,ABANS BROKING SERVICES PRIVATE LIMITED,,Portfolio Manager,"Mar 27, 2019 - Perpetual",,,
INP000006509,SKP SECURITIES LIMITED,,Portfolio Manager,"Mar 27, 2019 - Perpetual",GAURAV AGARWAL,skpsecurities.com,
INP000006518,ALPHA ALTERNATIVES FUND ADVISORS LLP,,Portfolio Manager,"Mar 29, 2019 - Perpetual",,,
INP000006527,BADJATE WEALTH PRIVATE LIMITED,,Portfolio Manager,"Feb 05, 2025 - Perpetual",TUSHAR BADJATE,badjategroup.com,
INP000006536,"M/S.ASTEYA INVESTMENT MANAGERS LLP,",,Portfolio Manager,"Apr 01, 2019 - Perpetual",Poonam Rawal,asteyaglobal.com,
INP000006545,Kriis Portfolio Pvt. Ltd.,,Portfolio Manager,"Apr 03, 2019 - Perpetual",Mansi Nagda,kriis.in,kriis.in
INP000006554,COUNTER CYCLICAL INVESTMENTS PRIVATE LIMITED,,Portfolio Manager,"Apr 04, 2019 - Perpetual",Sumit  Panwar,cciplpms.com,cciplpms.com
INP000006563,Guardian Asset Management Private Limited,,Portfolio Manager,"Apr 04, 2019 - Perpetual",Prayaga Sitaram,gampms.in,
INP000006590,Kedia Shares & Stocks Brokers Ltd,,Portfolio Manager,"Apr 04, 2019 - Perpetual",Rakesh Agrawal,kediashares.com,kediashares.com
INP000006615,Atman Capital Management Private Limited,,Portfolio Manager,"Apr 05, 2019 - Perpetual",Shreyas Attavar,,
INP000006624,OAKLANE CAPITAL MANAGEMENT LLP,,Portfolio Manager,"Apr 05, 2019 - Perpetual",Swapnil Walimbe,oaklanecapital.com,
INP000006633,COMPOUND EVERYDAY CAPITAL MANAGEMENT LLP,,Portfolio Manager,"Apr 11, 2019 - Perpetual",Arpit Parmar,cedcapital.in,
INP000006697,First Global Finance Pvt Ltd,,Portfolio Manager,"Apr 23, 2019 - Perpetual",Mahima Vyas,firstglobal.in,
INP000006703,SMC Global Securities Limited,,Portfolio Manager,"Apr 26, 2019 - Perpetual",Vikas Sethi,smcindiaonline.com,
INP000006730,Mittal Analytics Private Limited,,Portfolio Manager,"May 07, 2019 - Perpetual",Yagya Kalra,mittalanalytics.com,
INP000006749,Piper Serica Advisors Private Limited,,Portfolio Manager,"May 08, 2019 - Perpetual",Ajaykumar  Modi,piperserica.com,
INP000006758,TURTLE WEALTH MANAGEMENT PVT. LTD.,,Portfolio Manager,"May 08, 2019 - Perpetual",Vibhati Arya,turtlewealth.in,turtlewealth.in
INP000006767,lakewater advisors private limited,,Portfolio Manager,"May 11, 2019 - Perpetual",priyanka Sancheti,,
INP000006785,JAINAM BROKING LIMITED,,Portfolio Manager,"Jun 27, 2019 - Perpetual",Vidhi  Parikh,jainam.in,
INP000006794,Hem Securities Limited,,Portfolio Manager,"Jun 27, 2019 - Perpetual",Rohit Sharma,hemsecurities.com,
INP000006800,Altlnvest Capital Advisors Private Limited,,Portfolio Manager,"Jun 28, 2019 - Perpetual",Hashim Khan,propsharecapital.com,
INP000006846,Merisis Advisors Private Limited,,Portfolio Manager,"Jul 24, 2019 - Perpetual",Sumir Verma,merisis.in,
INP000006855,UNIQUE ASSET MANAGEMENT LLP,,Portfolio Manager,"Aug 05, 2019 - Perpetual",Nirali Gopani,,
INP000006873,Moneylife Advisory Services Pvt Ltd,,Portfolio Manager,"Sep 09, 2019 - Perpetual",Pankaj Raheja,moneylife.in,
INP000006891,Pelican Holdings Private Limited,,Portfolio Manager,"Oct 16, 2019 - Perpetual",DEEPAK RADHAKRISHNAN,pelicanpms.com,pelicanpms.com
INP000006907,INVASSET LLP,,Portfolio Manager,"Oct 25, 2019 - Perpetual",PARVESH  KUMAR,invasset.com,invasset.com
INP000006916,Helios Capital Asset Management (India) Private Limited,,Portfolio Manager,"Oct 30, 2019 - Perpetual",Abhinav  Khemani,helioscapital.in,
INP000006925,WILLOW ADVISORS LLP,,Portfolio Manager,"Nov 18, 2019 - Perpetual",Vaibhavi Gala,willowadvisors.in,willowadvisors.in
INP000006934,Awriga Capital Advisors LLP,,Portfolio Manager,"Nov 19, 2019 - Perpetual",Deepak Bangera,,awriga.com
INP000006943,Sageone Investment Managers LLP,,Portfolio Manager,"Nov 22, 2019 - Perpetual",Anurag Bende,sageoneinvestments.com,
INP000006952,PGIM India Asset Management Private Limited,,Portfolio Manager,"Dec 12, 2019 - Perpetual",Sandeep Kamath,pgimindia.com,
INP000006970,White Whale Partners LLP,,Portfolio Manager,"Jan 14, 2020 - Perpetual",Shapath Parikh,whitewhale.in,whitewhale.in
INP000006989,NAFA ASSET MANAGERS PRIVATE LIMITED,,Portfolio Manager,"Jan 20, 2020 - Perpetual",Deepali More,nafaassetmanagers.com,
INP000006998,PACE FINANCIAL INVESTMENT ADVISER PRIVATE LIMITED,,Portfolio Manager,"Jul 03, 2020 - Perpetual",Shahnawaz Hussain,pace360.in,pace360.in
INP000007012,Julius Baer Wealth Advisors India Private Limited,,Portfolio Manager,"Jul 14, 2020 - Perpetual",Purva Joshi,juliusbaer.com,
INP000007021,Purnartha Investment Advisers Pvt.Ltd.,,Portfolio Manager,"Jul 23, 2020 - Perpetual",AMOL DEO,,purnartha.com
INP000007030,ROHA ASSET MANAGERS LLP,,Portfolio Manager,"Jul 29, 2020 - Perpetual",RONAK MEHTA,rohaassetmanagers.com,
INP000007049,Prosperity Wealth Management Private Limited,,Portfolio Manager,"Sep 10, 2020 - Perpetual",BHAGABATA NAYAK,pwm-india.com,
INP000007058,East Lane Capital LLP,,Portfolio Manager,"Sep 10, 2020 - Perpetual",Atul Vaid,,
INP000007076,EQUIRUS WEALTH PRIVATE LIMITED,,Portfolio Manager,"Oct 06, 2020 - Perpetual",JINESHA MEHTA,equirus.com,
INP000007085,Nippon Life India Asset Management Limited,,Portfolio Manager,"Oct 06, 2020 - Perpetual",Muneesh  Sud,nipponindiaim.com,
INP000007100,NNM Securities Private Limited,,Portfolio Manager,"Nov 25, 2020 - Perpetual",Piyush  Dwivedi,,nnmsecurities.com
INP000007119,BRAIN POINT Investment Centre Pvt Ltd,,Portfolio Manager,"Dec 16, 2020 - Perpetual",VANDANA KASHIKAR,brainpointinv.com,brainpointinv.com
INP000007128,Incred Capital Wealth Portfolio Managers Private Limited,,Portfolio Manager,"Dec 31, 2020 - Perpetual",Preeti Lalwani,incred.com,
INP000007146,Fractal Capital Investments LLP,,Portfolio Manager,"Jan 12, 2021 - Perpetual",MEET DAND,fractalcapital.in,fractalcapital.in
INP000007155,Magadh Capital Advisors LLP,,Portfolio Manager,"Feb 15, 2021 - Perpetual",RAJESH SAHU,magadhcapital.com,
INP000007164,CKREDENCE WEALTH MANAGEMENT PRIVATE LIMITED,,Portfolio Manager,"Feb 26, 2021 - Perpetual",PRAKASHKUMAR MAVANI,ckredencewealth.com,ckredencewealth.com
INP000007173,Profusion Investment Advisors LLP,,Portfolio Manager,"Mar 01, 2021 - Perpetual",Archana Gaglani,profusioncapital.com,profusioninvestmentadvisors.in
INP000007207,NUVAMA ASSET MANAGEMENT LIMITED,,Portfolio Manager,"May 04, 2021 - Perpetual",Pinky Dutta,nuvama.com,
INP000007216,Molecule Ventures LLP,,Portfolio Manager,"May 31, 2021 - Perpetual",Anchal Goenka,moleculeventures.in,
INP000007225,Arthya Wealth and Investments Pvt Ltd,,Portfolio Manager,"Jun 09, 2021 - Perpetual",Nasreen Qureshi,arthyawealth.com,
INP000007298,PRUDENT INVESTMENT MANAGERS LLP,,Portfolio Manager,"Nov 16, 2021 - Perpetual",KAJAL SETH,prudentim.com,prudentim.com
INP000007304,STOCKHOLDING SERVICES LIMITED,,Portfolio Manager,"Nov 16, 2021 - Perpetual",Rajneesh Singh,stockholding.com,
INP000007313,Maximal Capital Private Limited,,Portfolio Manager,"Jan 21, 2022 - Perpetual",Chinar Sheth,maximalcapital.com,maximalcapital.com
INP000007331,White Pine Investment Management Private Limited,,Portfolio Manager,"Feb 07, 2022 - Perpetual",Keshav Karwa,whitepineim.com,whitepineim.in
INP000007377,DEZERV INVESTMENTS PRIVATE LIMITED,,Portfolio Manager,"Mar 24, 2022 - Perpetual",Kavita Khatri,dezerv.in,
INP000007386,Sahasrar Capital Private Limited,,Portfolio Manager,"Mar 29, 2022 - Perpetual",Mayur Patwa,sahasrarcapital.com,sahasrarcapital.com
INP000007395,InvestSavvy Portfolio Management LLP,,Portfolio Manager,"Mar 29, 2022 - Perpetual",Anurag Goel,invsetsavvy.in,investsavvy.in
INP000007401,AlphaGrep Investment Management Private Limited,,Portfolio Manager,"Apr 16, 2025 - Perpetual",Ankit  Parikh,alphagrepim.com,
INP000007410,INCRED ASSET MANAGEMENT PRIVATE LIMITED,,Portfolio Manager,"May 02, 2022 - Perpetual",Dhawal Mehta,incredamc.com,
INP000007429,Multiples Alternate Asset Management Private Limited,,Portfolio Manager,"May 10, 2022 - Perpetual",Shweta  Laddha,multiplesequity.com,multiplesequity.com
INP000007456,RP-SG Ventures Advisory LLP,,Portfolio Manager,"Jul 21, 2022 - Perpetual",Abhishek Goenka,rpsgcapital.vc,
INP000007465,Ambit Wealth Private Limited,,Portfolio Manager,"Oct 11, 2024 - Perpetual",Shailesh Adukia,ambit.co,
INP000007474,Singularity AMC LLP,,Portfolio Manager,"Jul 25, 2022 - Perpetual",Yash Kela,skothari.com,
INP000007483,XPONENTIA CAPITAL PARTNERS LLP,,Portfolio Manager,"Jul 29, 2022 - Perpetual",Varuna Agarwal,xponentia.in,
INP000007508,Orios Advisors LLP,,Portfolio Manager,"Jul 30, 2024 - Perpetual",Alok Jain,oriosvp.com,
INP000007517,HPMG Shares and Securities Private Limited,,Portfolio Manager,"Aug 10, 2022 - Perpetual",Abhijeet Hegishte,hpmgshares.com,
INP000007526,UTI Alternatives Private Limited,,Portfolio Manager,"Aug 10, 2022 - Perpetual",Ayushi Mittal,uti.co.in,
INP000007535,Centrum Investment Advisors Limited,,Portfolio Manager,"Sep 06, 2022 - Perpetual",Hiral Shah,centrum.co.in,
INP000007544,Electrum Portfolio Managers Private Limited,,Portfolio Manager,"Sep 08, 2022 - Perpetual",Rakesh Garg,electrumcapital.in,electrumcapital.in
INP000007553,BLACKSOIL ASSET MANAGEMENT PRIVATE LIMITED,,Portfolio Manager,"Sep 16, 2022 - Perpetual",ISHAN PATEL,blacksoil.co.in,
INP000007599,Valcreate Investment Managers LLP,,Portfolio Manager,"Oct 28, 2022 - Perpetual",Deepak Jayakumar,,valcreate.com
INP000007605,MANSI SHARE & STOCK BROKING PRIVATE LIMITED,,Portfolio Manager,"Nov 07, 2022 - Perpetual",Mithilesh Mehta,mansishares.in,
INP000007614,Ayan Analytics Private Limited,,Portfolio Manager,"Nov 07, 2022 - Perpetual",Girish Lad,,
INP000007632,Investcorp India Asset Managers Private Limited,,Portfolio Manager,"Nov 15, 2022 - Perpetual",Sapna Kannaidas,investcorp.com,
INP000007641,Neo Alternative Asset Managers Private Limited,,Portfolio Manager,"Nov 24, 2022 - Perpetual",Ankit Saraf,neoassetmanagement.com,
INP000007650,Vallum Capital Advisors Private Limited,,Portfolio Manager,"Nov 30, 2022 - Perpetual",Rajesh Bhatt,vallum.in,
INP000007720,Estee Advisors Private Limited,,Portfolio Manager,"Dec 27, 2022 - Perpetual",Umesh Kumar,esteeadvisors.com,esteeadvisors.com
INP000007748,True North Credit Fund Managers LLP,,Portfolio Manager,"Dec 30, 2022 - Perpetual",SUSHIM DESAI,truenorth.co.in,truenorth.co.in
INP000007757,Stalwart Investment Advisors LLP,,Portfolio Manager,"Jan 04, 2023 - Perpetual",Isha Sharma,stalwartvalue.com,stalwartvalue.com
INP000007766,WhiteOak Capital Asset Management Limited,,Portfolio Manager,"Jan 13, 2023 - Perpetual",Prannav Shah,whiteoakinvestors.com,
INP000007775,Ladderup Asset Managers Private Limited,,Portfolio Manager,"Jan 17, 2023 - Perpetual",Mamta Kavoor,ladderup.com,
INP000007793,Epiq Capital Investment Advisory LLP,,Portfolio Manager,"Jan 18, 2023 - Perpetual",Kamlesh Patre,epiqcapital.com,
INP000007818,Waterfield Financial and Investment Advisors Private Limited,,Portfolio Manager,"Feb 14, 2023 - Perpetual",Shilpa Dadhich,waterfieldadvisors.com,
INP000007827,ASK Wealth Advisors Private Limited,,Portfolio Manager,"Feb 14, 2023 - Perpetual",Vikshit Shah,askwealthadvisors.com,
INP000007872,Zeva Capsol Private Limited,,Portfolio Manager,"Mar 10, 2023 - Perpetual",Anil  Gudibande,1crowd.co,1crowd.co
INP000007881,MAXIOM ASSET MANAGEMENT PRIVATE LIMITED,,Portfolio Manager,"Mar 13, 2023 - Perpetual",Sudheer  Modadugu,maxiomassetmanagement.com,
INP000007890,MARKETS MOJO ASSET MANAGEMENT PRIVATE LIMITED,,Portfolio Manager,"Mar 13, 2023 - Perpetual",Leena Joyson,mojopms.com,
INP000007906,DRCHOKSEY FINSERV PRIVATE LIMITED,,Portfolio Manager,"Mar 13, 2023 - Perpetual",NIRALI SHAH,devenchoksey.com,
INP000007915,Moneygrow Asset Private Limited,,Portfolio Manager,"Mar 14, 2023 - Perpetual",Pooja Gupta,moneygrowindia.com,moneygrowindia.com
INP000007960,PRP Edge Wealth Private Limited,,Portfolio Manager,"Mar 27, 2023 - Perpetual",Sankalp Nayak,alphaamoney.com,
INP000007979,Wryght Research & Capital Private Limited,,Portfolio Manager,"Apr 03, 2023 - Perpetual",Siddhesh More,wrightresearch.in,
INP000007988,Svan Investment Managers LLP,,Portfolio Manager,"Apr 03, 2023 - Perpetual",Vasha Kasera,svaninvestments.com,svaninvestments.com
INP000008002,True North Managers LLP,,Portfolio Manager,"Apr 10, 2023 - Perpetual",Paras Nayyar,,truenorth.co.in
INP000008011,Svobodha Infinity Investment Advisors Private Limited,,Portfolio Manager,"Apr 12, 2023 - Perpetual",Ashwini Merani,savart.com,savart.com
INP000008020,Tamohara Investment Managers Private Limited,,Portfolio Manager,"Apr 13, 2023 - Perpetual",Rajesh Kodnaney,tamohara.net,
INP000008039,Integrow Asset Management Private Limited,,Portfolio Manager,"Apr 19, 2023 - Perpetual",Kiran Loke,,integrowamc.com
INP000008048,RBSA Investment Manager LLP,,Portfolio Manager,"Apr 26, 2023 - Perpetual",Sweety Solanki,rbsainvest.in,rbsainvest.in
INP000008057,Blue Ashva India LLP,,Portfolio Manager,"Apr 26, 2023 - Perpetual",,,
INP000008066,ASK Investment Managers Limited,,Portfolio Manager,"May 04, 2023 - Perpetual",Amit Gupta,askinvestmentmanagers.com,askfinancials.com
INP000008075,East Green Advisors LLP,,Portfolio Manager,"May 10, 2023 - Perpetual",,,
INP000008084,FOUR DIMENSIONS ADVISORS PRIVATE LIMITED,,Portfolio Manager,"May 10, 2023 - Perpetual",Hiral Prajapati,gcvl.in,
INP000008093,FORTUNA  ASSET MANAGERS LLP,,Portfolio Manager,"May 12, 2023 - Perpetual",Suraj Malik,fortunaadvisors.in,
INP000008109,THINQWISE WEALTH MANAGERS LLP,,Portfolio Manager,"May 16, 2023 - Perpetual",NITESH MORE,thinqwise.com,
INP000008127,Sowilo Investment Managers LLP,,Portfolio Manager,"Jun 05, 2023 - Perpetual",Arvind  Chirania,sowilo.co.in,sowilo.co.in
INP000008136,Sohum Asset Managers Private Limited,,Portfolio Manager,"Jun 06, 2023 - Perpetual",Harshad Babade,sohumamc.com,
INP000008145,Divya Capital One Private Limited,,Portfolio Manager,"Jun 08, 2023 - Perpetual",Haritima Singh,divyacapitalone.com,
INP000008154,Gaja Alternative Asset Management Limited,,Portfolio Manager,"Jun 09, 2023 - Perpetual",Imran Jafar,gajacapital.com,
INP000008163,LC Capital India Private Limited,,Portfolio Manager,"Jun 27, 2023 - Perpetual",Nrithya Ganam,lighthouse-canton.com,lighthouse-canton.com
INP000008181,Swastika Investmart Limited,,Portfolio Manager,"Jul 04, 2023 - Perpetual",Dimple Soni,swastika.co.in,
INP000008190,Corporate Business Advisors Private Limited,,Portfolio Manager,"Jul 10, 2023 - Perpetual",Rekha Singh,,cbacapital.in
INP000008206,Citrus Advisors Private Limited,,Portfolio Manager,"Jul 21, 2023 - Perpetual",Neel Visaria,citrusadvisors.com,citrusadvisors.com
INP000008215,Lighthouse AMC Private Limited,,Portfolio Manager,"Jul 21, 2023 - Perpetual",Tarun Pande,lhfunds.com,
INP000008224,Aavishkaar Advisors Private Limited,,Portfolio Manager,"Aug 07, 2023 - Perpetual",Shyamkant Joshi,aavishkaar.in,aavishkaarcapital.in
INP000008233,PROFITGATE CAPITAL SERVICES LLP,,Portfolio Manager,"Aug 17, 2023 - Perpetual",Kalyani Takarkhede,,profitgate.in
INP000008242,Nippon Life India AIF Management Limited,,Portfolio Manager,"Aug 21, 2023 - Perpetual",Shruti Parekh,nipponindiaim.com,
INP000008251,cosmea portfolio management private limited,,Portfolio Manager,"Aug 23, 2023 - Perpetual",Rakesh Postandel,torusoropms.com,
INP000008260,EAAA India Alternatives Limited,,Portfolio Manager,"Sep 06, 2023 - Perpetual",Rishabh Saraogi,edelweissalts.com,eaaa.in
INP000008288,Waterfield Fund Managers Private Limited,,Portfolio Manager,"Sep 07, 2023 - Perpetual",Shivani Sharma,waterfieldadvisors.com,
INP000008297,Jashvik Capital Advisory LLP,,Portfolio Manager,"Sep 08, 2023 - Perpetual",Naresh Patwari,jashvikcapital.com,
INP000008303,Courser Park Advisors LLP,,Portfolio Manager,"Sep 22, 2023 - Perpetual",Gayathri Rao,courserpark.com,
INP000008312,KYNG CAPITAL MANAGEMENT PRIVATE LIMITED,,Portfolio Manager,"Oct 03, 2023 - Perpetual",Ramya N,kyngcapitalmanagmt.com,
INP000008321,Affirma Capital Investment Adviser India Private Limited,,Portfolio Manager,"Oct 03, 2023 - Perpetual",,,
INP000008349,Capital 8 LLP,,Portfolio Manager,"Nov 03, 2023 - Perpetual",Zarana Vayda,capital8.in,capital8.in
INP000008358,Caspian Impact Investment Adviser Private Limited,,Portfolio Manager,"Nov 10, 2023 - Perpetual",Ruchi Mehta,caspian.in,caspianequity.in
INP000008367,First Bridge Investment Managers Private Limited,,Portfolio Manager,"Nov 17, 2023 - Perpetual",Vishal Gupta,firstbridgefund.com,
INP000008376,LGT Wealth India Private Limited,,Portfolio Manager,"Nov 23, 2023 - Perpetual",Prem Choudhary,lgtindia.in,
INP000008385,INDIAN ANGEL NETWORK SERVICES PRIVATE LIMITED,,Portfolio Manager,"Dec 01, 2023 - Perpetual",Saurabh Sharma,iangroup.vc,
INP000008394,KAPM Ventures LLP,,Portfolio Manager,"Dec 04, 2023 - Perpetual",Vineet Kaul,kapmventures.com,kapmventures.com
INP000008400,NV Alpha Fund Management LLP,,Portfolio Manager,"Dec 13, 2023 - Perpetual",Chirag Gothi,nvafm.com,
INP000008428,Wave Asset Private Limited,,Portfolio Manager,"Dec 13, 2023 - Perpetual",Karan Gupta,waveasset.in,
INP000008437,LATENT ADVISORS LLP,,Portfolio Manager,"Dec 13, 2023 - Perpetual",Nishant Parakh,latentadvisors.com,
INP000008446,TRADESWIFT BROKING PRIVATE LIMITED,,Portfolio Manager,"Jul 30, 2025 - Perpetual",AJAY MUNDHRA,tradeswift.net,
INP000008455,JM Financial Limited,,Portfolio Manager,"Dec 13, 2023 - Perpetual",AKSHAY VORA,jmfl.com,
INP000008464,1729 Advisors LLP,,Portfolio Manager,"Dec 13, 2023 - Perpetual",Radhika Vaz,1729advisors.com,
INP000008473,Clockvine Capital Advisors Pvt Ltd,,Portfolio Manager,"Dec 13, 2023 - Perpetual",Bhawna  Lakhotia,clockvinecapital.com,
INP000008482,FIDENT ASSET MANAGEMENT PRIVATE LIMITED,,Portfolio Manager,"Dec 14, 2023 - Perpetual",,,
INP000008491,FirstPort Ventures LLP,,Portfolio Manager,"Dec 18, 2023 - Perpetual",Srishty Chaudhary,firstport.vc,
INP000008507,InvesQ Investment Managers LLP,,Portfolio Manager,"Jan 03, 2024 - Perpetual",Rohitkumar Gajbhiye,invesq.in,
INP000008516,Xponent Tribe LLP,,Portfolio Manager,"Jan 03, 2024 - Perpetual",Yash Jogani,xponentribe.com,
INP000008525,CX ADVISORS LLP,,Portfolio Manager,"Jan 09, 2024 - Perpetual",Vinayak  Shenvi,cxpartners.in,cxpartners.in
INP000008534,Bandhan AMC Limited,,Portfolio Manager,"Jan 12, 2024 - Perpetual",Vijayalaxmi Khatri,bandhanamc.com,bandhanamc.com
INP000008552,Arth Portfolio Management Private Limited,,Portfolio Manager,"Jan 23, 2024 - Perpetual",Richa  Jalan,arth-india.com,
INP000008561,DWAITH ADVISORY PRIVATE LIMITED,,Portfolio Manager,"Feb 05, 2024 - Perpetual",VenkateshaMurthy,,dwaithfunds.com
INP000008570,Driv Drisht LLP,,Portfolio Manager,"Feb 07, 2024 - Perpetual",Neha Verma,dhanvesttor.com,
INP000008589,Almondz Financial Services Limited,,Portfolio Manager,"Feb 09, 2024 - Perpetual",ASHIT KOTHI,almondz.com,
INP000008604,ICICI Venture Funds Management Company Limited,,Portfolio Manager,"Feb 12, 2024 - Perpetual",Deepti  Paliwal,iciciventure.com,
INP000008622,Fortune Wealth Management Company India Private Limited,,Portfolio Manager,"Mar 12, 2024 - Perpetual",RATHNAMALA V,fortunewmc.com,fortunewmc.com
INP000008631,PAVESTONE ADVISORS AND CONSULTANTS LLP,,Portfolio Manager,"Mar 18, 2024 - Perpetual",Sai Manohar Cheekoti,,
INP000008640,360 ONE Alternates Asset Management Limited,,Portfolio Manager,"Mar 27, 2024 - Perpetual",Chirag Gandhi,360.one,
INP000008659,FYERS ASSET MANAGEMENT PRIVATE LIMITED,,Portfolio Manager,"Mar 27, 2024 - Perpetual",Vikram Kumar,fyers.in,
INP000008668,FINCOS TECHNOLOGY SOLUTIONS PRIVATE LIMITED,,Portfolio Manager,"Apr 05, 2024 - Perpetual",Kamlesh Patial,fincossolutions.com,fincossolutions.com
INP000008677,Prospero Tree Asset Management LLP,,Portfolio Manager,"Apr 10, 2024 - Perpetual",Nikita Parmar,prosperotree.com,
INP000008686,Prudent Equity Private Limited,,Portfolio Manager,"Apr 22, 2024 - Perpetual",Akash  Singh,prudentequity.com,
INP000008695,Insightful Investment Manager LLP,,Portfolio Manager,"Apr 29, 2024 - Perpetual",Nilesh Kagale,insightfulinv.com,insightfulinvestments.in
INP000008701,V.E.C Assago Capital Management LLP,,Portfolio Manager,"May 06, 2024 - Perpetual",Tanmay Oak,vecinvestments.com,
INP000008710,Constellation Sports & Entertainment Partners LLP,,Portfolio Manager,"May 09, 2024 - Perpetual",Venkata Chalam,capitalfortunes.com,
INP000008738,Neoliv Capital Advisory Private Limited,,Portfolio Manager,"Jun 05, 2024 - Perpetual",Jigar Maniar,neoliv.in,
INP000008747,BLUE 91 PORTFOLIO MANAGERS LLP,,Portfolio Manager,"Jun 10, 2024 - Perpetual",Sarish Perinchira,blue91.in,
INP000008756,Equipoise Capital Management Private Limited,,Portfolio Manager,"Jun 26, 2024 - Perpetual",Pressy  Dsouza,equipoise.in,equipoise.in
INP000008765,Shriram Asset Management Company Limited,,Portfolio Manager,"Nov 14, 2025 - Perpetual",Akash Pandey,shriramamc.in,
INP000008774,Avendus PE Investment Advisors Private Limited,,Portfolio Manager,"Jul 01, 2024 - Perpetual",,,
INP000008783,BMC Advisors Private Limited,,Portfolio Manager,"Jul 02, 2024 - Perpetual",Basant Todi,bmcadvisor.com,
INP000008792,LAUREL SECURITIES PRIVATE LIMITED,,Portfolio Manager,"Jul 03, 2024 - Perpetual",Vijay  Varma,laurelsec.in,laurelgroup.in
INP000008808,Cactus Partners LLP,,Portfolio Manager,"Jul 08, 2024 - Perpetual",Akshita Jaketia,cactusvp.com,cactusvp.com
INP000008817,Progressive Share Brokers Private Limited,,Portfolio Manager,"Jul 15, 2024 - Perpetual",Neha Oza,progressiveshares.com,
INP000008826,IVYCAP VENTURES ADVISORS PRIVATE LIMITED,,Portfolio Manager,"Jul 22, 2024 - Perpetual",Madhuri Sawant,ivycapventures.com,
INP000008835,Spark Fund Advisors LLP,,Portfolio Manager,"Jul 22, 2024 - Perpetual",Amrita  Pillai,sparkcapital.in,sparkcapital.in
INP000008844,Accuracap Consultancy Services Private Limited,,Portfolio Manager,"Jul 25, 2024 - Perpetual",ISHU SINGHANIA,accuracap.com,accuracap.com
INP000008853,Arham Wealth Management Private Limited,,Portfolio Manager,"Aug 05, 2024 - Perpetual",NIRAV DESAI,,
INP000008862,Square 64 Capital Advisors LLP,,Portfolio Manager,"Aug 05, 2024 - Perpetual",Mihir Dhamankar,square64.com,
INP000008871,Tailwind Financial Services Private Limited,,Portfolio Manager,"Aug 06, 2024 - Perpetual",Pranita Manchekar,tailwindamc.com,
INP000008880,Edelweiss Global Wealth Management Limited,,Portfolio Manager,"Aug 19, 2024 - Perpetual",Hetal Pandit,edelweissfin.com,
INP000008905,AMETRA INVESTMENT MANAGERS PRIVATE LIMITED,,Portfolio Manager,"Aug 28, 2024 - Perpetual",Darshana Kothari,ametra.in,
INP000008914,QODE ADVISORS LLP,,Portfolio Manager,"Aug 29, 2024 - Perpetual",Komal Trivedi,qodeinvest.com,
INP000008923,Unicorn Investment Managers LLP,,Portfolio Manager,"Aug 30, 2024 - Perpetual",Rutvik Pathak,unicornim.in,unicornim.in
INP000008932,Arnya Realestates Fund Advisors Private Limited,,Portfolio Manager,"Sep 03, 2024 - Perpetual",Anuj Kala,arnya.in,arnya.in
INP000008941,Amicus India Capital Partners LLP,,Portfolio Manager,"Sep 03, 2024 - Perpetual",Abhijeeth Naik,amicuscapital.in,amicuscapital.in
INP000008950,Finwizard Technology Private Limited,,Portfolio Manager,"May 27, 2026 - Perpetual",Kumar Robbi,fisdom.com,
INP000008969,Equentis Wealth Advisory Services Limited,,Portfolio Manager,"Sep 09, 2024 - Perpetual",Rakesh Gupta,equentis.com,equentis.com
INP000008978,SPICE ROUTE ADVISORS LLP,,Portfolio Manager,"Sep 10, 2024 - Perpetual",Anish Mathew,spicerouteadvisors.in,spicerouteadvisors.in
INP000008987,WAYA FINANCIAL TECHNOLOGIES PRIVATE LIMITED,,Portfolio Manager,"Sep 10, 2024 - Perpetual",Rupesh Patil,thewaya.com,
INP000008996,Brightseeds Advisors LLP,,Portfolio Manager,"Sep 11, 2024 - Perpetual",Shreya Gala,,
INP000009001,PL Asset Management Private Limited,,Portfolio Manager,"Sep 16, 2024 - Perpetual",Jay Kular,plindia.com,
INP000009010,ACCELT ASSET MANAGEMENT LLP,,Portfolio Manager,"Sep 26, 2024 - Perpetual",Saurav  Agarwal,acceltasset.com,acceltasset.com
INP000009029,CLEARVIEW CAPITAL ADVISORS PRIVATE LIMITED,,Portfolio Manager,"Sep 27, 2024 - Perpetual",Anju  Vimal,clearviewcapital.in,
INP000009038,ArthAlpha LLP,,Portfolio Manager,"Sep 27, 2024 - Perpetual",Harkirat Dhiman,arthalpha.in,
INP000009047,Phi Capital Solutions LLP,,Portfolio Manager,"Oct 10, 2024 - Perpetual",P Sivaram,phicapital.in,
INP000009056,Findoc Investmart Private Limited,,Portfolio Manager,"Oct 11, 2024 - Perpetual",Mayur Jain,myfindoc.com,
INP000009065,Groww Wealth Tech Private Limited,,Portfolio Manager,"Oct 11, 2024 - Perpetual",Rrijuwarsh L,groww.in,
INP000009074,Ironclad Asset Management LLP,,Portfolio Manager,"Oct 28, 2024 - Perpetual",Mohit Kumar,ironcladasset.com,
INP000009083,VSPARTANS CONSULTANTS PRIVATE LIMITED,,Portfolio Manager,"Nov 04, 2024 - Perpetual",Nishi  Singhal,vspartans.in,
INP000009092,WSB Real Estate Partners Pvt Ltd,,Portfolio Manager,"Nov 07, 2024 - Perpetual",Dimple Jain,wsbindia.com,
INP000009108,NMR CAPITAL ADVISORS PRIVATE LIMITED,,Portfolio Manager,"Nov 27, 2024 - Perpetual",Shubh Cholera,nmrcapitaladvisors.com,
INP000009117,Angel One Investment Managers & Advisors Private Limited,,Portfolio Manager,"Nov 27, 2024 - Perpetual",,,
INP000009126,Amaltas Asset Management LLP,,Portfolio Manager,"Dec 06, 2024 - Perpetual",Chandni Shah,amaltascapital.in,
INP000009135,B.N. Rathi Securities Limited,,Portfolio Manager,"Dec 18, 2024 - Perpetual",Gadila Sabitha Reddy,bnrsecurities.com,
INP000009144,PLUSWEALTH CAPITAL MANAGEMENT LLP,,Portfolio Manager,"Jan 03, 2025 - Perpetual",Ankur Kulshreshtha,pluswealth.net,
INP000009153,ASHIMA CAPITAL MANAGEMENT LIMITED,,Portfolio Manager,"Jan 06, 2025 - Perpetual",Satish Mishra,ashimacapital.com,
INP000009162,BHARAT BHUSHAN EQUITY TRADERS LIMITED,,Portfolio Manager,"Jan 06, 2025 - Perpetual",SHARAD KUMAR,bharatbhushan.com,
INP000009171,GoldStandard Wealth Private Limited,,Portfolio Manager,"Jan 06, 2025 - Perpetual",Jasvinder Arora,thegoldstandard.in,
INP000009180,LCatterton Mumbai Advisory Services Private Limited,,Portfolio Manager,"Jan 07, 2025 - Perpetual",Srinivasan  R,lcatterton.com,
INP000009199,Beams VC Partnerz LLP,,Portfolio Manager,"Jan 09, 2025 - Perpetual",Sagar Agarwal,beams.vc,
INP000009205,FirstPort Growth Ventures LLP,,Portfolio Manager,"Jan 17, 2025 - Perpetual",Jill Shah,ipventures.in,
INP000009214,Cumulus Advisory LLP,,Portfolio Manager,"Jan 31, 2025 - Perpetual",Nandini Kishore,cumuluswealth.in,
INP000009223,Anicut Capital LLP,,Portfolio Manager,"Feb 05, 2025 - Perpetual",Venkatesh Parthasarathy,anicutcapital.com,
INP000009232,IKIGAI Asset Manager Holdings Private Limited,,Portfolio Manager,"Feb 17, 2025 - Perpetual",Mehul Shah,ikigaiasset.com,ikigaiasset.com
INP000009241,ChrysCapital Advisors LLP,,Portfolio Manager,"Feb 21, 2025 - Perpetual",Shilpi  Bansal,chryscapital.com,
INP000009250,Ebisu Investment Advisors LLP,,Portfolio Manager,"Feb 24, 2025 - Perpetual",Pankajkumar  Mittal,ebisuinvestments.com,
INP000009269,FE SECURITIES PRIVATE LIMITED,,Portfolio Manager,"Feb 28, 2025 - Perpetual",ANIL KUMAR,fesecurities.in,
INP000009278,FISCALEYE PRIVATE LIMITED,,Portfolio Manager,"Feb 28, 2025 - Perpetual",Dileep Nanjudaiah,fiscaleye.in,
INP000009287,Gems Imperial Portfolio Advisory LLP,,Portfolio Manager,"Mar 03, 2025 - Perpetual",Vishakha Sureka,gemsimperial.com,
INP000009296,AIALPHA FINANCIAL ADVISORY SERVICES PRIVATE LIMITED,,Portfolio Manager,"Mar 03, 2025 - Perpetual",SAJI SUNILKUMAR,aialpha.in,
INP000009302,Apricus Wealth Investment Managers LLP,,Portfolio Manager,"Mar 05, 2025 - Perpetual",Ankita Shrivastava,apricuswealth.in,
INP000009311,PCS SECURITIES & CONSULTANTS LLP,,Portfolio Manager,"Mar 05, 2025 - Perpetual",YUVARAJ JUJARAY,pcssecurities.co.in,
INP000009320,Atishay Stock Broking Private Limited,,Portfolio Manager,"Mar 10, 2025 - Perpetual",Subhendu Sarkar,,
INP000009339,Invicta Capserv Private Limited,,Portfolio Manager,"Mar 19, 2025 - Perpetual",Daksh Punamiya,invictacap.in,
INP000009348,Samatva Investment Advisers LLP,,Portfolio Manager,"Mar 25, 2025 - Perpetual",Nallu Sidharatha,samatvainvestments.in,
INP000009357,SOMERSET HEALTHCARE INVESTMENT ADVISORS III PRIVATE LIMITED,,Portfolio Manager,"Mar 26, 2025 - Perpetual",Zulfikar Trivedi,somersetinduscap.com,
INP000009366,Purva Asset Management Private Limited,,Portfolio Manager,"Mar 27, 2025 - Perpetual",Shailesh  Viswanathan,puravankara.com,
INP000009375,Inflexor Capital Advisors LLP,,Portfolio Manager,"Mar 28, 2025 - Perpetual",Murali Gunturu,inflexor.vc,
INP000009384,ARDEKO ASSET MANAGEMENT PRIVATE LIMITED,,Portfolio Manager,"Apr 03, 2025 - Perpetual",Anurag Chaubey,ardekopms.co.in,
INP000009393,Wealth India Financial Services Private Limited,,Portfolio Manager,"Apr 04, 2025 - Perpetual",Sarada Priya,fundsindia.com,
INP000009409,MIRAE ASSET INVESTMENT MANAGERS INDIA PRIVATE LIMITED,,Portfolio Manager,"Apr 25, 2025 - Perpetual",PAYAL SUTHAR,miraeassetmf.co.in,
INP000009418,GROWTHFINITI WEALTH PRIVATE LIMITED,,Portfolio Manager,"Apr 28, 2025 - Perpetual",Grishma Shah,growthfiniti.com,
INP000009427,Share India Securities Limited,,Portfolio Manager,"May 05, 2025 - Perpetual",Beena Sadhwani,shareindia.com,
INP000009436,IFM INVESTMENT ADVISORS PRIVATE LIMITED,,Portfolio Manager,"May 05, 2025 - Perpetual",Amanjot Kaur,ifmglobal.in,
INP000009445,IIFL Capital Asset Management Limited,,Portfolio Manager,"May 08, 2025 - Perpetual",,,
INP000009454,Samara Alternate Investment Management LLP,,Portfolio Manager,"May 14, 2025 - Perpetual",Vikram Agarwal,samaracapital.com,
INP000009463,Welspun One Investment Management Private limited,,Portfolio Manager,"Jun 04, 2025 - Perpetual",Jonty Motwani,welspun.com,
INP000009472,Quest4Value Investment Managers LLP,,Portfolio Manager,"Jun 05, 2025 - Perpetual",Tushnaz  Patel,,
INP000009481,Vivekam Financial Services Private Limited,,Portfolio Manager,"Jun 05, 2025 - Perpetual",YASHWANT VEMURU,vivekam.co.in,
INP000009490,Kabir Capital Advisors LLP,,Portfolio Manager,"Jun 09, 2025 - Perpetual",Neha Vyas,kabircapital.in,
INP000009506,Niveshaay Investment Management Private Limited,,Portfolio Manager,"Jun 23, 2025 - Perpetual",Vidhya Sanwal,niveshaay.com,
INP000009515,DV INVESTMENT ADVISORS LLP,,Portfolio Manager,"Jun 30, 2025 - Perpetual",Preet Shah,dvia.com,
INP000009524,IME PORTFOLIO MANAGERS LLP,,Portfolio Manager,"Jul 01, 2025 - Perpetual",Hritwik Chaudhary,imecapital.in,
INP000009533,WHITE STONE FINANCIAL ADVISORS PRIVATE LIMITED,,Portfolio Manager,"Jul 09, 2025 - Perpetual",VINAY ROKADIA,,
INP000009542,DT Portfolio Managers LLP,,Portfolio Manager,"Jul 09, 2025 - Perpetual",Suyog Andhale,dt-partners.in,
INP000009551,QUEST INVESTMENT MANAGERS PVT LTD,,Portfolio Manager,"Jul 21, 2025 - Perpetual",,,
INP000009560,JADE WEALTH MANAGEMENT LLP,,Portfolio Manager,"Jul 21, 2025 - Perpetual",Khushal Shivarkar,jadewealth.co.in,
INP000009579,VANSH CAPITAL PRIVATE LIMITED,,Portfolio Manager,"Aug 05, 2025 - Perpetual",Shrawani Salunke,,
INP000009588,Matterhorn Investment Advisors LLP,,Portfolio Manager,"Aug 18, 2025 - Perpetual",Vikas Jain,,
INP000009597,Omniscience Capital Advisors Private Limited,,Portfolio Manager,"Aug 18, 2025 - Perpetual",Chanchal Manglunia,omnisciencecapital.com,
INP000009603,Dolat Capital Market Private Limited,,Portfolio Manager,"Aug 26, 2025 - Perpetual",Arush Chaturvedi,dolatcapital.com,
INP000009612,CREST CAPITAL MANAGEMENT PRIVATE LIMITED,,Portfolio Manager,"Aug 28, 2025 - Perpetual",Zuhaib  Khan,crest-group.co,
INP000009621,QICAP MANAGEMENT PRIVATE LIMITED,,Portfolio Manager,"Sep 01, 2025 - Perpetual",Sandeep Ahuja,qi-cap.com,
INP000009630,Param Ventures LLP,,Portfolio Manager,"Sep 09, 2025 - Perpetual",Dhara Thakkar,singularityamc.in,
INP000009649,INDNIVEZA DISTRIBUTORS PRIVATE LIMITED,,Portfolio Manager,"Sep 23, 2025 - Perpetual",Namrata Ratnani,wn-pms.in,
INP000009658,PrimeInvestor Financial Research Private Limited,,Portfolio Manager,"Oct 10, 2025 - Perpetual",Balachandran D B,primeinvestor.in,
INP000009667,Irris Whiteboard Private Limited,,Portfolio Manager,"Oct 16, 2025 - Perpetual",Anchit Lakhotiya,wbfam.com,
INP000009676,Prajana Advisors Private Limited,,Portfolio Manager,"Oct 28, 2025 - Perpetual",Uddhavraj Yadav,prajana-alternatives.com,athenainvestments.in
INP000009685,ABN Capital Asset Managers LLP,,Portfolio Manager,"Nov 07, 2025 - Perpetual",Apurva  Iyer,abncapital.in,abncapital.in
INP000009694,Grey Sky Capital Private Limited,,Portfolio Manager,"Nov 24, 2025 - Perpetual",Apurv Anand,greysky.capital,
INP000009700,Equinova Investment Managers Private Limited,,Portfolio Manager,"Nov 27, 2025 - Perpetual",Anuj Bansal,equinova.co.in,equinova.co.in
INP000009719,JM Financial Asset Management Limited,,Portfolio Manager,"Nov 28, 2025 - Perpetual",Mrituanjay  Singh,jmfl.com,jmfinancialmf.com
INP000009728,Systematix Wealth and Asset Services Private Limited,,Portfolio Manager,"Nov 28, 2025 - Perpetual",Pradeep  Gotecha,systematixgroup.in,
INP000009737,Nuvama and Cushman & Wakefield Management Private Limited,,Portfolio Manager,"Dec 01, 2025 - Perpetual",Nishad Manjrekar,nuvama.com,ncwam.com
INP000009746,AVERRA ASSET MANAGERS LLP,,Portfolio Manager,"Dec 09, 2025 - Perpetual",Tanvi Sawant,averra.co.in,
INP000009755,Eternity Investments Management Partners LLP,,Portfolio Manager,"Jan 01, 2026 - Perpetual",Parvez Pochkhanawala,eternityim.in,eternityim.in
INP000009764,STEADFORT INVESTMENT MANAGERS LLP,,Portfolio Manager,"Jan 07, 2026 - Perpetual",Shivshaktikumar Tiwari,steadfort.com,steadfort.com
INP000009773,INVESTVALUE CAPITAL PRIVATE LIMITED,,Portfolio Manager,"Jan 12, 2026 - Perpetual",Shubham Gagrani,investvalue.ai,
INP000009782,Sicomoro Advisors Private Limited,,Portfolio Manager,"Jan 21, 2026 - Perpetual",Rashmikant Talati,sicomoro.in,sicomoro.in
INP000009791,T G P ADVISORS LLP,,Portfolio Manager,"Jan 21, 2026 - Perpetual",Rajesh Ramaiah,tridentgp.in,tridentgp.in
INP000009807,ARCA Alternatives IM LLP,,Portfolio Manager,"Jan 23, 2026 - Perpetual",Sagar N,arcaalternatives.com,arcaalternatives.com
INP000009816,Clearmind Consultancy Private Limited,,Portfolio Manager,"Feb 03, 2026 - Perpetual",Sandeep Meher,,
INP000009825,SINGULARITY GREEN PRIVATE LIMITED,,Portfolio Manager,"Feb 09, 2026 - Perpetual",Nischal Mittal,singularityamc.in,
INP000009834,India Resurgence Asset Management Business Private Limited,,Portfolio Manager,"Feb 13, 2026 - Perpetual",Umang Patel,indiarf.com,
INP000009843,Novumlake Partners Private Limited,,Portfolio Manager,"Feb 16, 2026 - Perpetual",Celestina  Mascarenhas,novumlake.com,novumlake.com
INP000009852,Windmill Capital Private Limited,,Portfolio Manager,"Feb 17, 2026 - Perpetual",Mayank Bansal,windmillcapital.in,windmillcapital.in
INP000009861,VIREYA CAPITAL MANAGEMENT LLP,,Portfolio Manager,"Feb 24, 2026 - Perpetual",Rakhi  Notani,vireyacapital.com,vireyacapital.com
INP000009870,Profound Ventures Private Limited,,Portfolio Manager,"Mar 05, 2026 - Perpetual",Abhishek Patil,kredere.com,
INP000009889,Playbook Fund Advisors LLP,,Portfolio Manager,"Mar 16, 2026 - Perpetual",Avil Vaz,playbook.in,
INP000009898,Trilithon Partners LLP,,Portfolio Manager,"Mar 30, 2026 - Perpetual",Supratim Chattopadhyay,trilithon.in,trilithon.in
INP000009904,Bajaj Alternate Investment Management Limited,,Portfolio Manager,"Apr 01, 2026 - Perpetual",Shivam Pandey,bajajfinserv.in,
INP000009913,VIVRITI ASSET MANAGEMENT PRIVATE LIMITED,,Portfolio Manager,"Apr 01, 2026 - Perpetual",Ajay Kejriwal,vivritifunds.com,
INP000009922,Coheron Wealth private Limited,,Portfolio Manager,"Apr 06, 2026 - Perpetual",Rupali Sinha,coheronwealth.com,
INP000009931,GAUVIK WEALTH MANAGEMENT LLP,,Portfolio Manager,"Apr 09, 2026 - Perpetual",V MALLESHAM,,gauvikwealth.com
INP000009940,DSIJ WEALTH ADVISORY PRIVATE LIMITED,,Portfolio Manager,"Apr 20, 2026 - Perpetual",Abhishek Chitre,,dsij.in
INP000009959,Abakkus Investment Managers Private Limited,,Portfolio Manager,"Apr 24, 2026 - Perpetual",,,
INP000009968,Korman Capital Investment Advisors LLP,,Portfolio Manager,"Apr 27, 2026 - Perpetual",Durgesh Solanki,,
INP000009977,Mehta Equities Private Limited,,Portfolio Manager,"May 04, 2026 - Perpetual",Prakash Joshi,,mehtagroup.in
INP000009986,Upachaya Wealth Advisors LLP,,Portfolio Manager,"May 06, 2026 - Perpetual",Vandana Agarwal,,upachaya.co.in
INP000009995,NARNOLIA VELOX ADVISORY LIMITED,,Portfolio Manager,"May 06, 2026 - Perpetual",Ramesh Singh,narnolia.com,narnolia.com
INP000010007,Centricity Portfolio Managers Private Limited,,Portfolio Manager,"May 07, 2026 - Perpetual",Abhishek Sahu,centricity.co.in,centricity.co.in
INP000010016,GOSTOCKS INVESTMENT MANAGERS PRIVATE LIMITED,,Portfolio Manager,"May 08, 2026 - Perpetual",Aadhityan R,,
INP000010025,Aikyam Capital Management LLP,,Portfolio Manager,"May 11, 2026 - Perpetual",Siddharth Jain,aikyamcap.com,aikyamcap.com
INP000010034,Saamya Advisors LLP,,Portfolio Manager,"May 11, 2026 - Perpetual",Ruchi Begrajka,saamya-advisors.in,saamya-advisors.in
INP000010043,Greenedge Wealth Services LLP,,Portfolio Manager,"May 12, 2026 - Perpetual",Jindal Haria,greenedgewealth.com,
INP000010052,Cresana Wealth Managers Private Limited,,Portfolio Manager,"May 18, 2026 - Perpetual",Krutika  Mehta,cresanawealth.com,cresanawealth.com
INP000010061,Invesco Asset Management India Private Limited,,Portfolio Manager,"May 25, 2026 - Perpetual",Deenal Dhulia,invescoindia.com,invescomutualfund.com
INP000010070,NIKUNJ STOCK BROKERS LIMITED,,Portfolio Manager,"Jun 04, 2026 - Perpetual",MONIKA MONIKA,nikunjonline.com,nikunjonline.com
INP000010089,HAWMS Equities Private Limited,,Portfolio Manager,"Jun 04, 2026 - Perpetual",Adwaith Vijay,,hawmsequities.com
INP000010098,Alphaoptimus Portfolio Management LLP,,Portfolio Manager,"Jun 12, 2026 - Perpetual",Shruti  Mehta,,alphaoptimus.com
INP000010104,Finnovate Investment Managers Private Limited,,Portfolio Manager,"Jun 15, 2026 - Perpetual",Pravin Mayekar,finnovate.in,finnovate.in
INP000010113,FOURDEGREEWATER FINVEST PRIVATE LIMITED,,Portfolio Manager,"Jun 15, 2026 - Perpetual",VRamya Kumar,wintwealth.com,wintwealth.com
INP000010122,EASTERN FINANCIERS LIMITED,,Portfolio Manager,"Jun 15, 2026 - Perpetual",Reena Khetan,easternfin.com,easternfin.com
INP000010131,Vaikarya Change LLP,,Portfolio Manager,"Jun 15, 2026 - Perpetual",Gaurav Shetty,vaikarya.com,vaikarya.com
INP000010140,Plus91 Asset Management LLP,,Portfolio Manager,"Jul 03, 2026 - Perpetual",Vinit Thakur,,
INP000010159,Optima Wealth Private Limited,,Portfolio Manager,"Jul 08, 2026 - Perpetual",Dhruv Goyal,optima.ai,optima.ai
INP000010168,CAGR Financial Services Private Limited,,Portfolio Manager,"Jul 17, 2026 - Perpetual",BHAVESH  PARIHAR,,
INP000010177,GODREJ WEALTH LIMITED,,Portfolio Manager,"Jul 17, 2026 - Perpetual",Shrenik Shah,godrejcapital.com,godrejwealth.com
INP000010186,FORTITUDE FUND MANAGEMENT LLP,,Portfolio Manager,"Jul 17, 2026 - Perpetual",Binoy Shah,,fortitudefundmanagers.com
INP000010195,SHAGUNCAP INVESTMENT MANAGERS LLP,,Portfolio Manager,"Jul 21, 2026 - Perpetual",vidish asher,shaguncapital.in,
INP000010201,YUBI ASSET MANAGEMENT PRIVATE LIMITED,,Portfolio Manager,"Jul 29, 2026 - Perpetual",Shreya Kalantri,yubiamc.in,yubiamc.com
INP000010210,Stride Fund Advisors LLP,,Portfolio Manager,"Jul 30, 2026 - Perpetual",Pankaj Kwatra,strideventures.in,strideventures.global
INP000010229,Mastermind JPIN Investment Managers LLP,,Portfolio Manager,"Aug 03, 2026 - Perpetual",Akshay Ladage,mastermindfinance.com,
INP000010238,M/S REDBERYL INVESTMENT MANAGERS LLP,,Portfolio Manager,"Aug 03, 2026 - Perpetual",RAUNAK NOAH,,redberyl.in
INP000010247,Scripbox Wealth Managers Private Limited,,Portfolio Manager,"Aug 05, 2026 - Perpetual",Vedkumar Zirange,scripbox.com,scripbox.com
INP000010256,Prime Trigen Wealth Limited,,Portfolio Manager,"Aug 11, 2026 - Perpetual",Namrata Ramachandran,trigenwealth.com,trigenwealth.com
INP000010265,ANICUT ASSET MANAGEMENT COMPANY PRIVATE LIMITED,,Portfolio Manager,"Aug 21, 2026 - Perpetual",Venkatesh  Parthasarathy,anicutcapital.com,
INP000010274,Allvest Investment Managers Private Limited,,Portfolio Manager,"Aug 27, 2026 - Perpetual",Bhoumik Mehta,allvest.co,
INP000010283,Clarity Alternative Investment Advisors LLP,,Portfolio Manager,"Sep 07, 2026 - Perpetual",YASH RAVEL,claritycap.co.in,claritycap.co.in
INP000010292,Principia Advisors LLP,,Portfolio Manager,"Sep 09, 2026 - Perpetual",Sudhir Gupta,,principiaadvisors.in
INP000010308,Capitar Investment Advisors LLP,,Portfolio Manager,"Sep 16, 2026 - Perpetual",Siddhesh Kamtekar,capitar.in,
INP000010317,Samar Asset Management Private Limited,,Portfolio Manager,"Sep 23, 2026 - Perpetual",Swati Singh,samarcapital.in,samaramc.in
INP000010326,SARATHI CAPITAL SOLUTIONS LLP,,Portfolio Manager,"Sep 23, 2026 - Perpetual",Shyli Shetty,,
INP000010335,TRADEHIFI STOCK BROKING PRIVATE LIMITED,,Portfolio Manager,"Sep 29, 2026 - Perpetual",Ramesh Bajaj,,
INP100007091,Burman Capital Management Private Limited,,Portfolio Manager,"Nov 17, 2020 - Perpetual",Divya Marwah,burmancapital.com,burmancapital.com
INP100007189,Value Prolific Investments and Consulting Private Limited,,Portfolio Manager,"Apr 01, 2021 - Perpetual",Pratap  Singh,valpro.co.in,valpro.co.in
INP100007231,Pioneer Client Associates Private Limited,,Portfolio Manager,"Jun 29, 2021 - Perpetual",Rakesh Khanna,clientassociates.com,clientassociates.com
INP100007286,Prescientcap Investment Advisors LLP,,Portfolio Manager,"Oct 26, 2021 - Perpetual",Sumit Kumar,prescientcap.com,prescientcap.com
INP100007365,Complete CircleWealth Solutions LLP,,Portfolio Manager,"Mar 22, 2022 - Perpetual",Vinod Singhania,completecirclewealth.com,completecirclewealth.com
INP100007578,Valtrust Partners LLP,,Portfolio Manager,"Oct 06, 2022 - Perpetual",Anushri Chandak,valtrustcapital.com,
INP100007709,Sammaan Asset Management Limited,,Portfolio Manager,"Dec 22, 2022 - Perpetual",,,
INP200007265,Northern Arc Investment Managers Private Limited,,Portfolio Manager,"Aug 27, 2021 - Perpetual",Dhiraj  Gupta,northernarc.com,
INP200007274,Spark PWM Private Limited,,Portfolio Manager,"Sep 14, 2021 - Perpetual",Anupam Mohaney,sparkcapital.in,
INP200007353,True Beacon Investment Advisors LLP,,Portfolio Manager,"Mar 09, 2022 - Perpetual",Sandhya Rai,truebeacon.com,
INP200007441,Fireside Investment Advisory LLP,,Portfolio Manager,"Jul 04, 2022 - Perpetual",Kanwaljit  Singh,firesideventures.com,
INP200007566,Speciale Incept Advisors LLP,,Portfolio Manager,"Sep 19, 2022 - Perpetual",Vishesh Rajaram,specialeinvest.com,
INP200007672,Himalaya Investment Advisors LLP,,Portfolio Manager,"Dec 02, 2022 - Perpetual",Surya Vijayakumar,everflowpartners.com,
INP200007690,Fireside Ventures Advisory LLP,,Portfolio Manager,"Dec 13, 2022 - Perpetual",Dipanjan Basu,firesideventures.com,
INP200007733,Antler Innovation India Private Limited,,Portfolio Manager,"Dec 27, 2022 - Perpetual",Nitin  Sharma,antler.co,
INP200007803,SINCERE SYNDICATION AND CORPORATE SERVICES LLP,,Portfolio Manager,"Jan 31, 2023 - Perpetual",Sudharshan S,sinceresyndication.com,
INP300007341,Shree Rama Managers LLP,,Portfolio Manager,"Feb 11, 2022 - Perpetual",Gaurav Rampuria,shreerama.co.in,shreerama.co.in
INP300007712,SWYOM ADVISORS LIMITED,,Portfolio Manager,"Dec 27, 2022 - Perpetual",Veena Joshi,swyom.com,
INZ000000117,SURESH NARAYAN PALAVE PATIL,SPACE ANG INDIA CORPORATION,Stock Broker,"Nov 10, 2014 - Perpetual",,,
INZ000000521,GANPATI SECURITIES,GANPATI SECURITIES,Stock Broker,"Nov 13, 2014 - Perpetual",,,
INZ000000638,JDA Capital Services Limited,JDA Capital Services Limited,Stock Broker,"Nov 13, 2014 - Perpetual",,beelinebroking.com,
INZ000000828,GOYAL SECURITIES,GOYAL SECURITIES,Stock Broker,"Nov 18, 2014 - Perpetual",,,
INZ000001016,DEBABRATA BISWAS,D.B. & CO.,Stock Broker,"Nov 28, 2014 - Perpetual",,,
INZ000001131,ANTIQUE STOCK BROKING LIMITED,ANTIQUE STOCK BROKING LIMITED,Stock Broker,"Nov 28, 2014 - Perpetual",,antiquelimited.com,
INZ000001230,GYANDEEP STOCKS PRIVATE LIMITED,GYANDEEP STOCKS PRIVATE LIMITED,Stock Broker,"Dec 04, 2014 - Perpetual",,,
INZ000001735,CLSA INDIA PRIVATE LIMITED,CLSA INDIA PRIVATE LIMITED,Stock Broker,"Dec 24, 2014 - Perpetual",,clsa.com,
INZ000001933,MNM STOCK BROKING PRIVATE LIMITED,MNM STOCK BROKING PRIVATE LIMITED,Stock Broker,"Jan 05, 2015 - Perpetual",,,
INZ000002139,ARTHA VRDDHI SECURITIES LIMITED,ARTHA VRDDHI SECURITIES LIMITED,Stock Broker,"Jan 08, 2015 - Perpetual",,,
INZ000002261,GRAVITON RESEARCH CAPITAL LLP,GRAVITON RESEARCH CAPITAL LLP,Stock Broker,"Aug 11, 2020 - Perpetual",,gravitontrading.com,
INZ000002535,SAMCO SECURITIES LIMITED,SAMCO SECURITIES LIMITED,Stock Broker,"Feb 09, 2015 - Perpetual",,samco.in,
INZ000003731,IFAST FINANCIAL INDIA PRIVATE LIMITED,IFAST FINANCIAL INDIA PRIVATE LIMITED,Stock Broker,"Feb 26, 2015 - Perpetual",,,
INZ000003830,TWO ROADS TRADING PRIVATE LIMITED,TWO ROADS TRADING PRIVATE LIMITED,Stock Broker,"Mar 03, 2015 - Perpetual",,,
INZ000003939,PHRONESIS CAPITAL LIMITED,PHRONESIS CAPITAL LIMITED,Stock Broker,"Mar 18, 2015 - Perpetual",,phronesiscap.com,
INZ000004036,GCL SECURITIES PRIVATE LIMITED,GCL SECURITIES PRIVATE LIMITED,Stock Broker,"Mar 12, 2015 - Perpetual",,gclindia.co,
INZ000004234,KIFS TRADE CAPITAL PRIVATE LIMITED,KIFS TRADE CAPITAL PRIVATE LIMITED,Stock Broker,"Mar 15, 2016 - Perpetual",,kifs.co.in,
INZ000004333,RAJVI STOCK BROKING PRIVATE LIMITED,RAJVI STOCK BROKING PRIVATE LIMITED,Stock Broker,"Mar 17, 2015 - Perpetual",,,
INZ000004531,S R STOCK BROKING PVT LTD,S R STOCK BROKING PVT LTD,Stock Broker,"Mar 19, 2015 - Perpetual",,,
INZ000004739,ARYAMAN CAPITAL MARKETS LIMITED,ARYAMAN CAPITAL MARKETS LIMITED,Stock Broker,"Mar 20, 2015 - Perpetual",,,
INZ000004838,NEW BERRY CAPITALS PRIVATE LIMITED,NEW BERRY CAPITALS PRIVATE LIMITED,Stock Broker,"Mar 23, 2015 - Perpetual",,newberry.in,
INZ000004937,Rudra Shares and Stock Brokers Limited,Rudra Shares and Stock Brokers Limited,Stock Broker,"Jun 12, 2020 - Perpetual",,rudrashares.com,
INZ000005033,CRESCO FUTURES LIMITED,CRESCO FUTURES LIMITED,Stock Broker,"Mar 23, 2015 - Perpetual",,,
INZ000005231,Nuvama Wealth and Investment Limited,Nuvama Wealth and Investment Limited,Stock Broker,"Nov 25, 2022 - Perpetual",,nuvama.com,
INZ000005330,MANU STOCK BROKING PRIVATE LIMITED,MANU STOCK BROKING PRIVATE LIMITED,Stock Broker,"Mar 24, 2015 - Perpetual",,,
INZ000005439,MULTIPLEX CAPITAL LIMITED,MULTIPLEX CAPITAL LIMITED,Stock Broker,"Mar 24, 2015 - Perpetual",,,
INZ000005538,ADWEALTH STOCK BROKING PRIVATE LIMITED,ADWEALTH STOCK BROKING PRIVATE LIMITED,Stock Broker,"Mar 24, 2015 - Perpetual",,knjainco.com,
INZ000005637,FOUR DIMENSIONS SECURITIES (INDIA) LIMITED,FOUR DIMENSIONS SECURITIES (INDIA) LIMITED,Stock Broker,"Mar 24, 2015 - Perpetual",,gcvl.in,
INZ000005736,INDIA ADVANTAGE SECURITIES PRIVATE LIMITED,INDIA ADVANTAGE SECURITIES PRIVATE LIMITED,Stock Broker,"Mar 25, 2015 - Perpetual",,indiaadvantage.co.in,
INZ000005835,ITI SECURITIES BROKING LIMITED,ITI SECURITIES BROKING LIMITED,Stock Broker,"Mar 31, 2015 - Perpetual",,itiorg.com,
INZ000006031,MONEYLICIOUS SECURITIES PRIVATE LIMITED,MONEYLICIOUS SECURITIES PRIVATE LIMITED,Stock Broker,"Jun 30, 2022 - Perpetual",,dhan.co,
INZ000006130,PRARAMBH SECURITIES PRIVATE LIMITED,PRARAMBH SECURITIES PRIVATE LIMITED,Stock Broker,"Apr 06, 2015 - Perpetual",,,
INZ000006239,ETS SECURITIES PRIVATE LIMITED,ETS SECURITIES PRIVATE LIMITED,Stock Broker,"Apr 08, 2015 - Perpetual",,etssecurities.com,
INZ000006536,LIBORD BROKERAGE PRIVATE LIMITED,LIBORD BROKERAGE PRIVATE LIMITED,Stock Broker,"Apr 16, 2015 - Perpetual",,libord.com,
INZ000006635,MAASHITLA SECURITIES PRIVATE LIMITED,MAASHITLA SECURITIES PRIVATE LIMITED,Stock Broker,"Apr 20, 2015 - Perpetual",,maashitla.com,
INZ000006932,MOTISONS SECURITIES PRIVATE LIMITED,MOTISONS SECURITIES PRIVATE LIMITED,Stock Broker,"Apr 29, 2015 - Perpetual",,,
INZ000007039,AJAY GOENKA,GOENKA CAPITAL MARKET SERVICES,Stock Broker,"Apr 29, 2015 - Perpetual",,,
INZ000007138,INVESTEC CAPITAL SERVICES (INDIA) PRIVATE LIMITED,INVESTEC CAPITAL SERVICES (INDIA) PRIVATE LIMITED,Stock Broker,"Apr 29, 2015 - Perpetual",,investec.co.in,
INZ000007237,IDBI CAPITAL MARKETS & SECURITIES LIMITED,IDBI CAPITAL MARKETS & SECURITIES LIMITED,Stock Broker,"Aug 31, 2016 - Perpetual",,idbicapital.com,
INZ000007336,MAHESHKUMAR TRIKAMDAS,MAHESHKUMAR & CO.,Stock Broker,"Apr 30, 2015 - Perpetual",,,
INZ000007435,MANDOT SECURITIES PRIVATE LIMITED,MANDOT SECURITIES PRIVATE LIMITED,Stock Broker,"Apr 30, 2015 - Perpetual",,,
INZ000007534,INDIABULLS VENTURES LIMITED,INDIABULLS VENTURES LIMITED,Stock Broker,"May 12, 2015 - Perpetual",,,
INZ000007732,BAJAJ CAPITAL LIMITED,BAJAJ CAPITAL LIMITED,Stock Broker,"Jun 08, 2015 - Perpetual",,,
INZ000007831,PNB GILTS LTD,PNB GILTS LTD,Stock Broker,"Jun 23, 2015 - Perpetual",,,
INZ000007930,ALPHAGREP SECURITIES PRIVATE LIMITED,ALPHAGREP SECURITIES PRIVATE LIMITED,Stock Broker,"Sep 21, 2020 - Perpetual",,alpha-grep.com,
INZ000008037,MONARCH NETWORTH CAPITAL LIMITED,MONARCH NETWORTH CAPITAL LIMITED,Stock Broker,"Jan 06, 2016 - Perpetual",,mnclgroup.com,
INZ000008136,ISHANIKA SECURITIES PRIVATE LIMITED,ISHANIKA SECURITIES PRIVATE LIMITED,Stock Broker,"Jul 23, 2015 - Perpetual",,,
INZ000008235,TIPSONS FINANCIAL SERVICES  PRIVATE LIMITED,TIPSONS FINANCIAL SERVICES  PRIVATE LIMITED,Stock Broker,"Jul 24, 2015 - Perpetual",,,
INZ000008417,ANIL AGARWAL,ANIL AGARWAL,Stock Broker,"Aug 06, 2015 - Perpetual",,,
INZ000008524,FYERS SECURITIES PRIVATE LIMITED,FYERS SECURITIES PRIVATE LIMITED,Stock Broker,"Aug 06, 2015 - Perpetual",,fyers.in,
INZ000008631,JULIUS BAER WEALTH ADVISORS (INDIA) PVT. LTD.,JULIUS BAER WEALTH ADVISORS (INDIA) PVT. LTD.,Stock Broker,"Dec 07, 2015 - Perpetual",,juliusbaer.com,
INZ000008839,TATA SECURITIES LIMITED,TATA SECURITIES LIMITED,Stock Broker,"Aug 28, 2015 - Perpetual",,,
INZ000008938,LPC SECURITIES PRIVATE LIMITED,LPC SECURITIES PRIVATE LIMITED,Stock Broker,"Sep 03, 2015 - Perpetual",,lpcsecurities.com,
INZ000009118,SOMNATH PHULARI BROKERAGE LIMITED,SOMNATH PHULARI BROKERAGE LTD,Stock Broker,"Sep 08, 2015 - Perpetual",,,
INZ000009431,VARDHAMANGLOBAL SHARECOM PRIVATE LIMITED,VARDHAMANGLOBAL SHARECOM PRIVATE LIMITED,Stock Broker,"Sep 10, 2015 - Perpetual",,,
INZ000009738,TRENDWITH CONSULTANCY LIMITED,TRENDWITH CONSULTANCY LIMITED,Stock Broker,"Sep 16, 2015 - Perpetual",,,
INZ000009837,ACHINTYA SECURITIES LIMITED,ACHINTYA SECURITIES LIMITED,Stock Broker,"Sep 22, 2015 - Perpetual",,achintya.biz,
INZ000009936,RS WEALTH MANAGEMENT PRIVATE LIMITED,RS WEALTH MANAGEMENT PRIVATE LIMITED,Stock Broker,"Sep 24, 2015 - Perpetual",,rswealth.in,
INZ000010132,IndiaNivesh Shares and Securities Private Limited,INDIANIVESH SECURITIES LIMITED,Stock Broker,"Sep 28, 2015 - Perpetual",,indianivesh.in,
INZ000010231,5PAISA CAPITAL LIMITED,5PAISA CAPITAL LIMITED,Stock Broker,"Sep 30, 2015 - Perpetual",,5paisa.com,
INZ000010314,SHADOWFAX TRADERS,SHADOWFAX TRADERS,Stock Broker,"Oct 01, 2015 - Perpetual",,shadowfaxtraders.com,
INZ000010413,KUNDURU SRI RANGA REDDY,LOUKYA INVESTORS AND EQUITIES SERVICES,Stock Broker,"Oct 01, 2015 - Perpetual",,,
INZ000010538,MIB SECURITIES INDIA PRIVATE LIMITED,MIB SECURITIES INDIA PRIVATE LIMITED,Stock Broker,"Oct 07, 2015 - Perpetual",,maybank-ke.co.in,
INZ000010637,JINDAL FUTURES PRIVATE LIMITED,JINDAL FUTURES PRIVATE LIMITED,Stock Broker,"Oct 15, 2015 - Perpetual",,,
INZ000010736,OM SCRIP TRADING PVT.LTD,OM SCRIP TRADING PVT.LTD,Stock Broker,"Oct 16, 2015 - Perpetual",,,
INZ000010835,HERMOINE SECURITIES PRIVATE LIMITED,HERMOINE SECURITIES PRIVATE LIMITED,Stock Broker,"Oct 28, 2015 - Perpetual",,,
INZ000011130,PADMAKSHI FINANCIAL SERVICES PRIVATE LIMITED,PADMAKSHI FINANCIAL SERVICES PRIVATE LIMITED,Stock Broker,"Nov 06, 2015 - Perpetual",,padmakshi.com,
INZ000011262,IRAGE BROKING SERVICES LLP,IRAGE BROKING SERVICES LLP,Stock Broker,"Nov 16, 2015 - Perpetual",,irage.in,
INZ000011338,SANCTUM WEALTH PRIVATE LIMITED,SANCTUM WEALTH PRIVATE LIMITED,Stock Broker,"Dec 02, 2015 - Perpetual",,sanctumwealth.com,
INZ000011437,IIFL WEALTH MANAGEMENT LIMITED,IIFL WEALTH MANAGEMENT LIMITED,Stock Broker,"Dec 10, 2015 - Perpetual",,iifil.com,
INZ000013238,SAMARTH MERCANTILE PVT LTD,SAMARTH MERCANTILE PVT LTD,Stock Broker,"Dec 22, 2015 - Perpetual",,samarthgroup.in,
INZ000014332,KREDENT TRADING LLP,KREDENT TRADING LLP,Stock Broker,"Jan 13, 2016 - Perpetual",,kredenttrading.com,
INZ000014431,MOAT FINANCIAL SERVICES PRIVATE LIMITED,MOAT FINANCIAL SERVICES PRIVATE LIMITED,Stock Broker,"Jan 15, 2016 - Perpetual",,,
INZ000014530,KRISHA INCAP SERVICES PRIVATE LIMITED,KRISHA INCAP SERVICES PRIVATE LIMITED,Stock Broker,"Jan 21, 2016 - Perpetual",,goldenmaple.in,
INZ000015535,ACHINTYA COMMODITIES PVT LTD,ACHINTYA COMMODITIES PVT LTD,Stock Broker,"Dec 24, 2015 - Perpetual",,achintya.co.in,
INZ000016733,FAIRTRADE SECURITIES LIMITED,FAIRTRADE SECURITIES LIMITED,Stock Broker,"Jan 27, 2016 - Perpetual",,,
INZ000016737,GANGANAGAR COMMODITY LIMITED,GANGANAGAR COMMODITY LIMITED,Stock Broker,"Dec 11, 2015 - Perpetual",,gclindia.co,
INZ000016832,ICICI SECURITIES PRIMARY DEALERSHIP LIMITED,ICICI SECURITIES PRIMARY DEALERSHIP LIMITED,Stock Broker,"Jan 28, 2016 - Perpetual",,,
INZ000017731,ELIXIR EQUITIES PRIVATE LIMITED,ELIXIR EQUITIES PRIVATE LIMITED,Stock Broker,"Feb 04, 2016 - Perpetual",,elixirequities.com,
INZ000017939,JYOTI BROKING PRIVATE LIMITED,JYOTI BROKING PRIVATE LIMITED,Stock Broker,"Feb 04, 2016 - Perpetual",,jyotiportfolio.com,
INZ000018135,BSAS SECURITIES LIMITED,BSAS SECURITIES LIMITED,Stock Broker,"Feb 08, 2016 - Perpetual",,,
INZ000018234,REEVON INDUSTRIES INDIA LIMITED,REEVON INDUSTRIES INDIA LIMITED,Stock Broker,"Feb 08, 2016 - Perpetual",,,
INZ000018333,WEALTH FIRST PORTFOLIO MANAGERS LIMITED,WEALTH FIRST PORTFOLIO MANAGERS LIMITED,Stock Broker,"Feb 08, 2016 - Perpetual",,,
INZ000018432,PATEL WEALTH ADVISORS PRIVATE LIMITED,PATEL WEALTH ADVISORS PRIVATE LIMITED,Stock Broker,"Feb 08, 2016 - Perpetual",,,
INZ000018531,PURE BROKING PRIVATE LIMITED,PURE BROKING PRIVATE LIMITED,Stock Broker,"Feb 08, 2016 - Perpetual",,,
INZ000021538,Gandhi Commodities LLP,Gandhi Commodities LLP,Stock Broker,"Dec 24, 2015 - Perpetual",,gsecin.com,
INZ000022431,Evermore Share Broking Private Limited,Evermore Share Broking Private Limited,Stock Broker,"Dec 25, 2015 - Perpetual",,evermore.in,
INZ000023630,MEHTA WEALTH LTD.,MEHTA WEALTH LTD.,Stock Broker,"Feb 12, 2016 - Perpetual",,mehtafincon.com,
INZ000024939,GLOBE COMMODITIES LIMITED,GLOBE COMMODITIES LIMITED,Stock Broker,"Dec 16, 2015 - Perpetual",,globecapital.com,
INZ000025437,SUVRIDHI CAPITAL MARKETS PVT. LTD.,SUVRIDHI CAPITAL MARKETS PVT. LTD.,Stock Broker,"Feb 24, 2016 - Perpetual",,,
INZ000025734,SUNRISE GILTS & SECURITIES PRIVATE LIMITED,SUNRISE GILTS & SECURITIES PRIVATE LIMITED,Stock Broker,"Feb 25, 2016 - Perpetual",,,
INZ000026435,HAITONG SECURITIES INDIA PVT. LTD.,HAITONG SECURITIES INDIA PVT. LTD.,Stock Broker,"Jan 17, 2026 - Perpetual",,htisec.com,
INZ000027432,PRRSAAR SAMPADA PRIVATE LIMITED,PRRSAAR SAMPADA PRIVATE LIMITED,Stock Broker,"Dec 14, 2015 - Perpetual",,,
INZ000028539,ALANKIT IMAGINATIONS LIMITED,ALANKIT IMAGINATIONS LIMITED,Stock Broker,"Dec 22, 2015 - Perpetual",,alankit.com,
INZ000029017,RAJESH TULSIRAM MAHESHWARI,RAJESH TULSIRAM MAHESHWARI,Stock Broker,"Mar 08, 2016 - Perpetual",,,
INZ000029627,SHRI RAM COMMODITIES,SHRI RAM COMMODITIES,Stock Broker,"Dec 22, 2015 - Perpetual",,,
INZ000031534,KARNAM SECURITIES PRIVATE LIMITED,KARNAM SECURITIES PRIVATE LIMITED,Stock Broker,"Mar 11, 2016 - Perpetual",,,
INZ000031633,ZERODHA BROKING LIMITED,ZERODHA BROKING LIMITED,Stock Broker,"Mar 11, 2016 - Perpetual",,zerodha.com,
INZ000032733,ABANS BROKING SERVICES PVT LTD,ABANS BROKING SERVICES PVT LTD,Stock Broker,"Dec 24, 2015 - Perpetual",,abans.co.in,
INZ000036136,INDIABULLS SECURITIES LIMITED,INDIABULLS SECURITIES LIMITED,Stock Broker,"Dec 22, 2015 - Perpetual",,dhani.com,
INZ000036335,KGR SECURITIES PRIVATE LIMITED,KGR SECURITIES PRIVATE LIMITED,Stock Broker,"Mar 22, 2016 - Perpetual",,,
INZ000036426,AIWIN INVESTMENT MONEY,AIWIN INVESTMENT MONEY,Stock Broker,"Jul 14, 2022 - Perpetual",,aiwinmoney.com,
INZ000039339,ICAP IL INDIA PRIVATE LIMITED,ICAP IL INDIA PRIVATE LIMITED,Stock Broker,"Mar 12, 2020 - Perpetual",,icapindia.com,
INZ000041331,Espresso Financial Services Private Limited,Espresso Financial Services Private Limited,Stock Broker,"Aug 05, 2025 - Perpetual",,,
INZ000041822,QE Securities LLP,QE Securities LLP,Stock Broker,"Apr 07, 2026 - Perpetual",,,
INZ000042238,KEDIA CAPITAL SERVICES PRIVATE LTD.,KEDIA CAPITAL SERVICES PRIVATE LTD.,Stock Broker,"Dec 01, 2015 - Perpetual",,kediacommodity.com,
INZ000045432,ISSL SETTLEMENT & TRANSACTION SERVICES LIMITED,ISSL SETTLEMENT & TRANSACTION SERVICES LIMITED,Stock Broker,"Dec 24, 2015 - Perpetual",,issl.co.in,
INZ000046331,RAMSNEHI VINIYOG PVT LTD,RAMSNEHI VINIYOG PVT LTD,Stock Broker,"Dec 22, 2015 - Perpetual",,radheygroup.com,
INZ000048532,Commodity Mandi Private Limited,Commodity Mandi Private Limited,Stock Broker,"Feb 27, 2019 - Perpetual",,,
INZ000048660,SUNLIGHT BROKING LLP,PROSTOCKS,Stock Broker,"May 06, 2016 - Perpetual",,sunlightbroking.com,
INZ000048736,EQUATOR FINANCIAL SERVICES LIMITED,EQUATOR FINANCIAL SERVICES LIMITED,Stock Broker,"May 06, 2016 - Perpetual",,,
INZ000049235,GOPOCKET INVEST TECH PRIVATE LIMITED,GOPOCKET INVEST TECH PRIVATE LIMITED,Stock Broker,"Dec 01, 2015 - Perpetual",,gopocket.in,
INZ000054130,WEALTHMILLS SECURITIES PVT. LTD.,WEALTHMILLS SECURITIES PVT. LTD.,Stock Broker,"May 23, 2016 - Perpetual",,,
INZ000054933,M D OVERSEAS PRIVATE LIMITED,M D OVERSEAS PRIVATE LIMITED,Stock Broker,"Dec 20, 2015 - Perpetual",,mdoverseas.com,
INZ000056036,JAMBUWALA COMMODITIES PRIVATE LIMITED,JAMBUWALA COMMODITIES PRIVATE LIMITED,Stock Broker,"Dec 20, 2015 - Perpetual",,jambuwala.com,
INZ000062133,OVERREACH MERCHANTS PRIVATE LIMITED,OVERREACH MERCHANTS PRIVATE LIMITED,Stock Broker,"Jul 13, 2016 - Perpetual",,,
INZ000063536,HARSH FUTURES COMMODITIES PVT LTD,HARSH FUTURES COMMODITIES PVT LTD,Stock Broker,"Dec 21, 2015 - Perpetual",,,
INZ000063730,PUMARTH COMMODITIES PRIVATE LIMITED,PUMARTH COMMODITIES PRIVATE LIMITED,Stock Broker,"Dec 22, 2015 - Perpetual",,pumarth.com,
INZ000065136,DNK SECURITIES PRIVATE LIMITED,DNK SECURITIES PRIVATE LIMITED,Stock Broker,"Aug 02, 2016 - Perpetual",,,
INZ000067680,CapsGold Pvt Ltd,CapsGold Pvt Ltd,Stock Broker,"Dec 11, 2015 - Perpetual",,capsgold.com,
INZ000068536,PCJ HOLDINGS PRIVATE LIMITED,PCJ HOLDINGS PRIVATE LIMITED,Stock Broker,"Aug 29, 2016 - Perpetual",,,
INZ000068833,DRISHTI SHARES & INVESTMENTS PRIVATE LIMITED,DRISHTI SHARES & INVESTMENTS RPIVATE LIMITED,Stock Broker,"Sep 01, 2016 - Perpetual",,,
INZ000072735,Quant Institutional Equities Private Limited,Quant Institutional Equities Private Limited,Stock Broker,"May 31, 2018 - Perpetual",,quant.in,
INZ000074139,MAITRA COMMODITIES PVT LTD,MAITRA COMMODITIES PVT LTD,Stock Broker,"Dec 17, 2015 - Perpetual",,maitracommodities.com,
INZ000074235,Allreach Commodities India Private Limited,Allreach Commodities India Private Limited,Stock Broker,"Feb 01, 2022 - Perpetual",,,
INZ000077535,SHREE BALAJI MULTICOMMODITIES PVT LTD,SHREE BALAJI MULTICOMMODITIES PVT LTD,Stock Broker,"Dec 22, 2015 - Perpetual",,sbmcpl.co.in,
INZ000078632,Enrich Financial Market Private Limited,Enrich Financial Market Private Limited,Stock Broker,"Dec 07, 2015 - Perpetual",,enrichmoney.in,
INZ000081331,BSAS SECURITIES LIMITED,BSAS SECURITIES LIMITED,Stock Broker,"Sep 12, 2016 - Perpetual",,,
INZ000081836,LSC SECURITIES LIMITED,LSC SECURITIES LIMITED,Stock Broker,"Sep 14, 2016 - Perpetual",,lsesl.com,
INZ000082537,ANMOL SHARE BROKING PRIVATE LIMITED,ANMOL SHARE BROKING PRIVATE LIMITED,Stock Broker,"Dec 20, 2015 - Perpetual",,,
INZ000083930,C.D.COMMODITIES BROKING LTD.,C.D.COMMODITIES BROKING LTD.,Stock Broker,"Dec 21, 2015 - Perpetual",,cdintegrated.co.in,
INZ000086139,SIDDHARTHA COMMODITIES PVT LTD,SIDDHARTHA COMMODITIES PVT LTD,Stock Broker,"Dec 05, 2015 - Perpetual",,,
INZ000089933,BHAIJEE BROKING & INVESTMENTS PRIVATE LIMITED,BHAIJEE BROKING & INVESTMENTS PRIVATE LIMITED,Stock Broker,"Dec 27, 2015 - Perpetual",,bhaijee.com,
INZ000092238,HINDUSTAN TECHNOSOL PRIVATE LIMITED,HINDUSTAN TECHNOSOL PRIVATE LIMITED,Stock Broker,"Dec 16, 2015 - Perpetual",,htplonline.com,
INZ000093435,ASHMAVIR FINANCIAL CONSULTANTS PVT. LTD.,ASHMAVIR FINANCIAL CONSULTANTS PVT. LTD,Stock Broker,"Oct 03, 2016 - Perpetual",,,
INZ000093534,SOCIETE GENERALE SECURITIES INDIA PVT. LTD.,SOCIETE GENERALE SECURITIES INDIA PVT. LTD.,Stock Broker,"Oct 14, 2016 - Perpetual",,sgcib.com,
INZ000093633,PROFITMART SECURITIES PRIVATE LIMITED,PROFITMART SECURITIES PRIVATE LIMITED,Stock Broker,"Jun 27, 2024 - Perpetual",,profitmart.in,
INZ000094011,DHAVAL VISHNUBHAI BAROT,KAYAAN FINANCIAL,Stock Broker,"Nov 10, 2016 - Perpetual",,,
INZ000094938,SAMTA INVESTRADE PVT. LTD.,SAMTA INVESTRADE PVT. LTD.,Stock Broker,"Dec 02, 2016 - Perpetual",,,
INZ000095034,NAVIA MARKETS LIMITED,NAVIA MARKETS LIMITED,Stock Broker,"Dec 14, 2016 - Perpetual",,navia.co.in,
INZ000095638,BGSE FINANCIALS LIMITED,BGSE FINANCIALS LIMITED,Stock Broker,"Dec 16, 2016 - Perpetual",,bfsl.co.in,
INZ000095737,INTEGRATED ENTERPRISES (INDIA) PRIVATE LIMITED,INTEGRATED ENTERPRISES (INDIA) PRIVATE LIMITED,Stock Broker,"Dec 19, 2016 - Perpetual",,integratedindia.in,
INZ000097030,DP TRADEKING PRIVATE LIMITED,DP TradeKING Private Limited,Stock Broker,"Jan 10, 2017 - Perpetual",,,
INZ000097238,EDELWEISS SECURITIES (IFSC) LIMITED,EDELWEISS SECURITIES (IFSC) LIMITED,Stock Broker,"Jan 11, 2017 - Perpetual",,edelweissfin.com,
INZ000097337,GLOBE CAPITAL (IFSC) LIMITED,GLOBE CAPITAL (IFSC) LIMITED,Stock Broker,"Jan 11, 2017 - Perpetual",,globecapital.com,
INZ000097436,SMC GLOBAL (IFSC) PRIVATE LIMITED,SMC GLOBAL (IFSC) PRIVATE LIMITED,Stock Broker,"Jan 11, 2017 - Perpetual",,smcindiaonline.com,
INZ000097519,SANJAY AGARWAL BROKING LIMITED,SANJAY AGARWAL BROKING LIMITED,Stock Broker,"Jan 13, 2017 - Perpetual",,,
INZ000097618,KETAN V THAKKAR,KETAN V THAKKAR,Stock Broker,"Jan 13, 2017 - Perpetual",,,
INZ000097733,SHARE INDIA SECURITIES (IFSC) PRIVATE LIMITED,SHARE INDIA SECURITIES (IFSC) PRIVATE LIMITED,Stock Broker,"Jan 13, 2017 - Perpetual",,shareindia.com,
INZ000097832,MAJORTREND CAPITAL IFSC PRIVATE LIMITED,MAJORTREND CAPITAL IFSC PRIVATE LIMITED,Stock Broker,"Jan 13, 2017 - Perpetual",,,
INZ000097931,SILVER STREAM EQUITIES (IFSC) PRIVATE LIMITED,SILVER STREAM EQUITIES (IFSC) PRIVATE LIMITED,Stock Broker,"Jan 14, 2017 - Perpetual",,,
INZ000098038,DAYCO SECURITIES (IFSC) PRIVATE LIMITED,DAYCO SECURITIES (IFSC) PRIVATE LIMITED,Stock Broker,"Jan 15, 2017 - Perpetual",,daycoindia.com,
INZ000098137,GRM SECURITIES (IFSC) PRIVATE LIMITED,GRM SECURITIES (IFSC) PRIVATE LIMITED,Stock Broker,"Jan 15, 2017 - Perpetual",,live.in,
INZ000098335,SYNERGY DEALCOM (IFSC)  PRIVATE LIMITED,SYNERGY DEALCOM (IFSC) PRIVATE LIMITED,Stock Broker,"Jan 15, 2017 - Perpetual",,,
INZ000098434,O. J. FINANCIAL SERVICES (IFSC) PRIVATE LIMITED,O. J. FINANCIAL SERVICES (IFSC) PRIVATE LIMITED,Stock Broker,"Jan 15, 2017 - Perpetual",,,
INZ000098533,ARCADIA INTERNATIONAL (IFSC) PRIVATE LIMITED,ARCADIA INTERNATIONAL (IFSC) PRIVATE LIMITED,Stock Broker,"Jan 15, 2017 - Perpetual",,arcadiashare.com,
INZ000098632,GATEWAY FINANCIAL SERVICES (IFSC) PVT.LTD,GATEWAY FINANCIAL SERVICES (IFSC) PVT.LTD,Stock Broker,"Jan 15, 2017 - Perpetual",,,
INZ000098731,DYNAMIC EQUITIES (IFSC) PRIVATE LIMITED,DYNAMIC EQUITIES (IFSC) PRIVATE LIMITED,Stock Broker,"Jan 15, 2017 - Perpetual",,dynamiclevels.com,
INZ000098830,EXCEL BROKING (IFSC) PVT.LTD,EXCEL BROKING (IFSC) PVT.LTD,Stock Broker,"Jan 15, 2017 - Perpetual",,excelstockbroking.com,
INZ000098939,GRD SECURITIES IFSC LTD,GRD SECURITIES IFSC LTD,Stock Broker,"Jan 15, 2017 - Perpetual",,grdgroupz.com,
INZ000099036,ESTEE IFSC PVT LTD,ESTEE IFSC PVT LTD,Stock Broker,"Jan 15, 2017 - Perpetual",,esteeadvisors.com,
INZ000099135,TOTAL SECURITIES (IFSC) PVT. LTD.,TOTAL SECURITIES (IFSC) PVT. LTD.,Stock Broker,"Jan 15, 2017 - Perpetual",,,
INZ000099234,WEGMANS FINANCIAL SERVICES IFSC PVT LTD,WEGMANS FINANCIAL SERVICES IFSC PVT LTD,Stock Broker,"Jan 15, 2017 - Perpetual",,,
INZ000099333,DIVYA PORTFOLIO (IFSC) PRIVATE LIMITED,DIVYA PORTFOLIO (IFSC) PRIVATE LIMITED,Stock Broker,"Jan 15, 2017 - Perpetual",,,
INZ000099432,MANSUKH IFSC BROKING PVT. LTD.,MANSUKH IFSC BROKING PVT. LTD.,Stock Broker,"Jan 15, 2017 - Perpetual",,moneysukh.com,
INZ000099531,ANTIQUE STOCK BROKING (IFSC) LIMITED,ANTIQUE STOCK BROKING (IFSC) LIMITED.,Stock Broker,"Jan 15, 2017 - Perpetual",,antiquelimited.com,
INZ000099630,ASHIKA STOCK BROKING IFSC PVT. LTD.,ASHIKA STOCK BROKING IFSC PVT. LTD.,Stock Broker,"Jan 15, 2017 - Perpetual",,ashikagroup.com,
INZ000099838,GOGIA CAPITAL IFSC PRIVATE LIMITED,GOGIA CAPITAL IFSC PRIVATE LIMITED,Stock Broker,"Jan 15, 2017 - Perpetual",,gogiacap.com,
INZ000100131,J V EQUITIES PRIVATE LIMITED,J V EQUITIES PRIVATE LIMITED,Stock Broker,"Jan 17, 2017 - Perpetual",,,
INZ000100438,VIKASH STOCK BROKING SERVICES PVT. LTD.,VIKASH STOCK BROKING SERVICES PVT. LTD.,Stock Broker,"Jan 27, 2017 - Perpetual",,,
INZ000100768,KAJI AND MAULIK SECURITIES LLP,KAJI AND MAULIK SECURITIES LLP,Stock Broker,"Feb 14, 2017 - Perpetual",,,
INZ000101139,INDIAN FINANCE GUARANTY LIMITED,INDIAN FINANCE GUARANTY LIMITED,Stock Broker,"Feb 17, 2017 - Perpetual",,,
INZ000101434,THE FEDERAL BANK LIMITED,THE FEDERAL BANK LIMITED,Stock Broker,"Oct 13, 2016 - Perpetual",,iobnet.co.in,
INZ000101832,NIDHI BROKING SERVICES PRIVATE LIMITED,NIDHI BROKING SERVICES PRIVATE LIMITED,Stock Broker,"Feb 28, 2017 - Perpetual",,,
INZ000102031,Dealmoney Commodities Pvt Ltd,Dealmoney Commodities Pvt Ltd,Stock Broker,"Dec 25, 2015 - Perpetual",,destimoney.com,
INZ000102129,ISHTA SECURITIES,ISHTA SECURITES,Stock Broker,"Mar 10, 2017 - Perpetual",,,
INZ000102665,APARNA SHARES AND STOCKBROKERS LLP,APARNA SHARES AND STOCKBROKERS LLP,Stock Broker,"Mar 22, 2017 - Perpetual",,,
INZ000103036,ITI GILTS LIMITED,ITI GILTS LIMITED,Stock Broker,"Mar 23, 2017 - Perpetual",,itigroup.co.in,
INZ000103465,SURYAVANSHAM COMMTRADE LLP,SURYAVANSHAM COMMTRADE LLP,Stock Broker,"Apr 12, 2017 - Perpetual",,,
INZ000103531,MAVERICK SHARE BROKERS PRIVATE LIMITED,MAVERICK SHARE BROKERS PRIVATE LIMITED,Stock Broker,"Apr 19, 2017 - Perpetual",,maverickgroup.in,
INZ000103838,SHREE BAHUBALI STOCK BROKING LTD.,SHREE BAHUBALI STOCK BROKING LTD.,Stock Broker,"Apr 26, 2017 - Perpetual",,,
INZ000104034,AUTUS SECURITIES PRIVATE LIMITED,AUTUS SECURITIES PRIVATE LIMITED,Stock Broker,"Apr 27, 2017 - Perpetual",,,
INZ000104166,TRADEX SECURITIES LLP,TRADEX SECURITIES LLP,Stock Broker,"Apr 28, 2017 - Perpetual",,,
INZ000104331,ACEMONEY INTERMEDIARIES PRIVATE LIMITED,ACEMONEY,Stock Broker,"Feb 01, 2022 - Perpetual",,acemoneyindia.com,
INZ000104430,AFCO INVESTMENTS SERVICES PRIVATE LIMITED,AFCO INVESTMENTS SERVICES PRIVATE LIMITED,Stock Broker,"May 03, 2017 - Perpetual",,afcogroup.in,
INZ000104737,GEOJIT FINANCIAL SERVICES LIMITED,GEOJIT FINANCIAL SERVICES LIMITED,Stock Broker,"May 09, 2017 - Perpetual",,geojit.com,
INZ000155134,Amar Alliance Securities Private Limited,Amar Alliance Securities Private Limited,Stock Broker,"Jul 13, 2017 - Perpetual",,amaralliance.com,
INZ000155333,SAFAL CAPITAL (INDIA) LIMITED,MPSE SECURITIES LTD.,Stock Broker,"Aug 02, 2017 - Perpetual",,safalcapital.in,
INZ000155638,AFTERTRADE BROKING PRIVATE LIMITED,AFTERTRADE BROKING PRIVATE LIMITED,Stock Broker,"Apr 24, 2023 - Perpetual",,aftertrade.in,
INZ000155732,KK SECURITIES LIMITED,KK SECURITIES LIMITED,Stock Broker,"Sep 04, 2017 - Perpetual",,kksecurities.com,
INZ000156038,ALICE BLUE FINANCIAL SERVICES PRIVATE LIMITED,ALICE BLUE FINANCIAL SERVICES PRIVATE LIMITED,Stock Broker,"Sep 11, 2017 - Perpetual",,aliceblueindia.com,
INZ000156539,HINDUSTAN TRADECOM PRIVATE LIMITED,HINDUSTAN TRADECOM PRIVATE LIMITED,Stock Broker,"Sep 18, 2017 - Perpetual",,htplonline.com,
INZ000156633,TAURRUS FINSEC PRIVATE LIMITED,TAURRUS FINSEC PRIVATE LIMITED,Stock Broker,"Sep 19, 2017 - Perpetual",,taurusgrp.com,
INZ000157134,CIMB SECURITIES ( INDIA ) PRIVATE LIMITED,CIMB SECURITIES ( INDIA ) PRIVATE LIMITED,Stock Broker,"Sep 25, 2017 - Perpetual",,cimb.com,
INZ000157224,Kivi Securities,Kivi Securities,Stock Broker,"Sep 25, 2017 - Perpetual",,,
INZ000157539,Arihant Capital IFSC Limited,Arihant Capital IFSC Limited,Stock Broker,"Sep 25, 2017 - Perpetual",,arihantcapital.com,
INZ000157633,DAILY GONG FINANCIAL SERVICES LIMITED,DAILY GONG FINANCIAL SERVICES LIMITED,Stock Broker,"Sep 26, 2017 - Perpetual",,iseindia.com,
INZ000157737,RIKHAV SECURITIES LIMITED,RIKHAV SECURITIES LIMITED,Stock Broker,"Mar 14, 2007 - Perpetual",,rikhav.net,
INZ000158031,TRUST SECURITIES SERVICES PRIVATE LIMITED,TRUST SECURITIES SERVICES PRIVATE LIMITED,Stock Broker,"Oct 31, 2017 - Perpetual",,trustgroup.in,
INZ000158634,MAJORTREND CAPITAL PRIVATE LIMITED,MAJORTREND CAPITAL PRIVATE LIMITED,Stock Broker,"Jun 16, 2004 - Perpetual",,majortrend.in,
INZ000158836,MOTILAL OSWAL FINANCIAL SERVICES LIMITED,MOTILAL OSWAL FINANCIAL SERVICES LIMITED,Stock Broker,"Mar 16, 1999 - Perpetual",,,
INZ000159332,BOB CAPITAL MARKETS LIMITED,BOB CAPITAL MARKETS LIMITED,Stock Broker,"Nov 29, 2002 - Perpetual",,bobcaps.in,
INZ000159435,DEALMONEY SECURITIES PRIVATE LIMITED,DEALMONEY SECURITIES PRIVATE LIMITED,Stock Broker,"Nov 20, 2017 - Perpetual",,,
INZ000159538,ADROIT FINANCIAL SERVICES (IFSC) PRIVATE LIMITED,ADROIT FINANCIAL SERVICES (IFSC) PRIVATE LIMITED,Stock Broker,"Nov 20, 2017 - Perpetual",,adroitfinancial.com,
INZ000159635,CONCEPT SHARES & SECURITIES LLP,CONCEPT SHARES & SECURITIES LLP,Stock Broker,"Jan 13, 1998 - Perpetual",,,
INZ000159835,PADAM TOWERS SECURITIES LIMITED,PADAM TOWERS SECURITIES LIMITED,Stock Broker,"Jul 26, 2000 - Perpetual",,,
INZ000159933,MOHANLAL HEMCHAND LLP,MOHANLAL HEMCHAND LLP,Stock Broker,"Oct 21, 2005 - Perpetual",,,
INZ000160131,CHOICE EQUITY BROKING PRIVATE LIMITED,CHOICE EQUITY BROKING PRIVATE LIMITED,Stock Broker,"Apr 27, 2009 - Perpetual",,choiceindia.com,
INZ000160330,ASTITVA CAPITAL MARKET PRIVATE LIMITED,ASTITVA CAPITAL MARKET PRIVATE LIMITED,Stock Broker,"Feb 20, 1996 - Perpetual",,,
INZ000160534,REGENCY STOCK BROKING PRIVATE LIMITED,REGENCY STOCK BROKING PRIVATE LIMITED,Stock Broker,"Aug 04, 2008 - Perpetual",,,
INZ000160632,CREST FINSERV LIMITED,CREST FINSERV LIMITED,Stock Broker,"Apr 05, 1999 - Perpetual",,crestfinserv.com,
INZ000160735,STAR FINVEST PVT.LTD.,STAR FINVEST PVT.LTD.,Stock Broker,"Sep 17, 1999 - Perpetual",,starfinvest.in,
INZ000160834,B. N.  RATHI SECURITIES LIMITED,B. N.  RATHI SECURITIES LIMITED,Stock Broker,"Apr 19, 1995 - Perpetual",,bnrsecurities.com,
INZ000160938,TRADEJINI FINANCIAL SERVICES PRIVATE LIMITED,TRADEJINI FINANCIAL SERVICES PRIVATE LIMITED,Stock Broker,"Sep 30, 2008 - Perpetual",,tradejini.com,
INZ000161234,BALANCE EQUITY BROKING (INDIA) PVT. LTD.,BALANCE EQUITY BROKING (INDIA) PVT. LTD,Stock Broker,"Jun 27, 2000 - Perpetual",,,
INZ000161438,PUNE E STOCK BROKING LIMITED,PUNE E STOCK BROKING LIMITED,Stock Broker,"Jun 02, 2000 - Perpetual",,pesb.co.in,
INZ000161534,ANGEL ONE LIMITED,ANGEL ONE LIMITED,Stock Broker,"Jan 13, 1998 - Perpetual",,angelone.in,
INZ000161633,AXIS SECURITIES LIMITED,AXIS SECURITIES LIMITED,Stock Broker,"May 23, 2000 - Perpetual",,axissecurities.in,
INZ000161834,BNP PARIBAS SECURITIES INDIA PRIVATE LIMITED,BNP PARIBAS SECURITIES INDIA PRIVATE LIMITED,Stock Broker,"Jun 02, 2000 - Perpetual",,bnpparibas.com,
INZ000162033,ARISTON CAPITAL SERVICES PRIVATE LIMITED,ARISTON CAPITAL SERVICES PRIVATE LIMITED,Stock Broker,"Sep 30, 2008 - Perpetual",,ariscap.com,
INZ000162134,ZUARI FINSERV LIMITED,ZUARI FINSERV LIMITED,Stock Broker,"Oct 21, 2005 - Perpetual",,zuarimoney.com,
INZ000162233,R V HEMANI SHARES AND STOCK LLP,R V HEMANI SHARES AND STOCK LLP,Stock Broker,"Dec 12, 2005 - Perpetual",,,
INZ000162538,EXCEL DEBT BROKING PRIVATE LIMITED,EXCEL DEBT BROKING PRIVATE LIMITED,Stock Broker,"Jan 03, 2018 - Perpetual",,,
INZ000162635,Mindset Securities Private Limited,Mindset Securities Private Limited,Stock Broker,"Jan 03, 2018 - Perpetual",,nirmalbang.com,
INZ000163034,DOLAT CAPITAL IFSC PRIVATE LIMITED,DOLAT CAPITAL IFSC PRIVATE LIMITED,Stock Broker,"Jan 15, 2018 - Perpetual",,dolatcapital.com,
INZ000163138,MIRAE ASSET CAPITAL MARKETS (INDIA) PRIVATE LIMITED,MIRAE ASSET CAPITAL MARKETS (INDIA) PRIVATE LIMITED,Stock Broker,"Jan 22, 2018 - Perpetual",,miraeassetcm.com,
INZ000163333,J G A SHAH SHARE BROKERS P LTD,J G A SHAH SHARE BROKERS P LTD,Stock Broker,"Jan 13, 1998 - Perpetual",,jgashah.com,
INZ000163434,JM FINANCIAL INSTITUTIONAL SECURITIES LIMITED,JM FINANCIAL INSTITUTIONAL SECURITIES LIMITED,Stock Broker,"Sep 01, 2014 - Perpetual",,jmfl.com,
INZ000163538,IL&FS SECURITIES SERVICES LIMITED,IL&FS SECURITIES SERVICES LIMITED,Stock Broker,"Jun 02, 2000 - Perpetual",,,
INZ000163631,PURE BROKING PRIVATE LIMITED,PURE BROKING PRIVATE LIMITED,Stock Broker,"Feb 06, 2018 - Perpetual",,purebroking.com,
INZ000163752,Pluswealth Capital Management LLP,Pluswealth Capital Management LLP,Stock Broker,"Feb 06, 2018 - Perpetual",,pluswealth.net,
INZ000163932,HARENDRA D.MEHTA SHARE & STOCK BROKER PRIVATE LIMITED,HARENDRA D.MEHTA SHARE & STOCK BROKER PRIVATE LIMITED,Stock Broker,"Dec 30, 1997 - Perpetual",,,
INZ000164039,SBI-SG GLOBAL SECURITIES SERVICES PRIVATE LIMITED,SBI-SG GLOBAL SECURITIES SERVICES PRIVATE LIMITED,Stock Broker,"Apr 01, 2010 - Perpetual",,sbisgcsl.co.in,
INZ000164132,IIFL Capital Services Ltd.,IIFL Capital Services Ltd.,Stock Broker,"May 17, 2000 - Perpetual",,iiflcapital.com,
INZ000164233,NORTHEAST BROKING SERVICES LTD,NORTHEAST BROKING SERVICES LTD,Stock Broker,"Jan 17, 2001 - Perpetual",,northeastltd.com,
INZ000164436,FINDOC INVESTMART PRIVATE LIMITED,FINDOC INVESTMART PRIVATE LIMITED,Stock Broker,"Dec 07, 2012 - Perpetual",,myfindoc.com,
INZ000164537,MANSUKH SECURITIES & FINANCE LTD.,MANSUKH SECURITIES & FINANCE LTD.,Stock Broker,"Sep 14, 1995 - Perpetual",,moneysukh.com,
INZ000164630,PSB SECURITIES LIMITED,PSB SECURITIES LIMITED,Stock Broker,"May 22, 2009 - Perpetual",,psbdirect.com,
INZ000164738,INCRED MONEY BROKING LIMITED,STOCKO BY INCRED MONEY,Stock Broker,"May 22, 2026 - Perpetual",,stocko.in,
INZ000164937,MANSUKH STOCK BROKERS LIMITED,MANSUKH STOCK BROKERS LIMITED,Stock Broker,"Dec 31, 1997 - Perpetual",,moneysukh.com,
INZ000165032,SRI SHIRDI SECURITIES PRIVATE LIMITED,SRI SHIRDI SECURITIES PRIVATE LIMITED,Stock Broker,"Jan 03, 2001 - Perpetual",,,
INZ000165135,SUSHIL FINANCIAL SERVICES PRIVATE LIMITED,SUSHIL FINANCIAL SERVICES PRIVATE LIMITED,Stock Broker,"Jun 29, 1994 - Perpetual",,sushilfinance.com,
INZ000165237,CELEBRUS CAPITAL LIMITED,CELEBRUS CAPITAL LIMITED,Stock Broker,"Nov 07, 2012 - Perpetual",,celebrus.in,
INZ000165534,ORBIS FINANCIAL CORPORATION LTD.,ORBIS FINANCIAL CORPORATION LTD.,Stock Broker,"Aug 26, 2008 - Perpetual",,orbisfinancial.im,
INZ000165639,KMS STOCK BROKING CO PVT LTD,KMS STOCK BROKING CO PVT LTD,Stock Broker,"Oct 01, 2008 - Perpetual",,,
INZ000165734,SURESH RATHI SECURITIES PRIVATE LIMITED,SURESH RATHI SECURITIES PRIVATE LIMITED,Stock Broker,"Dec 12, 1997 - Perpetual",,sureshrathi.in,
INZ000165832,BASANT SECURITIES PRIVATE LIMITED,BASANT SECURITIES PRIVATE LIMITED,Stock Broker,"Aug 30, 1995 - Perpetual",,basantsecurities.com,
INZ000165931,CAPSTOCKS & SECURITIES (INDIA) PVT. LTD.,CAPSTOCKS & SECURITIES (INDIA) PVT. LTD.,Stock Broker,"Jan 07, 2002 - Perpetual",,capstocks.com,
INZ000166031,SHREEHARI SHARES & STOCK BROKERS LLP,SHREEHARI SHARES & STOCK BROKERS LLP,Stock Broker,"Apr 16, 2004 - Perpetual",,,
INZ000166136,NUVAMA  WEALTH MANAGEMENT LIMITED,NUVAMA  WEALTH MANAGEMENT LIMITED,Stock Broker,"Sep 01, 2022 - Perpetual",,edelweiss.in,
INZ000166234,PRUDENT BROKING SERVICES PRIVATE LIMITED,PRUDENT BROKING SERVICES PRIVATE LIMITED,Stock Broker,"Oct 24, 2008 - Perpetual",,prudentbroking.com,
INZ000166334,Mangal Keshav Financial Services LLP,Mangal Keshav Financial Services LLP,Stock Broker,"Dec 19, 1997 - Perpetual",,mangalkeshav.com,
INZ000166439,Tradeswift Broking Private Limited,Tradeswift Broking Private Limited,Stock Broker,"Aug 05, 2025 - Perpetual",,tradeswift.net,
INZ000166538,ASIATIC STOCK & SECURITIES LTD.,ASIATIC STOCK & SECURITIES LTD.,Stock Broker,"Sep 14, 1995 - Perpetual",,,
INZ000166638,R.L.P. SECURITIES PRIVATE LIMITED,R.L.P. SECURITIES PRIVATE LIMITED,Stock Broker,"Sep 12, 2000 - Perpetual",,,
INZ000166934,GRETEX SHARE BROKING LIMITED,GRETEX SHARE BROKING LIMITED,Stock Broker,"Jul 29, 2010 - Perpetual",,gretexbroking.com,
INZ000167225,DURGA PRASAD & CO,DURGA PRASAD & CO,Stock Broker,"Nov 22, 1995 - Perpetual",,dpsec.com,
INZ000167335,SHAH INVESTOR'S HOME LIMITED,SHAH INVESTOR'S HOME LIMITED,Stock Broker,"Aug 08, 1995 - Perpetual",,sihi.in,
INZ000167528,Divya Securities,Divya Securities,Stock Broker,"Mar 09, 2018 - Perpetual",,,
INZ000167638,VARUN BROKING INDIA LIMITED,VARUN BROKING INIDA LIMITED,Stock Broker,"Oct 17, 1995 - Perpetual",,varuncapital.org,
INZ000167734,HEM FINLEASE PVT. LTD.,HEM FINLEASE PVT. LTD.,Stock Broker,"Jun 27, 2000 - Perpetual",,hemsecurities.com,
INZ000168034,HEM SECURITIES LIMITED,HEM SECURITIES LIMITED,Stock Broker,"Nov 05, 1999 - Perpetual",,hemsecurities.com,
INZ000168137,GEPL CAPITAL PRIVATE LIMITED,GEPL CAPITAL PRIVATE LIMITED,Stock Broker,"Jan 13, 1998 - Perpetual",,geplcapital.com,
INZ000168236,CHOLAMANDALAM SECURITIES LIMITED,CHOLAMANDALAM SECURITIES LIMITED,Stock Broker,"Oct 04, 2007 - Perpetual",,murugappa.co,
INZ000168338,Gill Broking Private Limited,Gill Broking Private Limited,Stock Broker,"Mar 19, 2018 - Perpetual",,,
INZ000168432,PENTAD SECURITIES PRIVATE LIMITED,PENTAD SECURITIES PRIVATE LIMITED,Stock Broker,"Jun 17, 2014 - Perpetual",,pentad.in,
INZ000168637,VT CAPITAL MARKET PRIVATE LIMITED,VT CAPITAL MARKET PRIVATE LIMITED,Stock Broker,"Jan 22, 2013 - Perpetual",,varuntradecom.in,
INZ000168834,CENTILLION CAPITAL PRIVATE LIMITED,CENTILLION CAPITAL PRIVATE LIMITED,Stock Broker,"Nov 28, 2000 - Perpetual",,centillioncap.com,
INZ000168931,CAREGROWTH BROKING PRIVATE LIMITED,CAREGROWTH BROKING PRIVATE LIMITED,Stock Broker,"Dec 17, 2007 - Perpetual",,caregrowth.com,
INZ000169033,BHAGWANDAS GORDHANDAS FINANCIAL PRIVATE LIMITED,BHAGWANDAS GORDHANDAS FINANCIAL PRIVATE LIMITED,Stock Broker,"Oct 26, 1994 - Perpetual",,,
INZ000169130,ASHIKA STOCK SERVICES LIMITED,ASHIKA STOCK SERVICES LIMITED,Stock Broker,"Sep 20, 2000 - Perpetual",,ashikagroup.com,
INZ000169235,SUNIDHI SECURITIES & FINANCE  LIMITED,SUNIDHI SECURITIES & FINANCE LIMITED,Stock Broker,"Dec 16, 1994 - Perpetual",,sunidhi.com,
INZ000169335,NIKUNJ STOCK BROKERS LTD.,NIKUNJ STOCK BROKERS LTD.,Stock Broker,"Feb 07, 1995 - Perpetual",,nikunjonline.com,
INZ000169433,PRABHAT FINANCIAL SERVICES LTD.,PRABHAT FINANCIAL SERVICES LTD.,Stock Broker,"Feb 27, 1996 - Perpetual",,,
INZ000169535,CIL SECURITIES LIMITED,CIL SECURITIES LIMITED,Stock Broker,"Oct 26, 1994 - Perpetual",,cilsecurities.com,
INZ000169632,PhillipCapital (India) Private Limited,PhillipCapital (India) Private Limited,Stock Broker,"Sep 28, 2012 - Perpetual",,phillipcapital.in,
INZ000169733,A.G. SHARES & SECURITIES LTD.,A.G. SHARES & SECURITIES LTD.,Stock Broker,"Nov 22, 1995 - Perpetual",,agssl.in,
INZ000169839,EUREKA STOCK & SHARE BROKING SERVICES LTD.,EUREKA STOCK & SHARE BROKING SERVICES LTD.,Stock Broker,"Dec 18, 2003 - Perpetual",,eurekasecurities.com,
INZ000169935,FARSIGHT SECURITIES LTD.,FARSIGHT SECURITIES LTD.,Stock Broker,"Jan 12, 1996 - Perpetual",,farsightshares.com,
INZ000170031,Indus Shareshree Private Limited,Indus Shareshree Private Limited,Stock Broker,"Sep 14, 1995 - Perpetual",,indusinvest.com,
INZ000170130,ESTEE ADVISORS PRIVATE LIMITED,ESTEE ADVISORS PRIVATE LIMITED,Stock Broker,"Apr 02, 2009 - Perpetual",,esteeadvisors.com,
INZ000170330,LAKSHMISHREE INVESTMENT AND SECURITIES LTD.,LAKSHMISHREE INVESTMENT AND SECURITIES LTD.,Stock Broker,"Apr 05, 2007 - Perpetual",,lakshmishree.com,
INZ000170434,ACUMEN CAPITAL MARKET (INDIA) LIMITED,ACUMEN CAPITAL MARKET (INDIA) LIMITED,Stock Broker,"Feb 20, 1996 - Perpetual",,acumengroup.in,
INZ000170532,Nucleus Stocks Brokers Pvt. Ltd,Nucleus Stocks Brokers Pvt. Ltd,Stock Broker,"Jan 12, 2000 - Perpetual",,cgindia.com,
INZ000170639,PROGRESSIVE SHARE BROKERS PVT LTD,PROGRESSIVE SHARE BROKERS PVT LTD,Stock Broker,"Jan 12, 1996 - Perpetual",,progresiveshares.com,
INZ000170736,L.F.C. SECURITIES PRIVATE LIMITED,L.F.C. SECURITIES PRIVATE LIMITED,Stock Broker,"May 26, 2005 - Perpetual",,labdhi.in,
INZ000170832,ANAND RATHI SHARE AND STOCK BROKERS LIMITED,ANAND RATHI SHARE AND STOCK BROKERS LIMITED,Stock Broker,"Dec 16, 1994 - Perpetual",,rathi.com,
INZ000170932,PARKER DERIVATIVES (INDIA)  PRIVATE LIMITED,PARKER DERIVATIVES (INDIA)  PRIVATE LIMITED,Stock Broker,"Jan 13, 2009 - Perpetual",,,
INZ000171033,HORIZON FINANCIAL CONSULTANTS PRIVATE LIMITED,HORIZON FINANCIAL CONSULTANTS PRIVATE LIMITED,Stock Broker,"Nov 08, 2011 - Perpetual",,horizon.net.co,
INZ000171134,SYSTEMATIX SHARES & STOCKS (INDIA) LTD.,SYSTEMATIX SHARES & STOCKS (INDIA) LTD.,Stock Broker,"Sep 22, 2000 - Perpetual",,systematixgroup.in,
INZ000171337,Sharekhan Limited,Sharekhan Limited,Stock Broker,"Jul 07, 2025 - Perpetual",,sharekhan.com,
INZ000171635,BLB LIMITED,BLB LIMITED,Stock Broker,"Oct 26, 1994 - Perpetual",,blblimited.com,
INZ000171733,Kalpalabdhi Financials Private Limited,Kalpalabdhi Financials Private Limited,Stock Broker,"Feb 17, 2025 - Perpetual",,kalpalabdhi.com,
INZ000171838,TRADEBULLS SECURITIES PRIVATE LIMITED,TRADEBULLS SECURITIES PRIVATE LIMITED,Stock Broker,"Oct 01, 2009 - Perpetual",,tradebulls.in,
INZ000171936,TRADEWELL SECURITIES LIMITED,TRADEWELL SECURITIES LIMITED,Stock Broker,"May 24, 2007 - Perpetual",,tradewellmail.com,
INZ000172031,MAGNUM EQUITY BROKING LIMITED,MAGNUM EQUITY BROKING LIMITED,Stock Broker,"Oct 27, 1994 - Perpetual",,magnum.co.in,
INZ000172332,suncity share broker private limited,suncity share broker private limited,Stock Broker,"Mar 27, 2018 - Perpetual",,,
INZ000172433,INDUSIND SECURITIES LIMITED,INDUSIND SECURITIES LIMITED,Stock Broker,"Apr 27, 2026 - Perpetual",,,
INZ000172539,PRAGYA SECURITIES PVT. LTD.,PRAGYA SECURITIES PVT. LTD.,Stock Broker,"Jun 14, 2000 - Perpetual",,psplonline.com,
INZ000172636,ADITYA BIRLA MONEY LIMITED,ADITYA BIRLA MONEY LIMITED,Stock Broker,"Aug 12, 2009 - Perpetual",,adityabirlacapital.co,
INZ000172937,IKM INVESTORS PRIVATE LIMITED,IKM INVESTORS PRIVATE LIMITED,Stock Broker,"Oct 06, 1995 - Perpetual",,ikminvestor.com,
INZ000173014,A SWAMINATHAN,A SWAMINATHAN,Stock Broker,"Mar 28, 2018 - Perpetual",,,
INZ000173137,ADROIT FINANCIAL SERVICES PVT. LTD.,ADROIT FINANCIAL SERVICES PVT. LTD.,Stock Broker,"Jan 12, 1996 - Perpetual",,adroitfinancial.com,
INZ000173337,AUM SECURITIES PRIVATE LTD.,AUM SECURITIES PRIVATE LTD.,Stock Broker,"Dec 07, 2023 - Perpetual",,aumsecurities.in,
INZ000173431,EDEL INVESTMENTS LIMITED,EDEL INVESTMENTS LIMITED,Stock Broker,"Aug 11, 2014 - Perpetual",,edelweissfin.com,
INZ000173635,AFFLUENCE SHARES AND STOCKS PRIVATE LIMITED,AFFLUENCE SHARES AND STOCKS PRIVATE LIMITED,Stock Broker,"Dec 03, 2012 - Perpetual",,affluencetrade.com,
INZ000173837,CAPITAL WIZARD STOCK BROKING PRIVATE LIMITED,CAPITAL WIZARD STOCK BROKING PRIVATE LIMITED,Stock Broker,"Jun 14, 2007 - Perpetual",,capitalwizard.in,
INZ000173933,AJCON GLOBAL SERVICES LTD.,AJCON GLOBAL SERVICES LTD.,Stock Broker,"Sep 23, 1994 - Perpetual",,ajcon.net,
INZ000174034,JOINDRE CAPITAL SERVICES LTD.,JOINDRE CAPITAL SERVICES LTD.,Stock Broker,"Feb 01, 1996 - Perpetual",,joindre.com,
INZ000174423,VAJRAADITYA VENTURES,VAJRAADITYA VENTURES,Stock Broker,"Jul 22, 2013 - Perpetual",,vajvt.com,
INZ000174537,JK SECURITIES PVT. LTD.,JK SECURITIES PVT .LTD.,Stock Broker,"Nov 22, 1995 - Perpetual",,jksecurities.com,
INZ000174634,ZEBU SHARE AND WEALTH MANAGEMENTS PRIVATE LIMITED,ZEBU SHARE AND WEALTH MANAGEMENTS PRIVATE LIMITED,Stock Broker,"Feb 26, 2014 - Perpetual",,zebuetrade.com,
INZ000174730,MARWADI SHARES AND FINANCE LIMITED,MARWADI SHARES AND FINANCE LIMITED,Stock Broker,"Mar 11, 2004 - Perpetual",,marwadionline.in,
INZ000174838,ANG CAPITAL QUANTS PRIVATE LIMITED,ANG CAPITAL QUANTS PRIVATE LIMITED,Stock Broker,"Jun 20, 2008 - Perpetual",,angcapital.in,
INZ000175032,Crizac Technologies Private Limited,Crizac Technologies Private Limited,Stock Broker,"Apr 11, 2018 - Perpetual",,crizac.com,
INZ000175235,VINOD SHARES LIMITED,VINOD SHARES LIMITED,Stock Broker,"Aug 24, 2006 - Perpetual",,vinodgroup.com,
INZ000175534,ARHAM SHARE PRIVATE LIMITED,ARHAM SHARE PRIVATE LIMITED,Stock Broker,"Jan 13, 2011 - Perpetual",,arhamshare.com,
INZ000175837,DIMENSIONAL SECURITIES PRIVATE LIMITED,DIMENSIONAL SECURITIES PRIVATE LIMITED,Stock Broker,"May 27, 1994 - Perpetual",,dimensional.in,
INZ000175931,INTEGRATED MASTER SECURITIES PRIVATE LIMITED,INTEGRATED MASTER SECURITIES PRIVATE LIMITED,Stock Broker,"Dec 15, 1995 - Perpetual",,integratedmaster.com,
INZ000176037,FINVASIA SECURITIES PRIVATE LIMITED,FINVASIA SECURITIES PRIVATE LIMITED,Stock Broker,"Apr 17, 2013 - Perpetual",,shoonya.com,
INZ000176139,NARAYAN SECURITIES LIMITED,NARAYAN SECURITIES LIMITED,Stock Broker,"Aug 29, 1996 - Perpetual",,narayansecurities.com,
INZ000176436,PROGNOSIS SECURITIES PRIVATE LIMITED,PROGNOSIS SECURITIES PRIVATE LIMITED,Stock Broker,"Dec 13, 2022 - Perpetual",,,
INZ000176539,BP EQUITIES PRIVATE LIMITED,BP EQUITIES PRIVATE LIMITED,Stock Broker,"Dec 30, 1997 - Perpetual",,bpwealth.com,
INZ000176636,SHAREWEALTH SECURITIES LTD.,SHAREWEALTH,Stock Broker,"Jan 23, 2006 - Perpetual",,sharewealthindia.com,
INZ000176759,MATHISYS QUANTCAP LLP,MATHISYS QUANTCAP LLP,Stock Broker,"Apr 25, 2018 - Perpetual",,mathisys-india.com,
INZ000176837,KHANDWALA SECURITIES LTD.,KHANDWALA SECURITIES LTD.,Stock Broker,"Dec 14, 2006 - Perpetual",,vsnl.com,
INZ000176938,PEE AAR SECURITIES LIMITED,PEE AAR SECURITIES LIMITED,Stock Broker,"Aug 22, 2011 - Perpetual",,peeaarmail.com,
INZ000177036,GOODWILL WEALTH MANAGEMENT PRIVATE LIMITED,GOODWILL WEALTH MANAGEMENT PRIVATE LIMITED,Stock Broker,"Apr 10, 2014 - Perpetual",,gwcindia.in,
INZ000177137,GLOBE CAPITAL MARKET LTD,GLOBE  CAPITAL MARKET LTD,Stock Broker,"Nov 15, 1994 - Perpetual",,globecapital.com,
INZ000177234,EXCLUSIVE SECURITIES LIMITED,EXCLUSIVE SECURITIES LIMITED,Stock Broker,"Sep 14, 1995 - Perpetual",,exclusivegroup.co.in,
INZ000177338,PROMPT CORPORATE SERVICES LTD.,PROMPT CORPORATE SERVICES LTD.,Stock Broker,"Aug 01, 2000 - Perpetual",,,
INZ000177437,Nuvama Clearing Services Limited,Nuvama Clearing Services Limited,Stock Broker,"Dec 16, 2022 - Perpetual",,edelweiss.in,
INZ000177531,AJMERA ASSOCIATES LIMITED,AJMERA ASSOCIATES LIMITED,Stock Broker,"Aug 19, 2002 - Perpetual",,ajmera.co.in,
INZ000177636,SMART EQUITY BROKERS PRIVATE LIMITED,SMART EQUITY BROKERS PRIVATE LIMITED,Stock Broker,"Dec 07, 2006 - Perpetual",,smartequity.in,
INZ000177733,MK Chandan Broking Limited,RTG SHARE BROKING LIMITED,Stock Broker,"Nov 20, 2008 - Perpetual",,,
INZ000177934,Klay Securities Private Limited,Klay Securities Private Limited,Stock Broker,"Apr 27, 2018 - Perpetual",,klaygroup.com,
INZ000178035,FORTUNE INTERFINANCE LTD.,FORTUNE INTERFINANCE LTD.,Stock Broker,"Oct 26, 2005 - Perpetual",,fifl.co.in,
INZ000178232,NDB SECURITIES PRIVATE LIMITED,NDB SECURITIES PRIVATE LIMITED,Stock Broker,"May 11, 2012 - Perpetual",,,
INZ000178336,SHARE INDIA SECURITIES LIMITED,SHARE INDIA SECURITIES LIMITED,Stock Broker,"Mar 06, 2000 - Perpetual",,shareindia.com,
INZ000178436,SSJ FINANCE AND SECURITIES PRIVATE LIMITED,SSJ FINANCE AND SECURITIES PRIVATE LIMITED,Stock Broker,"Apr 11, 1997 - Perpetual",,ssjfinance.com,
INZ000178534,DBFS SECURITIES LIMITED,DBFS SECURITIES LIMITED,Stock Broker,"Dec 11, 2008 - Perpetual",,dbfsindia.com,
INZ000178638,SHRIRAM FINANCIAL SERVICES PRIVATE LIMITED,SHRIRAM FINANCIAL SERVICES PRIVATE LIMITED,Stock Broker,"May 11, 2021 - Perpetual",,way2wealth.com,
INZ000178736,KSN Credence Commodities Trading Private Limited,KSN Credence Commodities Trading Private Limited,Stock Broker,"Jun 17, 2021 - Perpetual",,stockart.co.in,
INZ000178924,DEVENDRA SHANTILAL KOTHARI,M/S DEVENDRA SHANTILAL KOTHARI,Stock Broker,"Apr 17, 1996 - Perpetual",,,
INZ000179035,DB (INTERNATIONAL) STOCK BROKERS LIMITED,DB (INTERNATIONAL) STOCK BROKERS LIMITED,Stock Broker,"Oct 26, 1994 - Perpetual",,dbonline.in,
INZ000179131,SAAKETA INVESTMENT SERVICES LTD,SAAKETA INVESTMENT SERVICES LTD,Stock Broker,"Aug 08, 1995 - Perpetual",,,
INZ000179235,HSB SECURITIES & EQUITIES LIMITED,HSB SECURITIES & EQUITIES LIMITED,Stock Broker,"Dec 17, 2018 - Perpetual",,,
INZ000179335,KRIPA SECURITIES PRIVATE LIMITED,KRIPA SECURITIES PRIVATE LIMITED,Stock Broker,"Feb 06, 2009 - Perpetual",,kripasec.com,
INZ000179435,CORUM SECURITIES PRIVATE LIMITED,CORUM SECURITIES PRIVATE LIMITED,Stock Broker,"Jun 07, 2012 - Perpetual",,corumsecurities.com,
INZ000179633,FRONTLINE STOCK BROKERS PRIVATE LIMITED,FRONTLINE STOCK BROKERS PRIVATE LIMITED,Stock Broker,"Oct 06, 1995 - Perpetual",,fcslindia.com,
INZ000179731,JAYPEE CAPITAL LIMITED,JAYPEE CAPITAL LIMITED,Stock Broker,"Oct 19, 1995 - Perpetual",,jaypeeindia.com,
INZ000179933,Bang Securities Private Limited,Bang Securities Private Limited,Stock Broker,"May 23, 2018 - Perpetual",,nirmalbang.com,
INZ000180218,PREM A SINGHAL,PREM A SINGHAL,Stock Broker,"Nov 26, 1992 - Perpetual",,,
INZ000180332,Nirshilp Commodities and Trading Private Limited,Nirshilp Commodities and Trading Private Limited,Stock Broker,"May 25, 2018 - Perpetual",,dolatcapital.com,
INZ000180436,KUNVARJI FINSTOCK PVT. LTD.,KUNVARJI FINSTOCK PVT. LTD.,Stock Broker,"Apr 01, 1998 - Perpetual",,kunvarji.com,
INZ000180555,Maxizo Trading LLP,Maxizo Trading LLP,Stock Broker,"May 25, 2018 - Perpetual",,,
INZ000180832,PACE STOCK BROKING SERVICES PRIVATE LIMITED,PACE STOCK BROKING SERVICES PRIVATE LIMITED,Stock Broker,"Mar 07, 2005 - Perpetual",,pacefin.com,
INZ000180939,ARIHANT CAPITAL MARKETS LIMITED,ARIHANT CAPITAL MARKETS LIMITED,Stock Broker,"Sep 14, 1995 - Perpetual",,arihantcapital.com,
INZ000181031,DALMIA SECURITIES PRIVATE LIMITED,DALMIA SECURITIES PRIVATE LIMITED,Stock Broker,"Oct 26, 1994 - Perpetual",,dalmiasec.com,
INZ000181135,KRCHOKSEY SHARES AND SECURITIES PRIVATE LIMITED,KRCHOKSEY SHARES AND SECURITIES PRIVATE LIMITED,Stock Broker,"Dec 12, 1997 - Perpetual",,krchoksey.com,
INZ000181235,MINDEX CAPITAL MARKET PRIVATE LIMITED,MINDEX CAPITAL MARKET PRIVATE LIMITED,Stock Broker,"Oct 07, 2010 - Perpetual",,mknonline.in,
INZ000181437,Vora Shares and Stock Broker LLP,Vora Shares and Stock Broker LLP,Stock Broker,"Jun 10, 2022 - Perpetual",,abnwealth.com,
INZ000181536,ARYA FIN-TRADE SERVICES (INDIA) PRIVATE LIMITED,ARYA FIN-TRADE SERVICES (INDIA) PRIVATE LIMITED,Stock Broker,"Feb 25, 2014 - Perpetual",,aryafingroup.com,
INZ000181631,SAMYAG BROKING PRIVATE LIMITED,SAMYAG BROKING PRIVATE LIMITED,Stock Broker,"Aug 10, 2010 - Perpetual",,,
INZ000181731,KAPILA SECURITIES PVT. LTD.,KAPILA SECURITIES PVT. LTD.,Stock Broker,"Sep 14, 1995 - Perpetual",,kapilasecurities.com,
INZ000181836,AFFINITY SECURITIES PRIVATE LIMITED,AFFINITY SECURITIES PRIVATE LIMITED,Stock Broker,"Dec 28, 2012 - Perpetual",,theaffinity.in,
INZ000182035,SANTOSH KUMAR KEJRIWAL SECU.(P) LTD,SANTOSH KUMAR KEJRIWAL SECU.(P) LTD,Stock Broker,"Aug 08, 1995 - Perpetual",,kejriwalgroup.in,
INZ000182234,SANGHAVI SAVLA STOCK BROKERS LTD.,SANGHAVI SAVLA STOCK BROKERS LTD.,Stock Broker,"Aug 30, 1995 - Perpetual",,sanbro.in,
INZ000182337,PINNACLE FOREX & SECURITIES PRIVATE LIMITED,PINNACLE FOREX & SECURITIES PRIVATE LIMITED,Stock Broker,"Nov 13, 2009 - Perpetual",,pinnacletrades.com,
INZ000182435,MILLENNIUM STOCK BROKING PRIVATE LIMITED,MILLENNIUM STOCK BROKING PRIVATE LIMITED,Stock Broker,"Sep 05, 2000 - Perpetual",,msbpl.in,
INZ000182531,SW CAPITAL PRIVATE LIMITED,SW CAPITAL PRIVATE LIMITED,Stock Broker,"Sep 17, 2014 - Perpetual",,swcapital.in,
INZ000182734,STOCKHOME INDIA LTD.,STOCKHOME INDIA LTD.,Stock Broker,"Jan 07, 2002 - Perpetual",,stockhomeindia.com,
INZ000182938,GOLDMINE STOCKS PVT. LTD.,GOLDMINE STOCKS PVT. LTD.,Stock Broker,"Feb 27, 1996 - Perpetual",,goldmine.co.in,
INZ000183033,SHRI BRIJ SECURITIES PVT. LTD,SHRI BRIJ SECURITIES PVT. LTD,Stock Broker,"Dec 12, 1997 - Perpetual",,shribrijsecurities.com,
INZ000183237,RADAR VISION LIMITED,RADAR VISION LIMITED,Stock Broker,"Jun 28, 2018 - Perpetual",,radarvision.com,
INZ000183334,TOWER RESEARCH CAPITAL MARKETS INDIA PRIVATE LIMITED,TOWER RESEARCH CAPITAL MARKETS INDIA PRIVATE LIMIT,Stock Broker,"Aug 02, 2012 - Perpetual",,tower-research.com,
INZ000183631,ICICI SECURITIES LIMITED,ICICI SECURITIES LIMITED,Stock Broker,"Sep 14, 1995 - Perpetual",,icicisecurities.com,
INZ000183738,DIVYA CAPITAL ONE PRIVATE LIMITED,DIVYA CAPITAL ONE PRIVATE LIMITED,Stock Broker,"Dec 26, 2005 - Perpetual",,divyacapitalone.com,
INZ000183831,CONSORTIUM SECURITIES PVT. LIMITED,CONSORTIUM SECURITIES PVT. LIMITED,Stock Broker,"Feb 01, 1996 - Perpetual",,consortiumsecurities.com,
INZ000183933,SPAN CAPLEASE PVT. LTD.,SPAN CAPLEASE PVT. LTD.,Stock Broker,"Nov 26, 1998 - Perpetual",,spancaplease.com,
INZ000184331,RELITRADE STOCK BROKING PRIVATE LIMITED,RELITRADE STOCK BROKING PRIVATE LIMITED,Stock Broker,"Jun 26, 2013 - Perpetual",,relitrade.in,
INZ000184438,C.D. EQUISEARCH PVT. LTD,C.D. EQUISEARCH PVT. LTD,Stock Broker,"Sep 14, 1995 - Perpetual",,vsnl.net.in,
INZ000184532,P H FINANCIALS AND INVESTMENTS  PRIVATE  LIMITED,P H FINANCIALS AND INVESTMENTS  PRIVATE  LIMITED,Stock Broker,"Oct 26, 1994 - Perpetual",,vsnl.com,
INZ000184638,MSB E-TRADE SECURITIES LIMITED,MSB E-TRADE SECURITIES LIMITED,Stock Broker,"Dec 28, 2006 - Perpetual",,msbetrade.com,
INZ000184830,JRD SECURITIES PRIVATE LIMITED,JRD SECURITIES PRIVATE LIMITED,Stock Broker,"Dec 30, 1997 - Perpetual",,,
INZ000184932,MATALIA STOCK BROKING PVT. LTD.,MATALIA STOCK BROKING PVT. LTD.,Stock Broker,"Jul 30, 2004 - Perpetual",,matalia.co.in,
INZ000185032,FAIR INTERMEDIATE INVESTMENT (P) LTD.,FAIR INTERMEDIATE INVESTMENT (P) LTD.,Stock Broker,"Aug 13, 2004 - Perpetual",,fairinvest.co.in,
INZ000185238,MUTHOOT SECURITIES LIMITED,MUTHOOT SECURITIES LIMITED,Stock Broker,"Feb 28, 2008 - Perpetual",,muthootsecurities.com,
INZ000185331,FOCUS SHARES & SECURITIES PRIVATE LIMITED,FOCUS SHARES & SECURITIES PRIVATE LIMITED,Stock Broker,"Apr 23, 2008 - Perpetual",,focuscomtrade.com,
INZ000185431,AUM Capital Market Private Limited,AUM Capital Market Private Limited,Stock Broker,"Jan 13, 2026 - Perpetual",,aumcap.com,
INZ000185530,AGROY FINANCE & INVESTMENT LIMITED,AGROY FINANCE & INVESTMENT LIMITED,Stock Broker,"Feb 07, 1995 - Perpetual",,agroy.com,
INZ000185632,YES SECURITIES (INDIA) LIMITED,YES SECURITIES (INDIA) LIMITED,Stock Broker,"Jul 08, 2013 - Perpetual",,ysil.in,
INZ000185936,THIRANI SECURITIES PVT. LTD.,THIRANI SECURITIES PVT. LTD.,Stock Broker,"Jun 03, 2004 - Perpetual",,,
INZ000186032,PREMIER SHARES LIMITED,PREMIER SHARES LIMITED,Stock Broker,"Feb 27, 1996 - Perpetual",,,
INZ000186135,NIRMAL BANG EQUITIES PRIVATE LIMITED,NIRMAL BANG EQUITIES PRIVATE LIMITED,Stock Broker,"Jul 13, 2009 - Perpetual",,nirmalbang.com,
INZ000186336,ASIT C MEHTA INVESTMENT  INTERRMEDIATES  LTD,ASIT C MEHTA INVESTMENT  INTERRMEDIATES  LTD,Stock Broker,"Jul 12, 2024 - Perpetual",,acm.co.in,
INZ000186638,JAVERI FISCAL SERVICES LTD.,JAVERI FISCAL SERVICES LTD.,Stock Broker,"Jan 13, 1998 - Perpetual",,,
INZ000186736,DAMANI FINANCIAL SERVICES PRIVATE LIMITED,DAMANI FINANCIAL SERVICES PRIVATE LIMITED,Stock Broker,"Jun 27, 2011 - Perpetual",,,
INZ000186937,HDFC SECURITIES LTD.,HDFC SECURITIES LTD.,Stock Broker,"Jun 27, 2000 - Perpetual",,hdfcsec.com,
INZ000187033,VEDIKA STOCK BROKING PRIVATE LIMITED,VEDIKA STOCK BROKING PRIVATE LIMITED,Stock Broker,"Jan 02, 2009 - Perpetual",,,
INZ000187132,R K GLOBAL SHARES & SECURITIES LIMITED,R K GLOBAL SHARES & SECURITIES LIMITED,Stock Broker,"Nov 22, 1995 - Perpetual",,rkglobal.in,
INZ000187234,SAMURAI SECURITIES PRIVATE LIMITED,SAMURAI SECURITIES PRIVATE LIMITED,Stock Broker,"Aug 19, 2004 - Perpetual",,samuraisec.co.in,
INZ000187332,R. WADIWALA SECURITIES PVT. LTD.,R. WADIWALA SECURITIES PVT. LTD.,Stock Broker,"Mar 30, 2005 - Perpetual",,rwadiwala.com,
INZ000187438,BAHUBALI FINANCIAL SERVICES PRIVATE LIMITED,BAHUBALI FINANCIAL SERVICES PRIVATE LIMITED,Stock Broker,"Mar 23, 2005 - Perpetual",,,
INZ000187530,HPMG SHARES AND SECURITIES PRIVATE LIMITED,HPMG SHARES AND SECURITIES PRIVATE LIMITED,Stock Broker,"Jun 12, 2008 - Perpetual",,hpmgshares.com,
INZ000187633,HARIHAR SECURITIES PRIVATE LIMITED,HARIHAR SECURITIES PRIVATE LIMITED,Stock Broker,"Jan 22, 2010 - Perpetual",,hariharsecurities.com,
INZ000187737,UNIQUE STOCKBRO PRIVATE LIMITED,UNIQUE STOCKBRO PRIVATE LIMITED,Stock Broker,"Dec 09, 1999 - Perpetual",,uniquestockbro.com,
INZ000187834,JPT SHARE SERVICES PRIVATE LIMITED,JPT SHARE SERVICES PRIVATE LIMITED,Stock Broker,"Jan 31, 2011 - Perpetual",,jptsecurities.com,
INZ000187932,ASTHA CREDIT & SECURITIES PVT. LTD.,ASTHA CREDIT & SECURITIES PVT. LTD.,Stock Broker,"Apr 20, 2005 - Perpetual",,rupeezy.in,
INZ000188233,GUJJU STOCKS TRADING PRIVATE LIMITED,GUJJU STOCKS TRADING PRIVATE LIMITED,Stock Broker,"Feb 22, 2012 - Perpetual",,,
INZ000188335,VINEMI SHARES & STOCK BROKER LLP,VINEMI SHARES & STOCK BROKER LLP,Stock Broker,"May 04, 2011 - Perpetual",,,
INZ000188431,BRIJMOHAN SAGARMAL SECURITIES PRIVATE LIMITED,BRIJMOHAN SAGARMAL SECURITIES PRIVATE LIMITED,Stock Broker,"Dec 23, 1998 - Perpetual",,brijsagar.com,
INZ000188632,MITHUN SECURITIES PVT. LTD.,MITHUN SECURITIES PVT. LTD.,Stock Broker,"Aug 30, 1995 - Perpetual",,mithunsecurities.com,
INZ000188835,SKI CAPITAL SERVICES LTD.,SKI CAPITAL SERVICES LTD.,Stock Broker,"Oct 19, 1995 - Perpetual",,skicapital.net,
INZ000188930,INDIRA SECURITIES PRIVATE LIMITED,INDIRA SECURITIES PRIVATE LIMITED,Stock Broker,"Dec 31, 2024 - Perpetual",,indiratrade.com,
INZ000189034,ARHAM WEALTH MANAGEMENT PRIVATE LIMITED,ARHAM WEALTH MANAGEMENT PRIVATE LIMITED,Stock Broker,"Jul 23, 2014 - Perpetual",,,
INZ000189534,ACROSS BROKING PRIVATE LIMITED,ACROSS BROKING PRIVATE LIMITED,Stock Broker,"Jul 12, 2010 - Perpetual",,acrossbroking.com,
INZ000189732,GLOBALWORTH SECURITIES LIMITED,GLOBALWORTH SECURITIES LIMITED,Stock Broker,"Aug 12, 2010 - Perpetual",,globalworth.in,
INZ000189835,VISHWAS FINCAP SERVICES PRIVATE LIMITED,VISHWAS FINCAP SERVICES PRIVATE LIMITED,Stock Broker,"Sep 06, 2010 - Perpetual",,vishwasfincap.com,
INZ000189931,AXIS CAPITAL LIMITED,AXIS CAPITAL LIMITED,Stock Broker,"Jun 23, 2010 - Perpetual",,axiscap.in,
INZ000190027,GKN SECURITIES,GKN SECURITIES,Stock Broker,"May 04, 2009 - Perpetual",,,
INZ000190130,GRESHMA SHARES & STOCKS LIMITED,GRESHMA SHARES & STOCKS LIMITED,Stock Broker,"Oct 15, 2009 - Perpetual",,,
INZ000190232,BADJATE STOCK AND SHARES PRIVATE LIMITED,BADJATE STOCK AND SHARES PRIVATE LIMITED,Stock Broker,"Apr 17, 2013 - Perpetual",,badjategroup.com,
INZ000190431,ASNANI STOCK BROKER PRIVATE LIMITED,ASNANI STOCK BROKER PRIVATE LIMITED,Stock Broker,"Sep 07, 2010 - Perpetual",,asnanionline.com,
INZ000190535,FORTUNE WEALTH MANAGEMENT CO. INDIA (P) LTD.,FORTUNE WEALTH MANAGEMENT CO. INDIA (P) LTD.,Stock Broker,"Apr 16, 2004 - Perpetual",,fortunewmc.com,
INZ000190631,RAINBOW SECURITIES PRIVATE LIMITED,RAINBOW SECURITIES PRIVATE LIMITED,Stock Broker,"Oct 10, 2008 - Perpetual",,rainbowindia.co.in,
INZ000190836,EAST INDIA SECURITIES LTD.,EAST INDIA SECURITIES LTD.,Stock Broker,"Oct 19, 1995 - Perpetual",,eisec.com,
INZ000190932,C. D. INTEGRATED SERVICES LTD.,C. D. INTEGRATED SERVICES LTD.,Stock Broker,"May 09, 2000 - Perpetual",,cdintegrated.co.in,
INZ000191134,JBS SECURITIES PVT. LTD.,JBS SECURITIES PVT. LTD.,Stock Broker,"Sep 14, 1995 - Perpetual",,icenet.co.in,
INZ000191233,SAMRIDHI STOCKS PRIVATE LIMITED,SAMRIDHI STOCKS PRIVATE LIMITED,Stock Broker,"Aug 24, 2006 - Perpetual",,samridhistocks.com,
INZ000191336,MOTISONS SHARES LIMITED,MOTISONS SHARES LIMITED,Stock Broker,"May 13, 2008 - Perpetual",,gmial.com,
INZ000191431,GANESH STOCKINVEST (P) LTD,GANESH STOCKINVEST (P) LTD,Stock Broker,"Oct 06, 1995 - Perpetual",,ganeshstock.com,
INZ000191536,FLOURISH FINCAP PRIVATE LIMITED,FLOURISH FINCAP PRIVATE LIMITED,Stock Broker,"Jul 31, 2008 - Perpetual",,,
INZ000191632,INTELLECT STOCK BROKING LIMITED,INTELLECT STOCK BROKING LIMITED,Stock Broker,"Apr 23, 2008 - Perpetual",,intellectmoney.com,
INZ000191735,RATNAKAR SECURITIES PVT. LTD.,RATNAKAR SECURITIES PVT. LTD.,Stock Broker,"Sep 14, 1995 - Perpetual",,ratnakarsecurities.com,
INZ000191839,THINCREDBLU SECURITIES PRIVATE LIMITED,THINCREDBLU SECURITIES PRIVATE LIMITED,Stock Broker,"Aug 02, 2012 - Perpetual",,thincredblu.com,
INZ000192035,NAVJEEVAN EQUITY BROKING PRIVATE LIMITED,NAVJEEVAN EQUITY BROKING PRIVATE LIMITED,Stock Broker,"Sep 30, 2008 - Perpetual",,navjeevanbroking.com,
INZ000192133,Wilson Financial Services Private Limited,Wilson Financial Services Private Limited,Stock Broker,"Aug 09, 2018 - Perpetual",,wilsonfinserv.com,
INZ000192233,VIKSON SECURITIES PRIVATE LIMITED,VIKSON SECURITIES PRIVATE LIMITED,Stock Broker,"Nov 05, 2008 - Perpetual",,vikson.in,
INZ000192436,Signatureglobal Comtrade Private Limited,Signatureglobal Comtrade Private Limited,Stock Broker,"Jun 14, 2024 - Perpetual",,signatureglobaltrade.com,
INZ000192537,COMFORT SECURITIES LIMITED,COMFORT SECURITIES LIMITED,Stock Broker,"Jun 28, 2007 - Perpetual",,comfortsecurities.co.in,
INZ000192638,SSPL SECURITIES PRIVATE LIMITED,SSPL SECURITIES PRIVATE LIMITED,Stock Broker,"Aug 09, 2000 - Perpetual",,ssplwealth.com,
INZ000192732,SWASTIKA INVESTMART LIMITED,SWASTIKA INVESTMART LIMITED,Stock Broker,"Sep 05, 2000 - Perpetual",,swastika.co.in,
INZ000192837,MULTIGAIN SECURITIES SERVICES PRIVATE LIMITED,MULTIGAIN SECURITIES SERVICES PRIVATE LIMITED,Stock Broker,"Feb 06, 2009 - Perpetual",,multigain.in,
INZ000192935,OPG SECURITIES PRIVATE LTD,OPG SECURITIES PRIVATE LTD,Stock Broker,"Jun 20, 1996 - Perpetual",,opgsecurities.com,
INZ000193137,PCS SECURITIES LTD.,PCS SECURITIES LTD.,Stock Broker,"Aug 30, 1995 - Perpetual",,pcssecurities.co.in,
INZ000193238,GDB SHARE & STK BRO. SER. LTD.,GDB SHARE & STK BRO. SER. LTD.,Stock Broker,"Sep 14, 1995 - Perpetual",,,
INZ000193533,DYNAMIC EQUITIES PRIVATE LIMITED,DYNAMIC EQUITIES PVT. LTD.,Stock Broker,"Dec 09, 1999 - Perpetual",,dynamiccares.com,
INZ000193733,EASTERN FINANCIERS LTD.,EASTERN FINANCIERS LTD.,Stock Broker,"Oct 09, 2003 - Perpetual",,easternfin.com,
INZ000193839,VSE STOCK SERVICES LIMITED,VSE STOCK SERVICES LIMITED,Stock Broker,"Oct 31, 2003 - Perpetual",,vselindia.com,
INZ000193937,GRD SECURITIES LTD.,GRD SECURITIES LTD.,Stock Broker,"Aug 30, 2002 - Perpetual",,grdgroupz.com,
INZ000194035,BALJIT SECURITIES PVT. LTD,BALJIT SECURITIES PVT. LTD,Stock Broker,"Apr 22, 1996 - Perpetual",,baljitgroup.com,
INZ000194130,SSM SECURITIES PVT. LTD.,SSM SECURITIES PVT. LTD.,Stock Broker,"Apr 06, 2000 - Perpetual",,,
INZ000194236,MANUBHAI MANGALDAS SECURITIES PVT. LTD,MANUBHAI MANGALDAS SECURITIES PVT. LTD,Stock Broker,"Jan 07, 1998 - Perpetual",,,
INZ000194330,A.P.T. RESEARCH PRIVATE LIMITED,A.P.T. RESEARCH PRIVATE LIMITED,Stock Broker,"Jun 18, 2010 - Perpetual",,aptportfolio.com,
INZ000194431,ABANS SECURITIES PRIVATE LIMITED,ABANS SECURITIES PRIVATE LIMITED,Stock Broker,"Aug 22, 2014 - Perpetual",,abans.co.in,
INZ000194616,S P RAWAL,OPEN FUTURES,Stock Broker,"Feb 19, 2009 - Perpetual",,openfutures.in,
INZ000194736,VENTURA SECURITIES LIMITED,VENTURA SECURITIES LIMITED,Stock Broker,"Aug 08, 1995 - Perpetual",,ventura1.com,
INZ000194836,JRK STOCK BROKING PRIVATE LIMITED,JRK STOCK BROKING PRIVATE LIMTIED,Stock Broker,"Feb 22, 2008 - Perpetual",,jrkgroup.in,
INZ000194938,INDO THAI SECURITIES LTD.,INDO THAI SECURITIES LTD.,Stock Broker,"Sep 14, 1995 - Perpetual",,indothai.co.in,
INZ000195031,GRM SECURITIES PRIVATE LIMITED,GRM SECURITIES PRIVATE LIMITED,Stock Broker,"Nov 27, 2009 - Perpetual",,,
INZ000195131,SUNFLOWER BROKING PRIVATE LIMITED,SUNFLOWER BROKING PRIVATE LIMITED,Stock Broker,"Dec 17, 2009 - Perpetual",,sunflowerbroking.com,
INZ000195231,COIMBATORE CAPITAL LIMITED.,COIMBATORE CAPITAL LIMITED.,Stock Broker,"Jul 26, 1995 - Perpetual",,coimbatorecapital.net,
INZ000195328,BURGEON SECURITIES,BURGEON SECURITIES,Stock Broker,"May 03, 2011 - Perpetual",,burgeoncommodities.com,
INZ000195436,ZEN SECURITIES LIMITED,ZEN SECURITIES LIMITED,Stock Broker,"Jul 26, 1995 - Perpetual",,zenmoney.com,
INZ000195533,COCHIN STOCK BROKERS LTD.,COCHIN STOCK BROKERS LTD.,Stock Broker,"Feb 15, 2000 - Perpetual",,csbl.co.in,
INZ000195732,YUG SECURITIES PRIVATE LIMITED,YUG SECURITIES PRIVATE LIMITED,Stock Broker,"Jun 12, 2008 - Perpetual",,yugsecurities.com,
INZ000195834,JM FINANCIAL SERVICES LIMITED,JM FINANCIAL SERVICES LIMITED,Stock Broker,"Apr 06, 1999 - Perpetual",,jmfl.com,
INZ000196232,EXCEL STOCK BROKING PRIVATE LIMITED,EXCEL STOCK BROKING PRIVATE LIMITED,Stock Broker,"Aug 04, 2008 - Perpetual",,excelstockbroking.com,
INZ000196431,ANS PVT. LTD.,ANS PVT. LTD.,Stock Broker,"Mar 11, 2004 - Perpetual",,anspl.net,
INZ000196517,Muneer,Asset Plus,Stock Broker,"Aug 30, 2018 - Perpetual",,onlineassetplus.com,
INZ000196637,PRABHUDAS LILLADHER PRIVATE LIMITED,PRABHUDAS LILLADHER PRIVATE LIMITED,Stock Broker,"May 27, 1994 - Perpetual",,plindia.com,
INZ000196835,MONEYWISE FINVEST LIMITED,MONEYWISE FINVEST LIMITED,Stock Broker,"Sep 03, 2018 - Perpetual",,stoxkart.com,
INZ000196935,UAE EXCHANGE & FINANCE LTD.,UAE EXCHANGE & FINANCE LTD.,Stock Broker,"Nov 01, 1994 - Perpetual",,uaeexchange.co.in,
INZ000197038,KARUNA FINANCIAL SERVICES PVT. LTD.,KARUNA FINANCIAL SERVICES PVT. LTD.,Stock Broker,"Jun 03, 2004 - Perpetual",,karunagroup.in,
INZ000197136,NAKAMICHI SECURITIES LTD,NAKAMICHI SECURITIES LTD,Stock Broker,"Jan 12, 1996 - Perpetual",,nakamichi.co.in,
INZ000197211,HARISH KUMAR SINGHANIA,H K SINGHANIA & CO.,Stock Broker,"Nov 30, 1992 - Perpetual",,,
INZ000197331,BASAN EQUITY BROKING LIMITED,BASAN EQUITY BROKING LIMITED,Stock Broker,"Apr 23, 2008 - Perpetual",,basanonline.com,
INZ000197438,ICICI BANK LTD.,ICICI BANK LTD.,Stock Broker,"Jun 02, 2000 - Perpetual",,icicibank.com,
INZ000197638,NIRMAN SHARE BROKERS PRIVATE LIMITED,NIRMAN SHARE BROKERS PRIVATE LIMITED,Stock Broker,"Aug 12, 2005 - Perpetual",,nirmanbroking.com,
INZ000198021,B.S. SECURITIES,B.S. SECURITIES,Stock Broker,"Jan 12, 1996 - Perpetual",,brijsagar.com,
INZ000198136,A. C. CHOKSI SHARE BROKERS PVT. LTD.,A. C. CHOKSI SHARE BROKERS PVT. LTD.,Stock Broker,"Jan 13, 1998 - Perpetual",,acchoksi.com,
INZ000198335,SILVER STREAM EQUITIES PRIVATE LIMITED,SILVER STREAM EQUITIES PRIVATE LIMITED,Stock Broker,"Dec 21, 2009 - Perpetual",,silverstream.co.in,
INZ000198434,CROWN CONSULTANTS (P) LTD.,CROWN CONSULTANTS (P) LTD.,Stock Broker,"Oct 17, 1995 - Perpetual",,crownsec.com,
INZ000198538,KNA SHARE BROKERS PRIVATE LIMITED,KNA SHARE BROKERS PRIVATE LIMITED,Stock Broker,"Nov 23, 2010 - Perpetual",,knasharebroker.com,
INZ000198735,JAINAM BROKING LIMITED,JAINAM BROKING LIMITED,Stock Broker,"Sep 30, 2004 - Perpetual",,jainam.in,
INZ000198838,SATCO CAPITAL MARKETS LIMITED,SATCO CAPITAL MARKETS LIMITED,Stock Broker,"Sep 09, 2014 - Perpetual",,satco.co.in,
INZ000198932,BHAIJEE PORTFOLIO LIMITED,BHAIJEE PORTFOLIO LIMITED,Stock Broker,"Jun 12, 2008 - Perpetual",,,
INZ000199032,WEALTH DISCOVERY SECURITIES PRIVATE LIMITED,WEALTH DISCOVERY SECURITIES PRIVATE LIMITED,Stock Broker,"Apr 06, 2011 - Perpetual",,wealthdiscovery.in,
INZ000199136,B R JALAN SECURITIES PRIVATE LIMITED,B R JALAN SECURITIES PRIVATE LIMITED,Stock Broker,"Jan 13, 1998 - Perpetual",,vsnl.net,
INZ000199232,JHAVERI SECURITIES LIMITED,JHAVERI SECURITIES LIMITED,Stock Broker,"Nov 22, 1995 - Perpetual",,jhaveritrade.com,
INZ000199335,SKP SECURITIES  LIMITED,SKP SECURITIES LIMITED,Stock Broker,"Apr 02, 1996 - Perpetual",,skpsecurities.com,
INZ000199438,SMC GLOBAL SECURITIES LIMITED,SMC GLOBAL SECURITIES LIMITED,Stock Broker,"Aug 30, 1995 - Perpetual",,smcindiaonline.com,
INZ000199535,ELBEE SECURITIES PVT. LTD.,ELBEE SECURITIES PVT. LTD.,Stock Broker,"Jul 03, 2000 - Perpetual",,,
INZ000199631,RAJENDRA MODI SHARE BROKERS PRIVATE LIMITED,RAJENDRA MODI SHARE BROKERS PRIVATE LIMITED,Stock Broker,"Jul 31, 2008 - Perpetual",,,
INZ000199739,J. L. SHAH SECURITIES PVT. LTD.,J. L. SHAH SECURITIES PVT. LTD.,Stock Broker,"Dec 19, 1997 - Perpetual",,jlshah.co.in,
INZ000199833,SYKES & RAY EQUITIES (I) LTD,SYKES & RAY EQUITIES (I) LTD,Stock Broker,"Jun 07, 1995 - Perpetual",,sre.co.in,
INZ000199936,STOCKHOLDING SERVICES LIMITED,STOCKHOLDING SERVICES LIMITED,Stock Broker,"Mar 02, 2006 - Perpetual",,stockholding.com,
INZ000200032,SBICAP SECURITIES LIMITED,SBICAP SECURITIES LIMITED,Stock Broker,"Mar 08, 1999 - Perpetual",,sbicapsec.com,
INZ000200137,KOTAK SECURITIES LIMITED,KOTAK SECURITIES LIMITED.,Stock Broker,"Oct 19, 1995 - Perpetual",,kotak.com,
INZ000200338,B D SHAH SECURITIES LIMITED,B D SHAH SECURITIES LIMITED,Stock Broker,"Jan 13, 1998 - Perpetual",,bdshah.com,
INZ000200531,NAVKAR SHARE & STOCK BROKERS PRIVATE LIMITED,NAVKAR SHARE & STOCK BROKERS PRIVATE LIMITED.,Stock Broker,"May 24, 2000 - Perpetual",,navkardirect.com,
INZ000200633,BCB BROKERAGE PRIVATE LIMITED,BCB BROKERAGE PRIVATE LIMITED,Stock Broker,"Jul 11, 2001 - Perpetual",,bcbbrokerage.com,
INZ000200831,V MATHRAN & CO PVT LTD,V MATHRAN & CO PVT LTD,Stock Broker,"Jun 09, 1998 - Perpetual",,,
INZ000200930,SSD SECURITIES PRIVATE LIMITED,SSD SECURITIES PRIVATE LIMITED,Stock Broker,"Oct 07, 2005 - Perpetual",,ssdsecurities.in,
INZ000201038,ASIAN BROKING PRIVATE LIMITED,ASIAN BROKING PRIVATE LIMITED,Stock Broker,"Dec 21, 1998 - Perpetual",,asianbroking.com,
INZ000201133,Crosseas Capital Markets Private Limited,Crosseas Capital Markets Private Limited,Stock Broker,"Jul 22, 2005 - Perpetual",,crosseascapital.com,
INZ000201234,KIMAYA SECURITIES & FINANCIAL SERVICES PRIVATE LIMITED,KIMAYA SECURITIES & FINANCIAL SERVICES PRIVATE LIMITED,Stock Broker,"Oct 08, 2009 - Perpetual",,kimayasecurities.com,
INZ000201438,FLATTRADE BROKING PRIVATE LIMITED,FLATTRADE BROKING PRIVATE LIMITED,Stock Broker,"May 21, 2012 - Perpetual",,ftconline.in,
INZ000201535,J. J. BHABHERA SHARE BROKERS PVT. LTD.,J. J. BHABHERA SHARE BROKERS PVT. LTD.,Stock Broker,"Oct 26, 2005 - Perpetual",,jjbshares.com,
INZ000201636,SHILPA STOCK BROKER PRIVATE LIMITED,SHILPA STOCK BROKER PRIVATE LIMITED,Stock Broker,"Jun 03, 1999 - Perpetual",,ssbpl.net,
INZ000201738,MANU STOCK BROKING PRIVATE LIMITED,MANU STOCK BROKING PRIVATE LIMITED,Stock Broker,"Jun 14, 2006 - Perpetual",,,
INZ000201830,BHUMIKA CONSULTANCY PRIVATE LIMITED,BHUMIKA CONSULTANCY PRIVATE LIMITED,Stock Broker,"Apr 06, 2000 - Perpetual",,,
INZ000202035,KAVIRAJ SECURITIES PVT. LTD.,KAVIRAJ SECURITIES PVT. LTD.,Stock Broker,"Jun 21, 2007 - Perpetual",,,
INZ000202134,ABHINANDAN STOCK BROKING PRIVATE LIMITED,ABHINANDAN STOCK BROKING PRIVATE LIMITED,Stock Broker,"Mar 22, 2011 - Perpetual",,abhinandangroup.com,
INZ000202536,NIRMAL BANG SECURITIES PRIVATE LIMITED,NIRMAL BANG SECURITIES PRIVATE LIMITED,Stock Broker,"Sep 26, 1996 - Perpetual",,nirmalbang.com,
INZ000202639,LOHIA SECURITIES LIMITED,LOHIA SECURITIES LIMITED,Stock Broker,"Sep 14, 1995 - Perpetual",,lohiasecurities.com,
INZ000202733,GOGIA CAPITAL GROWTH LIMITED,GOGIA CAPITAL GROWTH LIMITED,Stock Broker,"Oct 06, 1995 - Perpetual",,gogiacap.com,
INZ000202832,DHARAMSHI SECURITIES PRIVATE LIMITED,DHARAMSHI SECURITIES PRIVATE LIMITED,Stock Broker,"Dec 31, 1997 - Perpetual",,dharamshi.net,
INZ000202931,CONCORD VINIMAY PRIVATE LIMITED,CONCORD VINIMAY PRIVATE LIMITED,Stock Broker,"Feb 23, 2011 - Perpetual",,,
INZ000203235,Everest Creators Private Limited,Everest Creators Private Limited,Stock Broker,"Sep 26, 2018 - Perpetual",,anmolmedicare.com,
INZ000203332,RBC FINANCIAL SERVICES PVT. LTD.,RBC FINANCIAL SERVICES PVT. LTD.,Stock Broker,"Aug 30, 1995 - Perpetual",,rbcfin.com,
INZ000203432,LIBRA HOLDINGS P LTD,LIBRA HOLDINGS P LTD,Stock Broker,"Jan 13, 1998 - Perpetual",,,
INZ000203537,HARDIK FINTRADE PRIVATE LIMITED,HARDIK FINTRADE PRIVATE LIMITED,Stock Broker,"Jun 10, 1997 - Perpetual",,hardikgroup.com,
INZ000203636,J M GLOBAL EQUITIES PRIVATE LIMITED,J M GLOBAL EQUITIES PRIVATE LIMITED,Stock Broker,"Jan 07, 2010 - Perpetual",,,
INZ000203739,ASHLAR SECURITIES PRIVATE LIMITED,ASHLAR SECURITIES PRIVATE LIMITED,Stock Broker,"Mar 19, 2010 - Perpetual",,ashlarindia.com,
INZ000203821,ENRICH FINANCIAL SERVICES,ENRICH FINANCIAL SERVICES,Stock Broker,"Sep 28, 2018 - Perpetual",,enrichbroking.com,
INZ000203933,EMKAY GLOBAL FINANCIAL SERVICES LIMITED,EMKAY GLOBAL FINANCIAL SERVICES LIMITED,Stock Broker,"Mar 13, 1996 - Perpetual",,emkayglobal.com,
INZ000204036,MALOO EQUITRADE,MALOO EQUITRADE,Stock Broker,"Mar 13, 2008 - Perpetual",,,
INZ000204136,GLOBAL VISION SECURITIES (P) LTD,GLOBAL VISION SECURITIES (P) LTD,Stock Broker,"Aug 30, 1995 - Perpetual",,,
INZ000204238,CNB FINWIZ PRIVATE LIMITED,CNB FINWIZ PRIVATE LIMITED,Stock Broker,"Dec 11, 2002 - Perpetual",,cnbfinwiz.com,
INZ000204337,ADINATH STOCK BROKING PRIVATE LIMITED,ADINATH STOCK BROKING PRIVATE LIMITED,Stock Broker,"Mar 14, 2007 - Perpetual",,,
INZ000204433,BHARAT BHUSHAN EQUITY TRADERS LIMITED,BHARAT BHUSHAN EQUITY TRADERS LIMITED,Stock Broker,"Aug 30, 1995 - Perpetual",,bharatbhushan.com,
INZ000204533,VARDHAMAN CAPITAL PVT. LTD.,VARDHAMAN CAPITAL PVT. LTD.,Stock Broker,"Jul 26, 1995 - Perpetual",,vardhamancapital.net,
INZ000204633,GEE BEE SECURITIES PVT. LTD.,GEE BEE SECURITIES PVT. LTD.,Stock Broker,"Feb 23, 2005 - Perpetual",,,
INZ000204731,VERTEX SECURITIES LIMITED,VERTEX SECURITIES LIMITED,Stock Broker,"Jan 02, 2009 - Perpetual",,vertexbroking.com,
INZ000204835,HTS SECURITIES PRIVATE LIMITED,HTS SECURITIES PRIVATE LIMITED,Stock Broker,"Jan 07, 1998 - Perpetual",,mtnl.net.in,
INZ000205032,GOENKA SHARE BROKING PRIVATE LIMITED,GOENKA SHARE BROKING PRIVATE LIMITED,Stock Broker,"Apr 23, 2008 - Perpetual",,,
INZ000205136,ATS SHARE  BROKERS PRIVATE LIMITED,ATS SHARE BROKERS PRIVATE LIMITED,Stock Broker,"Jun 03, 2001 - Perpetual",,adityatrading.com,
INZ000205331,CENTRUM BROKING LIMITED,CENTRUM BROKING LIMITED,Stock Broker,"Feb 28, 2012 - Perpetual",,centrum.co.in,
INZ000205530,INDIA CEMENTS INVESTMENT SERVICES LIMITED,INDIA CEMENTS INVESTMENT SERVICES LTD.,Stock Broker,"Oct 01, 2001 - Perpetual",,iccaps.com,
INZ000205630,BHARTIA STOCK BROKING PVT. LTD.,BHARTIA STOCK BROKING PVT. LTD.,Stock Broker,"Jul 27, 2000 - Perpetual",,bhartia.in,
INZ000205734,DINDAYAL BIYANI SECURITIES PRIVATE LIMITED,DINDAYAL BIYANI SECURITIES PRIVATE LIMITED,Stock Broker,"Jan 07, 1998 - Perpetual",,dindayal.net,
INZ000205835,MATHRAN SECURITIES PRIVATE LIMITED,MATHRAN SECURITIES PRIVATE LIMITED,Stock Broker,"Sep 14, 1995 - Perpetual",,,
INZ000205936,PARWATI CAPITAL MARKET PVT LTD.,PARWATI CAPITAL MARKET PVT LTD.,Stock Broker,"Nov 29, 2002 - Perpetual",,parwaticapital.com,
INZ000206024,MACONOCHIE & CO.,MACONOCHIE & CO.,Stock Broker,"Dec 04, 2008 - Perpetual",,maconochie.in,
INZ000206136,SPS SHARE BROKERS PRIVATE LIMITED,SPS SHARE BROKERS PRIVATE LIMITED,Stock Broker,"Dec 30, 1997 - Perpetual",,sps.group,
INZ000206227,GFX INVESTMENTS & FINANCIAL SERVICES,GFX INVESTMENTS & FINANCIAL SERVICES,Stock Broker,"Feb 14, 2013 - Perpetual",,gfxinvestments.com,
INZ000206338,MARKET CREATORS LIMITED,MARKET CREATORS LIMITED,Stock Broker,"Feb 23, 1995 - Perpetual",,marketcreators.net,
INZ000206433,PANKAJ MANGALDAS SECURITIES PRIVATE LIMITED,PANKAJ MANGALDAS SECURITIES PRIVATE LIMITED,Stock Broker,"Dec 23, 1998 - Perpetual",,,
INZ000206539,ARCH FINANCE LTD,ARCH FINANCE LTD,Stock Broker,"Sep 11, 1997 - Perpetual",,archfin.com,
INZ000206637,M. P. VORA SHARES & SECURITIES PRIVATE LIMITED,M. P. VORA SHARES & SECURITIES PRIVATE LIMITED,Stock Broker,"Dec 23, 1998 - Perpetual",,mpvora.in,
INZ000206732,PRAVIN RATILAL SHARE AND STOCK BROKERS LTD.,PRAVIN RATILAL SHARE AND STOCK BROKERS LTD.,Stock Broker,"Aug 08, 1995 - Perpetual",,prssb.com,
INZ000206920,NK SECURITIES RESEARCH PRIVATE LIMITED,NK SECURITIES RESEARCH PRIVATE LIMITED,Stock Broker,"Oct 24, 2011 - Perpetual",,nksecurities.com,
INZ000207033,BLACK FOX FINANCIAL PRIVATE LIMITED,BLACK FOX FINANCIAL PRIVATE LIMITED,Stock Broker,"Jan 25, 2011 - Perpetual",,blackfoxindia.com,
INZ000207137,DAM CAPITAL ADVISORS LIMITED,DAM CAPITAL ADVISORS LIMITED,Stock Broker,"Aug 20, 2020 - Perpetual",,damcapital.in,
INZ000207233,NARAYAN CAPITAL PRIVATE LIMITED,NARAYAN CAPITAL PRIVATE LIMITED,Stock Broker,"Mar 19, 2014 - Perpetual",,sharpmoney.in,
INZ000207336,MAGNUM EQUITY SERVICES PRIVATE LIMITED,MAGNUM EQUITY SERVICES PRIVATE LIMITED,Stock Broker,"May 29, 1997 - Perpetual",,,
INZ000207615,JITENDRA PUKHRAJ JAIN,JITENDRA PUKHRAJ JAIN,Stock Broker,"Feb 23, 1995 - Perpetual",,pukhraj.com,
INZ000207722,PRAKASH SECURITIES,PRAKASH SECURITIES,Stock Broker,"Apr 28, 2008 - Perpetual",,,
INZ000207939,INDBANK MCHNT. BKG. SVCS. LTD.,INDBANK MCHNT. BKG. SVCS. LTD.,Stock Broker,"Jan 15, 1993 - Perpetual",,indbankonline.com,
INZ000208431,NDA SECURITIES LIMITED,NDA SECURITIES LIMITED,Stock Broker,"Nov 12, 2025 - Perpetual",,ndaindia.com,
INZ000208530,GULITA SECURITIES LTD.,GULITA SECURITIES LTD.,Stock Broker,"Feb 09, 2000 - Perpetual",,gulitasec.com,
INZ000208631,LATIN MANHARLAL SECURITIES PVT. LTD.,LATIN MANHARLAL SECURITIES PVT. LTD.,Stock Broker,"Dec 09, 1999 - Perpetual",,lmspl.com,
INZ000208738,MUDRA OM SECURITIES PVT. LTD.,MUDRA OM SECURITIES PVT. LTD.,Stock Broker,"Jan 23, 2006 - Perpetual",,,
INZ000208937,NYCE SECURITIES & DERIVATIVES LIMITED,NYCE SECURITIES & DERIVATIVES LIMITED,Stock Broker,"Jan 07, 2010 - Perpetual",,nyceindia.com,
INZ000209036,Finwizard Technology Private Limited,Fisdom,Stock Broker,"Mar 27, 2026 - Perpetual",,fisdom.com,
INZ000209331,NVS BROKERAGE PVT LTD,NVS BROKERAGE PVT LTD,Stock Broker,"Jan 13, 1998 - Perpetual",,nvsbrokerage.com,
INZ000209538,J. G. SHAH FINANCIAL CONSULTANTS PRIVATE LIMITED,J. G. SHAH FINANCIAL CONSULTANTS PRIVATE LIMITED,Stock Broker,"Jan 07, 1998 - Perpetual",,rediffmial.com,
INZ000209725,HENSEX SECURITIES PRIVATE LIMITED,HENSEX SECURITIES PRIVATE LIMITED,Stock Broker,"Mar 28, 2011 - Perpetual",,hensex.com,
INZ000210031,BINDAL EQUITIES PRIVATE LIMITED,BINDAL EQUITIES PRIVATE LIMITED,Stock Broker,"Jul 19, 2012 - Perpetual",,bindalgroup.in,
INZ000210132,LYONS RANGE SHARE BROKING (P) LTD.,LYONS RANGE SHARE BROKING (P) LTD.,Stock Broker,"Aug 08, 1995 - Perpetual",,lyonsrange.in,
INZ000210233,NAYAN M VALA SECURITIES PRIVATE LIMITED,NAYAN M VALA SECURITIES PRIVATE LIMITED,Stock Broker,"Oct 08, 2009 - Perpetual",,nayanmvala.com,
INZ000210337,DALAL & BROACHA STOCK BROKING PRIVATE LIMITED,DALAL & BROACHA STOCK BROKING PRIVATE LIMITED,Stock Broker,"Dec 30, 1997 - Perpetual",,,
INZ000210436,PASHUPATI CAPITAL SERVICES PVT. LTD.,PASHUPATI CAPITAL SERVICES PVT. LTD.,Stock Broker,"May 17, 2000 - Perpetual",,pashupaticapital.com,
INZ000210539,MASTER CAPITAL SERVICES LTD.,MASTER CAPITAL SERVICES LTD.,Stock Broker,"Oct 26, 1994 - Perpetual",,mastertrust.co.in,
INZ000210631,PRARUP SHARES & STOCK BROKERS PRIVATE LIMITED,PRARUP SHARES & STOCK BROKERS PRIVATE LIMITED,Stock Broker,"Dec 30, 1997 - Perpetual",,,
INZ000210739,FIRST GLOBAL STOCKBROKING PRIVATE LIMITED,FIRST GLOBAL STOCKBROKING PRIVATE LIMITED,Stock Broker,"May 29, 1995 - Perpetual",,firstglobal.in,
INZ000210834,FEDERAL CAPITAL MARKETS LIMITED,FEDERAL CAPITAL MARKETS LIMITED,Stock Broker,"Jan 10, 2012 - Perpetual",,,
INZ000210932,PROBULLS STOCKBROKING PRIVATE LIMITED,PROBULLS STOCKBROKING PRIVATE LIMITED,Stock Broker,"Feb 09, 2026 - Perpetual",,probulls.in,
INZ000211035,TRIMBHAK INVESTMENTS & FINANCE SERVICES PRIVATE LIMITED,TRIMBHAK INVESTMENTS & FINANCE SERVICES PRIVATE LIMITED,Stock Broker,"Jan 12, 1996 - Perpetual",,,
INZ000211236,MAHESHWARI EQUITY SERVICES PRIVATE LIMITED,MAHESHWARI EQUITY SERVICES PRIVATE LIMITED,Stock Broker,"Sep 30, 2008 - Perpetual",,,
INZ000211332,ABIRA SECURITIES LIMITED,ABIRA SECURITIES LIMITED,Stock Broker,"Jul 06, 2023 - Perpetual",,abiragroup.in,
INZ000211534,TRUSTLINE SECURITIES LIMITED,TRUSTLINE SECURITIES LIMITED,Stock Broker,"Jul 26, 1995 - Perpetual",,trustline.in,
INZ000211637,PRITHVI FINMART PRIVATE LIMITED,PRITHVI FINMART PRIVATE LIMITED,Stock Broker,"Mar 13, 2009 - Perpetual",,prithvifinmart.com,
INZ000211738,ISF SECURITIES LIMITED,ISF SECURITIES LIMITED,Stock Broker,"Feb 01, 1996 - Perpetual",,isfsecurities.com,
INZ000211837,MARKET HUB STOCK BROKING PRIVATE LIMITED,MARKET HUB STOCK BROKING PRIVATE LIMIITED,Stock Broker,"Apr 16, 2024 - Perpetual",,markethubonline.com,
INZ000211932,R. K. STOCKHOLDING (P) LTD.,R. K. STOCKHOLDING (P) LTD.,Stock Broker,"Dec 20, 2001 - Perpetual",,rkfml.com,
INZ000212036,LARK CONSULTANCY PRIVATE LIMITED,LARK CONSULTANCY PRIVATE LIMITED,Stock Broker,"Apr 18, 2000 - Perpetual",,,
INZ000212137,BONANZA PORTFOLIO LTD.,BONANZA PORTFOLIO LTD.,Stock Broker,"Sep 23, 1994 - Perpetual",,bonanzaonline.com,
INZ000212231,FAST CAPITAL MARKETS LIMITED,FAST CAPITAL MARKETS LIMITED,Stock Broker,"Mar 13, 2008 - Perpetual",,,
INZ000212336,A.A.DOSHI SHARE & STOCK BROKERS LIMITED,A.A.DOSHI SHARE & STOCK BROKERS LIMITED,Stock Broker,"Oct 12, 1994 - Perpetual",,aadoshi.in,
INZ000212535,MEHTA SECURITIES LTD,MEHTA SECURITIES,Stock Broker,"Dec 16, 1994 - Perpetual",,,
INZ000212638,GIRIRAJ STOCK BROKING PRIVATE LIMITED,GIRIRAJ STOCK BROKING PRIVATE LIMITED,Stock Broker,"Jul 18, 2024 - Perpetual",,girirajstock.com,
INZ000212735,MVM SECURITIES PRIVATE LIMITED,MVM SECURITIES PRIVATE LIMITED,Stock Broker,"Apr 09, 2010 - Perpetual",,,
INZ000212839,BALAJI EQUITIES LIMITED,BALAJI EQUITIES LIMITED,Stock Broker,"Oct 05, 2000 - Perpetual",,balajiequities.com,
INZ000213137,NJ INDIA INVEST PRIVATE LIMITED,NJ INDIA INVEST PRIVATE LIMITED,Stock Broker,"Dec 31, 2009 - Perpetual",,njgroup.in,
INZ000213238,NEHA FOREX PRIVATE LIMITED,NEHA FOREX PRIVATE LIMITED,Stock Broker,"May 12, 2011 - Perpetual",,,
INZ000213331,AMAR & SONS STOCK BROKING PVT. LTD.,AMAR & SONS STOCK BROKING PVT. LTD.,Stock Broker,"Nov 16, 2000 - Perpetual",,aaa.com,
INZ000213450,BESSEGGEN INFOTECH LLP,Tick2Trade,Stock Broker,"Dec 27, 2018 - Perpetual",,besseggen.in,
INZ000213537,SANFORD C. BERNSTEIN (INDIA) PRIVATE LIMITED,SANFORD C.BERNSTEIN (INDIA) PRIVATE LIMITED,Stock Broker,"Jul 24, 2024 - Perpetual",,bernsteinsg.com,
INZ000213936,ALMONDZ GLOBAL SECURITIES LIMITED,ALMONDZ GLOBAL SECURITIES LIMITED,Stock Broker,"Jun 20, 1996 - Perpetual",,almondz.com,
INZ000214031,AIRAN FINSTOCKS PRIVATE LIMITED,AIRAN FINSTOCKS PRIVATE LIMITED,Stock Broker,"Dec 11, 2008 - Perpetual",,finwave.co,
INZ000214132,BATLIVALA & KARANI SECURITIES INDIA PVT. LTD.,BATLIVALA & KARANI SECURITIES INDIA PVT. LTD.,Stock Broker,"Oct 28, 1998 - Perpetual",,,
INZ000214237,SPFL SECURITIES LIMITED,SPFL SECURITIES LIMITED,Stock Broker,"Oct 19, 1995 - Perpetual",,spfl.co.in,
INZ000214431,Delstox Stocks And Shares Limited,Delstox Stocks And Shares Limited,Stock Broker,"Apr 17, 2002 - Perpetual",,,
INZ000214535,TODI SECURITIES PRIVATE LTD.,TODI SECURITIES PRIVATE LTD.,Stock Broker,"Jan 09, 2003 - Perpetual",,,
INZ000214632,NCJ SHARE AND STOCK BROKERS LIMITED,NCJ SHARE AND STOCK BROKERS LIMITED,Stock Broker,"Jul 05, 1994 - Perpetual",,,
INZ000214935,YASHWI SECURITIES (P) LTD.,YASHWI SECURITIES (P) LTD.,Stock Broker,"Sep 30, 2004 - Perpetual",,yashwi.com,
INZ000215030,VCK SHARE & STOCK BROKING SERVICES LTD,VCK SHARE & STOCK BROKING SERVICES LTD,Stock Broker,"Jan 01, 1993 - Perpetual",,vckgroup.org,
INZ000215236,BMD SECURITIES LIMITED,BMD SECURITIES LIMITED,Stock Broker,"Nov 05, 2008 - Perpetual",,bmd.net.in,
INZ000215330,MARFATIA STOCK BROKING PVT. LTD.,MARFATIA STOCK BROKING PVT. LTD.,Stock Broker,"Jan 19, 2005 - Perpetual",,,
INZ000215438,Legacy Finvest Private Limited,Legacy Finvest Private Limited,Stock Broker,"Jan 07, 2019 - Perpetual",,legacyglobalwealth.com,
INZ000215514,Bhagwan Sahai Khandelwal,B.S.Khandelwal & Co.,Stock Broker,"Jan 07, 2019 - Perpetual",,,
INZ000215732,SHREE TISAI SECURITIES PRIVATE LIMITED,SHREE TISAI SECURITIES PRIVATE LIMITED,Stock Broker,"Oct 04, 2010 - Perpetual",,shreetisai.com,
INZ000215837,ZAVERI ENTERPRISE PRIVATE LIMITED,ZAVERI ENTERPRISE PRIVATE LIMITED,Stock Broker,"Apr 01, 2010 - Perpetual",,zaveriandco.com,
INZ000215936,ALACRITY SECURITIES LIMITED,ALACRITY SECURITIES LIMITED,Stock Broker,"May 20, 1996 - Perpetual",,,
INZ000216033,LKP SECURITIES LTD,LKP SECURITIES LTD,Stock Broker,"Nov 23, 1994 - Perpetual",,lkpsec.com,
INZ000216132,D. R. SHARE & STOCK BROKERS PRIVATE LIMITED,D. R. SHARE & STOCK BROKERS PRIVATE LIMITED,Stock Broker,"Oct 12, 2006 - Perpetual",,drbrokers.in,
INZ000216238,Shriram Insight Share Brokers Limited,Shriram Insight Share Brokers Limited,Stock Broker,"Apr 07, 2026 - Perpetual",,shriraminsight.com,
INZ000216437,RANGOLI TECHTRADERS  PRIVATE LIMITED,RANGOLI TECHTRADERS PRIVATE LIMITED,Stock Broker,"Feb 22, 2008 - Perpetual",,rangoliportfolio.com,
INZ000216538,KANTILAL CHHAGANLAL SECURITIES PRIVATE LIMITED,KANTILAL CHHAGANLAL SECURITIES PRIVATE LIMITED,Stock Broker,"Jul 30, 1996 - Perpetual",,kcsecurities.com,
INZ000216630,CHURIWALA SECURITIES PRIVATE LIMITED,CHURIWALA SECURITIES PRIVATE LIMITED,Stock Broker,"Jan 07, 1998 - Perpetual",,,
INZ000216732,SARA SECURITIES PRIVATE LIMITED,SARA SECURITIES PRIVATE LIMITED,Stock Broker,"Jul 22, 2004 - Perpetual",,,
INZ000216837,LAUREL SECURITIES PVT. LIMITED,LAUREL SECURITIES PVT. LIMITED,Stock Broker,"Feb 27, 1996 - Perpetual",,,
INZ000216930,A C AGARWAL SHARE BROKERS PRIVATE LIMITED,A C AGARWAL SHARE BROKERS PRIVATE LIMITED,Stock Broker,"Jan 13, 2009 - Perpetual",,acagarwal.com,
INZ000217037,O.J.FINANCIAL SERVICES (P) LTD.,O.J.FINANCIAL SERVICES LTD.,Stock Broker,"Aug 30, 1995 - Perpetual",,ojfin.com,
INZ000217132,VAJANI SECURITIES PRIVATE LIMITED,VAJANI SECURITIES PRIVATE LIMITED,Stock Broker,"Jan 13, 1998 - Perpetual",,vajanisecurities.com,
INZ000217239,SMK SHARES & STK BROKING P LTD,SMK SHARES & STK BROKING P LTD,Stock Broker,"Jan 07, 1998 - Perpetual",,,
INZ000217333,BOFA SECURITIES INDIA LIMITED,BOFA SECURITIES INDIA LIMITED,Stock Broker,"Aug 27, 2009 - Perpetual",,bofa.com,
INZ000217531,TIPSONS STOCK BROKERS PRIVATE LIMITED,TIPSONS STOCK BROKERS PRIVATE LIMITED,Stock Broker,"Sep 30, 2008 - Perpetual",,truevalueindia.com,
INZ000217638,MARCK SECURITIES PVT. LTD.,MARCK SECURITIES PVT. LTD.,Stock Broker,"Jun 07, 2000 - Perpetual",,marck.in,
INZ000217730,INTERACTIVE BROKERS (INDIA) PRIVATE LIMITED,INTERACTIVE BROKERS (INDIA) PRIVATE LIMITED,Stock Broker,"Sep 21, 2007 - Perpetual",,interactivebrokers.com,
INZ000217838,EVERMORE STOCK BROKERS PRIVATE LIMITED,EVERMORE STOCK BROKERS PRIVATE LIMITED,Stock Broker,"Oct 06, 1995 - Perpetual",,evermore.in,
INZ000217932,RAJSONS SECURITIES LIMITED,RAJSONS SECURITIES LIMITED,Stock Broker,"Oct 19, 1995 - Perpetual",,,
INZ000218037,DHAN STOCK & SHARE BROKERS PRIVATE LIMITED,DHAN STOCK & SHARE BROKERS PRIVATE LIMITED,Stock Broker,"Apr 20, 2005 - Perpetual",,dhanstock.in,
INZ000218139,BHOGILAL TRIKAMLAL SECURITIES PRIVATE LIMITED,BHOGILAL TRIKAMLAL SECURITIES PRIVATE LIMITED,Stock Broker,"Jan 07, 1998 - Perpetual",,btsec.co.in,
INZ000218230,S.P.JAIN SECURITIES PRIVATE LIMITED,S.P.JAIN SECURITIES PRIVATE LIMITED,Stock Broker,"Jul 07, 1999 - Perpetual",,,
INZ000218338,M J PATEL SHARE & STOCK BROKERS LTD,M J PATEL SHARE & STOCK BROKERS LTD,Stock Broker,"Jan 07, 1998 - Perpetual",,mjpdirect.com,
INZ000218531,PROFICIENT EQUITIES (P) LIMITED,PROFICIENT EQUITIES (P) LIMITED,Stock Broker,"Feb 10, 2009 - Perpetual",,proficientgroup.in,
INZ000218834,INDIA SECURITIES BROKING PRIVATE LIMITED,INDIA SECURITIES BROKING PRIVATE LIMITED,Stock Broker,"Mar 28, 2011 - Perpetual",,,
INZ000218931,Bajaj Financial Securities Limited,Bajaj Financial Securities Limited,Stock Broker,"Jan 24, 2019 - Perpetual",,bajajbroking.in,
INZ000219037,BABA BHOOTHNATH TRADE AND COMMERCE LIMITED,BABA BHOOTHNATH TRADE AND COMMERCE LIMITED,Stock Broker,"Aug 25, 2014 - Perpetual",,,
INZ000219137,AMBALAL SHARES & STOCKS PRIVATE LIMITED,AMBALAL SHARES & STOCKS PRIVATE LIMITED,Stock Broker,"Mar 10, 2011 - Perpetual",,ambalalshares.com,
INZ000219238,ARISTRO CAPITAL MARKETS LIMITED,ARISTRO CAPITAL MARKETS LIMITED,Stock Broker,"Jul 19, 2023 - Perpetual",,aristrocapital.com,
INZ000219324,CHANDRAKANT VALLABHDAS MEHTA,V. C. MEHTA,Stock Broker,"Sep 01, 2005 - Perpetual",,,
INZ000219434,SPARK SECURITIES PVT. LTD.,SPARK SECURITIES PVT. LTD.,Stock Broker,"Aug 08, 1995 - Perpetual",,sparksecurities.com,
INZ000219533,SS CORPORATE SECURITIES LIMITED,SS CORPORATE SECURITIES  LIMITED,Stock Broker,"Jul 26, 1995 - Perpetual",,sscorporate.com,
INZ000219637,DHWAJA SHARES & SECURITIES PRIVATE LIMITED,DHWAJA SHARES & SECURITIES PRIVATE LIMITED,Stock Broker,"Mar 26, 2010 - Perpetual",,dhwaja.com,
INZ000219738,TRIVENI MANAGEMENT CONSULTANCY SERVICES LIMITED,TRIVENI MANAGEMENT CONSULTANCY SERVICES LIMITED,Stock Broker,"Oct 27, 1994 - Perpetual",,,
INZ000219831,GPSK CAPITAL PRIVATE LIMITED,GPSK CAPITAL PRIVATE LIMITED,Stock Broker,"Oct 17, 1995 - Perpetual",,gpsk.in,
INZ000220037,BNK SECURITIES PVT LTD,BNK SECURITIES PVT LTD,Stock Broker,"Nov 01, 1994 - Perpetual",,bnkcapital.com,
INZ000220132,NEON VINIMAY PVT. LTD.,NEON VINIMAY PVT. LTD.,Stock Broker,"Jan 19, 1996 - Perpetual",,vsnl.com,
INZ000220237,VIKABH SECURITIES PRIVATE LIMITED,VIKABH SECURITIES PRIVATE LIMITED,Stock Broker,"Dec 16, 1994 - Perpetual",,vikabhsecurities.com,
INZ000220334,ISTAA FINSERV PRIVATE LIMITED,ISTAA FINSERV PRIVATE LIMITED,Stock Broker,"Jul 21, 2009 - Perpetual",,istaa.com,
INZ000220432,BONANZA PORTFOLIO (IFSC) PRIVATE LIMITED,BONANZA PORTFOLIO (IFSC) PRIVATE LIMITED,Stock Broker,"Jan 30, 2019 - Perpetual",,bonanzaonline.com,
INZ000220635,SMIFS LIMITED,SMIFS LIMITED,Stock Broker,"Jan 31, 2019 - Perpetual",,smifs.com,
INZ000220733,VIBRANT SECURITIES PVT. LTD.,VIBRANT SECURITIES PVT. LTD.,Stock Broker,"Oct 26, 1994 - Perpetual",,vibrantsecurities.com,
INZ000220838,SHRI PARASRAM HOLDINGS PVT. LTD.,SHRI  PARASRAM HOLDINGS PVT. LTD.,Stock Broker,"Oct 19, 1995 - Perpetual",,sphpl.com,
INZ000220935,HORNIC INVESTMENTS PRIVATE LIMITED,HORNIC INVESTMENTS PRIVATE LIMITED,Stock Broker,"Oct 19, 1995 - Perpetual",,hornic.com,
INZ000221032,SKSE SECURITIES LIMITED,SKSE SECURITIES LIMITED,Stock Broker,"Feb 11, 2000 - Perpetual",,sksesl.com,
INZ000221138,COMPETENT FINMAN PVT. LTD.,COMPETENT FINMAN PVT. LTD.,Stock Broker,"Sep 05, 2000 - Perpetual",,competentfinman.com,
INZ000221234,PRAYAS SECURITIES PVT. LTD.,PRAYAS SECURITIES PVT. LTD.,Stock Broker,"May 08, 2003 - Perpetual",,,
INZ000221337,SAJAG SECURITIES PVT. LTD.,SAJAG SECURITIES PVT. LTD.,Stock Broker,"Jul 26, 1995 - Perpetual",,sajag.com,
INZ000221434,STRATAGEM STOCK BROKER PRIVATE LIMITED,STRATAGEM STOCK BROKER PRIVATE LIMITED,Stock Broker,"Mar 26, 2010 - Perpetual",,,
INZ000221531,ROSY BLUE SECURITIES PRIVATE LIMITED,ROSY BLUE SECURITIES PRIVATE LIMITED,Stock Broker,"May 29, 1995 - Perpetual",,rosyblue.co.in,
INZ000221631,KJMC CAPITAL MARKET SERVICES LTD.,KJMC CAPITAL MARKET SERVICES LTD.,Stock Broker,"May 25, 1995 - Perpetual",,kjmc.com,
INZ000221734,T J STOCK BROKING SERVICES PRIVATE LIMITED,T J STOCK BROKING SERVICES PRIVATE LIMITED,Stock Broker,"Jan 07, 1998 - Perpetual",,,
INZ000221834,S.B. SECURITIES PRIVATE LIMITED,S.B. SECURITIES PRIVATE LIMITED,Stock Broker,"Jan 13, 1998 - Perpetual",,dhsecurities.com,
INZ000221934,INVENTURE GROWTH & SECURITIES LIMITED,INVENTURE GROWTH & SECURITIES LIMITED,Stock Broker,"May 20, 1996 - Perpetual",,inventuregrowth.com,
INZ000222017,HEMENDRAKUMAR KESHARICHAND SHAH,HEMENDRAKUMAR KESHARICHAND SHAH,Stock Broker,"Aug 04, 2022 - Perpetual",,,
INZ000222133,NOMURA FIXED INCOME SECURITIES LIMITED,NOMURA FIXED INCOME SECURITIES LIMITED,Stock Broker,"Nov 06, 2009 - Perpetual",,nomura.com,
INZ000222237,RAHEJA STOCK BROKERS P LTD,RAHEJA STOCK BROKERS P LTD,Stock Broker,"Jan 07, 1998 - Perpetual",,,
INZ000222336,G.N.G. INVESTMENT LTD.,G.N.G. INVESTMENT LTD.,Stock Broker,"Oct 06, 1995 - Perpetual",,eth.net,
INZ000222412,AJAY RASIKLAL VORA,AJAY R. VORA,Stock Broker,"May 26, 1994 - Perpetual",,,
INZ000222633,SHREE KANHA STOCK BROKING PRIVATE LIMITED,SHREE KANHA STOCK BROKING PRIVATE LIMITED,Stock Broker,"Dec 17, 2004 - Perpetual",,,
INZ000222733,MESH STOCK BROKERS PRIVATE LIMITED,MESH STOCK BROKERS PRIVATE LIMITED,Stock Broker,"Jun 14, 2006 - Perpetual",,,
INZ000222834,V. P. CONSULTANTS PRIVATE LIMITED,V. P. CONSULTANTS PRIVATE LIMITED,Stock Broker,"Aug 17, 2007 - Perpetual",,vsnl.net.in,
INZ000222935,NHBT Securities Private Limited,NHBT Securities Private Limited,Stock Broker,"Feb 18, 2019 - Perpetual",,nhbt.in,
INZ000223221,PUSHPAK FINSTOCK,PUSHPAK FINSTOCK,Stock Broker,"Jun 26, 2009 - Perpetual",,dataone.in,
INZ000223333,KAMAL KUMAR JALAN SECURITIES PRIVATE LIMITED,KAMAL KUMAR JALAN SECURITIES PRIVATE LIMITED,Stock Broker,"Jan 13, 1998 - Perpetual",,,
INZ000223538,STEEL CITY SECURITIES LTD.,STEEL CITY SECURITIES LTD.,Stock Broker,"Oct 17, 1995 - Perpetual",,vsnl.com,
INZ000223637,K. M. JAIN STOCK BROKERS PVT. LTD.,K. M. JAIN STOCK BROKERS PVT. LTD.,Stock Broker,"Jan 13, 1998 - Perpetual",,kmjpl.com,
INZ000223739,SKS CAPITAL & RESEARCH PRIVATE LIMITED,SKS CAPITAL & RESEARCH PRIVATE LIMITED,Stock Broker,"Jul 27, 2000 - Perpetual",,sksspl.com,
INZ000223816,CHAUTHMAL CHURIWALA,CHAUTHMAL CHURIWALA,Stock Broker,"Oct 26, 1994 - Perpetual",,,
INZ000223939,TRADEPURE STOCK BROKING PRIVATE LIMITED,TRADEPURE STOCK BROKING PRIVATE LIMITED,Stock Broker,"Jun 28, 2007 - Perpetual",,,
INZ000224114,MAHESH KUMAR GUPTA,RAMESHWARAM CAPITAL MARKET,Stock Broker,"Jul 31, 2008 - Perpetual",,,
INZ000224239,STANDARD SECURITIES & INVESTMENT INTERMEDIATES LIMITED,STANDARD SECURITIES & INVESTMENT INTERMEDIATES LIMITED,Stock Broker,"Oct 17, 1995 - Perpetual",,,
INZ000224338,FIRST INDIA SECURITIES PVT. LTD.,FIRST INDIA SECURITIES PVT. LTD.,Stock Broker,"Oct 07, 2005 - Perpetual",,,
INZ000224427,SAROJ SECURITIES,SAROJ SECURITIES,Stock Broker,"Aug 21, 2009 - Perpetual",,sarojsecurities.com,
INZ000224536,CFS FINANCIAL SERVICES PVT. LTD.,CFS FINANCIAL SERVICES PVT. LTD.,Stock Broker,"Aug 30, 1995 - Perpetual",,vsnl.net.in,
INZ000224635,UNIVERSAL STOCK BROKERS PVT. LTD.,USBPL,Stock Broker,"Oct 21, 2005 - Perpetual",,,
INZ000224735,INNOVATE SECURITIES PVT LTD.,INNOVATE SECURITIES PVT. LTD.,Stock Broker,"Sep 14, 1995 - Perpetual",,,
INZ000224834,CHIMANLAL MANEKLAL SECURITIES(P)LTD,CHIMANLAL MANEKLAL SECURITIES(P)LTD,Stock Broker,"Oct 27, 1994 - Perpetual",,chimanlalmaneklal.com,
INZ000224933,PARDIWALA SECURITIES PRIVATE LIMITED,PARDIWALA SECURITIES PRIVATE LIMITED,Stock Broker,"Oct 18, 2010 - Perpetual",,rkpspl.com,
INZ000225032,V. K. PATEL SECURITIES PVT. LTD,V. K. PATEL SECURITIES PVT. LTD,Stock Broker,"Nov 21, 1997 - Perpetual",,,
INZ000225116,JANAK JAYANT DALAL,JAYANT AMERCHAND KALIDAS,Stock Broker,"Mar 19, 1993 - Perpetual",,,
INZ000225235,V. D. MANIAR SHARE & STOCK BROKERS PVT. LTD.,V. D. MANIAR SHARE & STOCK BROKERS PVT. LTD.,Stock Broker,"Oct 21, 2005 - Perpetual",,,
INZ000225335,V.P.L.SHAH SHARE & SECURITIES PVT.LTD.,V.P.L.SHAH SHARE & SECURITIES PVT.LTD.,Stock Broker,"Aug 13, 1999 - Perpetual",,,
INZ000225432,INVESTERIA FINANCIAL SERVICES PRIVATE LIMITED,INVESTERIA FINANCIAL SERVICES PRIVATE LIMITED,Stock Broker,"Oct 16, 2025 - Perpetual",,investeria.in,
INZ000225537,S. NAGARDAS MOHANLAL STOCK BROKING PVT. LTD.,S. NAGARDAS MOHANLAL STOCK BROKING PVT. LTD.,Stock Broker,"Nov 18, 2005 - Perpetual",,,
INZ000225631,PRB SECURITIES PRIVATE LTD.,PRB SECURITIES PRIVATE LTD.,Stock Broker,"Sep 14, 1995 - Perpetual",,vsnl.net.in,
INZ000225733,MANASHVI SECURITIES LTD,MANASHVI SECURITIES LTD,Stock Broker,"Jan 07, 1998 - Perpetual",,manashvi.com,
INZ000225821,BHUPATRAY LALCHAND SHAH,S. A. DESHPANDE & CO.,Stock Broker,"Dec 22, 1992 - Perpetual",,,
INZ000225939,R.B.K SHARE BROKING LIMITED,R.B.K SHARE BROKING LIMITED,Stock Broker,"Nov 22, 1995 - Perpetual",,,
INZ000226139,VIRENDRA NAVNITLAL STOCK BROKING PVT. LTD.,VIRENDRA NAVNITLAL STOCK BROKING PVT. LTD.,Stock Broker,"Jan 13, 1998 - Perpetual",,,
INZ000226221,NILESH MANHARLAL MEHTA,MANHARLAL SHANTILAL,Stock Broker,"Dec 22, 1992 - Perpetual",,,
INZ000226320,DILIP MANHARLAL PAREKH,B. T. PAREKH,Stock Broker,"Dec 22, 1992 - Perpetual",,,
INZ000226533,Bagaria Derivative Services Private Limited,Bagaria Derivative Services Private Limited,Stock Broker,"Feb 27, 2019 - Perpetual",,,
INZ000226632,ASIAN MARKETS SECURITIES PVT. LTD.,ASIAN MARKETS SECURITIES PVT. LTD.,Stock Broker,"Dec 19, 1997 - Perpetual",,amsec.in,
INZ000226717,BALKISHAN MOHTA,BALKISHAN MOHTA,Stock Broker,"Mar 19, 1997 - Perpetual",,,
INZ000226812,AJIT CHHOTALAL PAREKH,CHHOTALAL DEVCHAND PARIKH & SON,Stock Broker,"Aug 07, 2003 - Perpetual",,,
INZ000227218,BIPIN M SAVLA,STOCKPLUS FINANCIAL SERVICES,Stock Broker,"Jul 16, 2010 - Perpetual",,stockplus.co.in,
INZ000227335,MONEYBEE SECURITIES PVT. LTD.,MONEYBEE SECURITIES PVT. LTD.,Stock Broker,"Sep 22, 2005 - Perpetual",,moneybee.in,
INZ000227433,THE OMNISCIENT SECURITIES PVT. LTD,THE OMNISCIENT SECURITIES PVT. LTD,Stock Broker,"Dec 30, 1998 - Perpetual",,,
INZ000227538,RCM SHARES & STOCK BROKERS PVT. LTD.,RCM SHARES & STOCK BROKERS PVT. LTD.,Stock Broker,"Dec 12, 2005 - Perpetual",,,
INZ000227631,D.M.KANTOL SHARE & STOCK BROKERS PVT. LTD.,D.M.KANTOL SHARE & STOCK BROKERS PVT. LTD.,Stock Broker,"Dec 23, 1998 - Perpetual",,,
INZ000227831,ROONGTA CORPORATE SERVICES PVT. LTD.,ROONGTA CORPORATE SERVICES PVT. LTD.,Stock Broker,"Oct 07, 2005 - Perpetual",,,
INZ000227918,LALITKUMAR AKHERAJ NAGAL,M/S AKHERAJ N. NAGAL,Stock Broker,"Oct 09, 2003 - Perpetual",,,
INZ000228133,KRISHVI SECURITIES PRIVATE LIMITED,KRISHVI SECURITIES PRIVATE LIMITED,Stock Broker,"Mar 04, 2004 - Perpetual",,,
INZ000228232,TRAMBAKLAL RATILAL PAREKH & SON SECURITIES PVT. LTD.,TRAMBAKLAL RATILAL PAREKH & SON SECURITIES PVT. LTD.,Stock Broker,"Aug 19, 2003 - Perpetual",,,
INZ000228316,ANIL R PARIKH,A R R PARIKH,Stock Broker,"Nov 29, 1996 - Perpetual",,,
INZ000228413,PRATAP KESHAVLAL SHAH,PRATAP KESHAVLAL SHAH,Stock Broker,"Nov 26, 1992 - Perpetual",,,
INZ000228534,MarketWolf Securities Private Limited,MarketWolf Securities Private Limited,Stock Broker,"Feb 28, 2019 - Perpetual",,marketwolf.com,
INZ000228615,AJAY ISHWARLAL DALAL,ANAND AJAY SECURITIES,Stock Broker,"Jul 22, 2005 - Perpetual",,,
INZ000228735,B. D. SHROFF SECURITIES PVT LTD,B. D. SHROFF SECURITIES PVT LTD,Stock Broker,"Jan 07, 1998 - Perpetual",,,
INZ000228835,JAMSON SECURITIES PVT. LTD,JAMSON SECURITIES PVT. LTD,Stock Broker,"Jan 07, 1998 - Perpetual",,,
INZ000229023,PRAVIN KANTILAL VAKIL,K. MOTIRAM VAKIL,Stock Broker,"Aug 23, 2013 - Perpetual",,,
INZ000229132,QUANTUM SECURITIES PVT. LTD.,QUANTUM SECURITIES PVT. LTD.,Stock Broker,"Oct 19, 1995 - Perpetual",,qsmail.com,
INZ000229211,BHARAT HIRALAL SHETH,HIRALAL LILLADHAR,Stock Broker,"Nov 26, 1992 - Perpetual",,,
INZ000229311,RAJABABU BHAGUBHAI GANDHI,RAJABABU BHAGUBHAI GANDHI,Stock Broker,"Nov 26, 1992 - Perpetual",,,
INZ000229434,N MOHANLAL NAGARDAS STOCK BROKERS PVT. LTD.,N MOHANLAL NAGARDAS STOCK BROKERS PVT. LTD.,Stock Broker,"Mar 11, 1998 - Perpetual",,vsnl.com,
INZ000229638,KEDIA SHARES & STOCKS BROKERS LTD,KEDIA SHARES & STOCKS BROKERS LTD,Stock Broker,"Jan 07, 1998 - Perpetual",,kssbmail.com,
INZ000229812,ARUN PORECHA,ARUN PORECHA,Stock Broker,"Nov 26, 1992 - Perpetual",,porecha.in,
INZ000229936,NARIMAN FINVEST PVT. LIMITED,NARIMAN FINVEST PVT. LIMITED,Stock Broker,"Feb 27, 1996 - Perpetual",,narimanfinvest.com,
INZ000230036,M.S.N. SECURITIES PRIVATE LIMITED,M.S.N. SECURITIES PRIVATE LIMITED,Stock Broker,"Nov 09, 2006 - Perpetual",,msnsecurities.com,
INZ000230135,AKD SECURITIES PVT. LTD.,AKD SECURITIES PVT. LTD.,Stock Broker,"Jan 13, 1998 - Perpetual",,,
INZ000230337,NANGALIA STOCK BROKING PVT.LTD.,NANGALIA STOCK BROKING PVT.LTD.,Stock Broker,"Dec 30, 1998 - Perpetual",,nangaliagroup.in,
INZ000230731,AMIT SAHITA FINANCE PVT. LTD.,AMIT SAHITA FINANCE PVT. LTD.,Stock Broker,"Dec 23, 1998 - Perpetual",,,
INZ000230835,NAGINDAS P. KOTHARI SHARE & STOCK BROKERS PVT. LTD.,NAGINDAS P. KOTHARI SHARE & STOCK BROKERS PVT. LTD.,Stock Broker,"Jan 07, 1998 - Perpetual",,,
INZ000230932,JAMNADAS MORARJEE SECURITIES LTD,JAMNADAS MORARJEE SECURITIES LTD,Stock Broker,"Jan 02, 1998 - Perpetual",,jmsl.in,
INZ000231013,JITENDRA VITHALDAS MARTHAK,JITENDRA VITHALDAS MARTHAK,Stock Broker,"Nov 26, 1992 - Perpetual",,,
INZ000231135,SHRI VENKATESH STOCK BROKER SERVICES INDIA PRIVATE LIMITED,SHRI VENKATESH STOCK BROKER SERVICES INDIA PRIVATE LIMITED,Stock Broker,"Jun 17, 2011 - Perpetual",,yahoo.in,
INZ000231232,K JAYANTILAL SECURITIES PRIVATE LIMITED,K JAYANTILAL SECURITIES PVT. LTD.,Stock Broker,"Jan 07, 1998 - Perpetual",,kjspl.com,
INZ000231338,PORECHA GLOBAL SECURITIES PVT. LTD,PORECHA GLOBAL SECURITIES PVT. LTD,Stock Broker,"Jan 07, 1998 - Perpetual",,porecha.in,
INZ000231438,DARASHAW & COMPANY PVT. LTD,DARASHAW & COMPANY PVT. LTD,Stock Broker,"Dec 31, 1997 - Perpetual",,darashaw.com,
INZ000231538,RAMABEN SAMANI FINANCE PVT.LTD.,RAMABEN SAMANI FINANCE PVT.LTD.,Stock Broker,"Apr 01, 1999 - Perpetual",,rediffmail.co,
INZ000231644,JITENDRA HARJIVANDAS SECURITIES PVT. LTD.,JITENDRA HARJIVANDAS SECURITIES PVT. LTD.,Stock Broker,"Feb 18, 2003 - Perpetual",,,
INZ000231835,GANESHAM SECURITIES PRIVATE LIMITED,GANESHAM SECURITIES PRIVATE LIMITED,Stock Broker,"Jan 15, 2004 - Perpetual",,ganeshamonline.com,
INZ000231932,STANDARD CHARTERED SECURITIES (INDIA) LIMITED,STANDARD CHARTERED SECURITIES (INDIA) LIMITED,Stock Broker,"Feb 19, 2009 - Perpetual",,sc.com,
INZ000232018,ADI LIM BILIMORIA,ADI LIM BILIMORIA,Stock Broker,"Dec 23, 1993 - Perpetual",,,
INZ000232136,INFINITY.COM FINANCIAL SECURITIES LTD.,INFINITY.COM FINANCIAL SECURITIES LTD.,Stock Broker,"Dec 31, 1997 - Perpetual",,pinc.co.in,
INZ000232233,PATANI SECURITIES PVT LTD,PATANI SECURITIES PVT LTD,Stock Broker,"Jan 07, 1998 - Perpetual",,patanisecurities.com,
INZ000232336,ANVIL SHARE AND STOCK BROKING PRIVATE LIMITED,ANVIL SHARE AND STOCK BROKING PRIVATE LIMITED,Stock Broker,"Dec 30, 1998 - Perpetual",,anvil.co.in,
INZ000232436,M. PRASAD & CO. LTD.,M. PRASAD & CO. LTD.,Stock Broker,"Feb 22, 2000 - Perpetual",,,
INZ000232537,JAGDISH DALAL SHARES & SECURITIES PVT. LTD.,JAGDISH DALAL SHARES & SECURITIES PVT. LTD.,Stock Broker,"Dec 23, 1998 - Perpetual",,vsnl.net,
INZ000232632,KAI SECURITIES PRIVATE LIMITED,KAI SECURITIES PRIVATE LIMITED,Stock Broker,"Aug 30, 2000 - Perpetual",,grishma.com,
INZ000232731,AXIOM SHARE BROKING PRIVATE LIMITED,AXIOM SHARE BROKING PRIVATE LIMITED,Stock Broker,"Mar 16, 2005 - Perpetual",,,
INZ000232837,B M GANDHI SECURITIES PVT. LTD.,B M GANDHI SECURITIES PVT. LTD.,Stock Broker,"Jan 07, 1998 - Perpetual",,bmgandhi.com,
INZ000233031,MEHTA VAKIL & CO.PVT. LTD.,MEHTA VAKIL & CO.PVT. LTD.,Stock Broker,"Dec 30, 1997 - Perpetual",,,
INZ000233114,SUNDERDAS KALYANJI KANKAL,SUNDERDAS KALYANJI KANKAL,Stock Broker,"Nov 26, 1992 - Perpetual",,,
INZ000233334,RAJCHANDRA STOCK BROKERS PRIVATE LIMITED,RAJCHANDRA STOCK BROKERS PRIVATE LIMITED,Stock Broker,"Jan 13, 1998 - Perpetual",,,
INZ000233437,D.K.MODI SECURITIES PVT.LTD.,D.K.MODI SECURITIES PVT.LTD.,Stock Broker,"Dec 23, 1998 - Perpetual",,,
INZ000233631,SUKESH JAIN SECURITIES PVT. LTD.,SUKESH JAIN SECURITIES PVT. LTD.,Stock Broker,"Oct 01, 2014 - Perpetual",,sukeshjain.com,
INZ000233733,V JETHALAL RAMJI SHARE BROKERS PVT. LTD.,V JETHALAL RAMJI SHARE BROKERS PVT. LTD.,Stock Broker,"Jan 13, 1998 - Perpetual",,,
INZ000233836,ROONGTA CAPITAL MARKETS PVT. LTD.,ROONGTA CAPITAL MARKETS PVT. LTD.,Stock Broker,"Dec 30, 1997 - Perpetual",,,
INZ000233912,NIPUN DIPCHAND TASWALA,NIPUN DIPCHAND TASWALA,Stock Broker,"May 27, 2011 - Perpetual",,,
INZ000234019,JASWANT NANALAL JHAVERI,J. N. JHAVERI,Stock Broker,"Nov 26, 1992 - Perpetual",,,
INZ000234117,PRAKASH HIMATLAL SHAH,HIMATLAL FULCHAND,Stock Broker,"May 05, 2004 - Perpetual",,,
INZ000234235,NNM SECURITIES PVT.LTD.,NNM SECURITIES PVT.LTD.,Stock Broker,"Dec 23, 1998 - Perpetual",,nnmsecurities.com,
INZ000234315,VINAY JITENDRA MASHRUWALA,BHAIDAS MAGANLAL & CO,Stock Broker,"Nov 02, 1994 - Perpetual",,,
INZ000234433,SANAT M DALAL SECURITIES PVT LTD,SANAT M. DALAL SECURITIES PVT LTD,Stock Broker,"Jan 07, 1998 - Perpetual",,,
INZ000234533,HSBC SECURITIES AND CAPITAL MARKETS (INDIA) PVT. LTD.,HSBC SECURITIES AND CAPITAL MARKETS (INDIA) PVT. LTD.,Stock Broker,"Oct 06, 1995 - Perpetual",,hsbc.co.in,
INZ000234636,INA STOCK BROKING COMPANY PVT. LTD.,INA STOCK BROKING COMPANY PVT. LTD.,Stock Broker,"Jan 13, 1998 - Perpetual",,,
INZ000234739,WALLFORT FINANCIAL SERVICES LTD.,WALLFORT FINANCIAL SERVICES LTD.,Stock Broker,"Jan 12, 1996 - Perpetual",,wallfort.com,
INZ000235036,MODERN SHARES & STOCKBROKERS LTD,MODERN SHARES & STOCKBROKERS LTD,Stock Broker,"Jan 02, 1995 - Perpetual",,modernshares.com,
INZ000235231,DEVANSHU INFIN PRIVATE LIMITED,DEVANSHU INFIN PRIVATE LIMITED,Stock Broker,"Aug 29, 1996 - Perpetual",,,
INZ000235338,PFIL SECURITIES LTD.,PFIL SECURITIES LTD.,Stock Broker,"Oct 17, 1995 - Perpetual",,,
INZ000235432,NIRPAN SECURITIES  PVT. LTD.,NIRPAN SECURITIES  PVT. LTD.,Stock Broker,"Oct 26, 1994 - Perpetual",,dolatcapital.com,
INZ000235531,MONEY LOGIX SECURITIES PRIVATE LIMITED,MONEY LOGIX SECURITIES PRIVATE LIMITED,Stock Broker,"May 26, 2026 - Perpetual",,,
INZ000235634,UNITED SHARE BROKERS LTD.,UNITED SHARE BROKERS LTD.,Stock Broker,"Dec 15, 1995 - Perpetual",,aaa.com,
INZ000235913,ASHOK C. SAMANI,ASHOK CHANDRAKANT SAMANI,Stock Broker,"Nov 26, 1992 - Perpetual",,,
INZ000236038,GHALLA BHANSALI STOCK BROKERS PVT. LTD.,GHALLA BHANSALI STOCK BROKERS PVT. LTD.,Stock Broker,"Mar 06, 1997 - Perpetual",,ghallabhansali.com,
INZ000236116,MANISH S.SHAH,M.S.M. SHAH,Stock Broker,"Mar 27, 2002 - Perpetual",,,
INZ000236210,BIPIN RATILAL VORA,BIPIN R. VORA,Stock Broker,"Nov 26, 1992 - Perpetual",,,
INZ000236337,PAVAK SECURITIES PVT. LTD.,PAVAK SECURITIES PVT. LTD.,Stock Broker,"Feb 18, 2000 - Perpetual",,,
INZ000236431,FORT SHARE BROKING PRIVATE LIMITED,FORT SHARE BROKING PRIVATE LIMITED,Stock Broker,"Jul 28, 2006 - Perpetual",,,
INZ000236538,PRAGYA EQUITIES PRIVATE LIMITED,PRAGYA EQUITIES PRIVATE LIMITED,Stock Broker,"Jan 17, 2008 - Perpetual",,,
INZ000236638,ARJ SHARES & STOCK BROKERS PRIVATE LIMITED,ARJ SHARES & STOCK BROKERS PRIVATE LIMITED,Stock Broker,"Jul 26, 1995 - Perpetual",,,
INZ000236731,INDSEC SECURITIES & FINANCE LTD.,INDSEC SECURITIES & FINANCE LTD.,Stock Broker,"Sep 01, 1994 - Perpetual",,indsec.co.in,
INZ000236838,WADHWA SECURITIES LIMITED,WADHWA SECURITIES LIMITED,Stock Broker,"Jan 07, 1998 - Perpetual",,,
INZ000236930,BAJAJ CAPITAL MARKETS LIMITED,BAJAJ CAPITAL MARKETS LIMITED,Stock Broker,"Jun 14, 2006 - Perpetual",,bajajcapital.com,
INZ000237038,PRAVIN V. SHAH STOCK BROKING PVT. LTD.,PRAVIN V. SHAH STOCK BROKING PVT. LTD.,Stock Broker,"Jan 07, 1998 - Perpetual",,,
INZ000237237,OYSTER FINCAP PRIVATE LIMITED,OYSTER FINCAP PRIVATE LIMITED,Stock Broker,"Oct 15, 2010 - Perpetual",,oysterfincap.com,
INZ000237338,DHANKI SECURITIES PVT. LTD.,DHANKI SECURITIES PVT. LTD.,Stock Broker,"Jan 13, 1998 - Perpetual",,dhankisecurities.com,
INZ000237431,INDISTOCK SECURITIES LIMITED.,INDISTOCK SECURITIES LIMITED,Stock Broker,"May 27, 1994 - Perpetual",,indistock.com,
INZ000237537,RAMANIKLAL MOHANLAL CAPITAL MARKETS PVT. LTD.,RAMANIKLAL MOHANLAL CAPITAL MARKETS PVT. LTD.,Stock Broker,"Jan 13, 1998 - Perpetual",,,
INZ000237633,ANANT INVESTMENTS PRIVATE LIMITED,ANANT INVESTMENTS PRIVATE LIMITED,Stock Broker,"Aug 20, 2010 - Perpetual",,,
INZ000237836,NAMAH CAPITAL RESOURCES LTD.,NAMAH CAPITAL RESOURCES LTD.,Stock Broker,"Aug 23, 2000 - Perpetual",,,
INZ000237937,ARJ SECURITIES PVT. LTD.,ARJ SECURITIES PVT. LTD.,Stock Broker,"Oct 26, 1994 - Perpetual",,arjsecurities.com,
INZ000238130,AGRA SECURITY TRADERS PRIVATE LIMITED,AGRA SECURITY TRADERS PRIVATE LIMITED,Stock Broker,"Sep 28, 2010 - Perpetual",,,
INZ000238236,ELARA SECURITIES (INDIA) PRIVATE LIMITED,ELARA SECURITIES (INDIA) PRIVATE LIMITED,Stock Broker,"Dec 18, 2007 - Perpetual",,elaracapital.com,
INZ000238313,NEEL BHUPENDRA DALAL,NEEL B DALAL,Stock Broker,"Nov 26, 1992 - Perpetual",,,
INZ000238435,MONEYPALM BROKERS PRIVATE LIMITED,MONEYPALM BROKERS PRIVATE LIMITED,Stock Broker,"Jul 30, 2012 - Perpetual",,moneypalm.in,
INZ000238639,TRUST FINANCIAL CONSULTANCY SERVICES PRIVATE LIMITED,TRUST FINANCIAL CONSULTANCY SERVICES PRIVATE LIMITED,Stock Broker,"Sep 15, 2003 - Perpetual",,trustgroup.in,
INZ000238734,SALASAR STOCK BROKING LTD.,SALASAR STOCK BROKING LTD.,Stock Broker,"Jul 26, 1995 - Perpetual",,,
INZ000238834,ANAND JHAVERI FINCON PVT. LTD.,ANAND JHAVERI FINCON PVT. LTD.,Stock Broker,"Jun 07, 1995 - Perpetual",,,
INZ000238938,SVV SHARES & STOCK BROKERS PVT.LTD.,SVV SHARES & STOCK BROKERS PVT.LTD.,Stock Broker,"Jan 13, 1998 - Perpetual",,,
INZ000239135,K K STOCK MANAGEMENT PVT. LTD.,K K STOCK MANAGEMENT PVT. LTD.,Stock Broker,"Apr 11, 1997 - Perpetual",,,
INZ000239239,MY MONEY SECURITIES LTD.,MY MONEY SECURITIES LTD.,Stock Broker,"Feb 27, 1996 - Perpetual",,vsnl.com,
INZ000239635,ALLWIN SECURITIES LIMITED,ALLWIN SECURITIES LIMITED,Stock Broker,"Sep 02, 2005 - Perpetual",,,
INZ000239730,J.P. MORGAN  INDIA PRIVATE LTD,J.P. MORGAN  INDIA PRIVATE LTD,Stock Broker,"Nov 23, 1994 - Perpetual",,jpmorgan.com,
INZ000239834,GSB CAPITAL MARKETS LTD,GSB CAPITAL MARKETS LTD,Stock Broker,"Sep 25, 1997 - Perpetual",,,
INZ000239939,A. K. EQUITIES PVT. LTD.,A. K. EQUITIES PVT. LTD.,Stock Broker,"Sep 15, 2003 - Perpetual",,akequities.com,
INZ000240039,CHANDRAKALA BROKING SERVICES PRIVATE LIMITED,CHANDRAKALA BROKING SERVICES PRIVATE LIMITED,Stock Broker,"Nov 08, 2011 - Perpetual",,,
INZ000240132,BAJAJ SHARE & STOCK BROKERS PVT. LTD.,BAJAJ SHARE & STOCK BROKERS PVT. LTD.,Stock Broker,"Mar 06, 2000 - Perpetual",,,
INZ000240235,TOSHNIWAL EQUITY SERVICES PVT. LTD.,TOSHNIWAL EQUITY SERVICES PVT. LTD.,Stock Broker,"Mar 16, 2006 - Perpetual",,,
INZ000240438,FE SECURITIES PVT. LTD.,FE SECURITIES PVT. LTD.,Stock Broker,"Aug 08, 1995 - Perpetual",,fesecurities.in,
INZ000240532,PAYTM MONEY LIMITED,PAYTM MONEY LIMITED,Stock Broker,"Mar 15, 2019 - Perpetual",,paytmmoney.com,
INZ000240734,SETHI FINMART PRIVATE LIMITED,SETHI FINMART PRIVATE LIMITED,Stock Broker,"Dec 28, 2006 - Perpetual",,,
INZ000240830,A. K. STOCKMART PRIVATE LIMITED,A. K. STOCKMART PRIVATE LIMITED,Stock Broker,"Jun 14, 2006 - Perpetual",,akgroup.co.in,
INZ000240935,H.J. SECURITIES PVT. LTD.,H.J. SECURITIES PVT. LTD.,Stock Broker,"Dec 30, 1998 - Perpetual",,hjsecurities.com,
INZ000241036,ARETE SECURITIES LTD.,ARETE SECURITIES LTD.,Stock Broker,"Feb 18, 2002 - Perpetual",,aretesecurities.com,
INZ000241134,R. R. NABAR & CO. SHARE BROKERS PVT. LTD.,R. R. NABAR & CO SHARE BROKERS PVT. LTD.,Stock Broker,"Jan 13, 1998 - Perpetual",,rrnabar.com,
INZ000241237,STOCK HOLDING CORPORATION OF INDIA LIMITED,STOCK HOLDING CORPORATION OF INDIA LIMITED,Stock Broker,"Sep 30, 2014 - Perpetual",,stockholding.com,
INZ000241419,SHREEKANT PHUMBHRA,SHREEKANT PHUMBHRA,Stock Broker,"Jan 20, 1994 - Perpetual",,,
INZ000241530,KEYNOTE CAPITALS LTD.,KEYNOTE CAPITALS LTD.,Stock Broker,"Jul 30, 1996 - Perpetual",,keynoteindia.net,
INZ000241638,WEALTH INDIA FINANCIAL SERVICES PRIVATE LIMITED,WEALTH INDIA FINANCIAL SERVICES PRIVATE LIMITED,Stock Broker,"Jul 08, 2024 - Perpetual",,fundsindia.com,
INZ000241733,ACK CAPITAL PRIVATE LIMITED,ACK CAPITAL PRIVATE LIMITED,Stock Broker,"Jan 13, 1998 - Perpetual",,,
INZ000241839,RAGA SECURITIES & FINANCE PVT. LTD.,RAGA SECURITIES & FINANCE PVT. LTD.,Stock Broker,"Mar 31, 2005 - Perpetual",,,
INZ000242114,GAUTAM KUMAR AGRAHARI,GAUTAM KUMAR AGRAHARI,Stock Broker,"Nov 23, 1994 - Perpetual",,,
INZ000242232,YOKE SECURITIES LIMITED,YOKE SECURITIES LIMITED,Stock Broker,"Aug 16, 2000 - Perpetual",,,
INZ000242417,KAMLESH RAMANLAL SHAH,M/s. RAMANLAL D. SHAH,Stock Broker,"Dec 20, 1996 - Perpetual",,,
INZ000242534,SODHANI SECURITIES LTD,SODHANI SECURITIES LTD,Stock Broker,"Mar 31, 1998 - Perpetual",,vsnl.net.in,
INZ000242635,VEDIKA SECURITIES (P) LTD,VEDIKA SECURITIES (P) LTD,Stock Broker,"Aug 30, 1995 - Perpetual",,vedikasecurities.net,
INZ000242722,RUSHABH INVESTMENTS,M/S. RUSHABH INVESTMENTS,Stock Broker,"Jan 30, 2023 - Perpetual",,,
INZ000242934,DARASHAW SECURITIES PVT. LTD.,DARASHAW SECURITIES  PVT. LTD.,Stock Broker,"Aug 30, 1995 - Perpetual",,darashaw.com,
INZ000243033,JEFFERIES INDIA PRIVATE LIMITED,JEFFERIES INDIA PRIVATE LIMITED,Stock Broker,"Jul 04, 2013 - Perpetual",,jefferies.com,
INZ000243136,MAXIMUS SECURITIES LIMITED,MAXIMUS SECURITIES LIMITED,Stock Broker,"Apr 04, 1995 - Perpetual",,maximussecurities.com,
INZ000243235,PRIYASHA MEVEN FINANCE LTD,PRIYASHA MEVEN FINANCE LTD,Stock Broker,"Oct 26, 1994 - Perpetual",,kkjsec.com,
INZ000243336,NATVERLAL & SONS STOCK BROKERS PVT. LTD.,NATVERLAL & SONS STOCK BROKERS PVT. LTD.,Stock Broker,"Jan 07, 1998 - Perpetual",,,
INZ000243435,NALIN SHAH SHARE BROKERS PVT. LTD.,NALIN SHAH SHARE BROKERS PVT. LTD.,Stock Broker,"Jan 07, 1998 - Perpetual",,,
INZ000243533,MACQUARIE CAPITAL SECURITIES (INDIA) PRIVATE LIMITED,MACQUARIE CAPITAL SECURITIES (INDIA) PRIVATE  LIMITED,Stock Broker,"Dec 26, 2005 - Perpetual",,macquarie.com,
INZ000243831,GENUINE STOCK BROKERS PRIVATE LIMITED,GENUINE STOCK BROKERS PRIVATE LIMITED,Stock Broker,"May 08, 2007 - Perpetual",,,
INZ000243934,JKB FINANCIAL SERVICES LIMITED,JKB FINANCIAL SERVICES LIMITED,Stock Broker,"Jun 14, 2011 - Perpetual",,jkbfsl.com,
INZ000244134,AMIT NALIN SECURITIES PVT.LTD.,AMIT NALIN SECURITIES PVT.LTD.,Stock Broker,"Dec 30, 1997 - Perpetual",,,
INZ000244231,SOUTH GUJARAT SHARES & SHAREBROKERS LIMITED,SOUTH GUJARAT SHARES & SHAREBROKERS LIMITED,Stock Broker,"Feb 27, 1996 - Perpetual",,,
INZ000244338,EDGE SECURITIES PRIVATE LIMITED,EDGE SECURITIES PRIVATE LIMITED,Stock Broker,"Sep 20, 2010 - Perpetual",,edgeonline.in,
INZ000244438,MORGAN STANLEY INDIA COMPANY PRIVATE LIMITED,MORGAN STANLEY INDIA COMPANY PRIVATE LIMITED,Stock Broker,"Mar 23, 1999 - Perpetual",,morganstanley.com,
INZ000244833,MERWANJEE SECURITIES LIMITED,MERWANJEE SECURITIES LIMITED,Stock Broker,"Dec 23, 1998 - Perpetual",,,
INZ000244957,KIFS BROKING PRIVATE LIMITED,KIFS BROKING PRIVATE LIMITED,Stock Broker,"Mar 26, 2019 - Perpetual",,,
INZ000245032,GSB SECURITIES PVT. LTD.,GSB SECURITIES PVT. LTD.,Stock Broker,"Mar 14, 1996 - Perpetual",,gsbgroup.co.in,
INZ000245133,GHANSHYAM SHARES & STOCK BROKERS PVT. LTD.,GHANSHYAM SHARES & STOCK BROKERS PVT.  LTD.,Stock Broker,"Jan 12, 1996 - Perpetual",,,
INZ000245232,WOODSTOCK SECURITIES PVT. LTD.,WOODSTOCK SECURITIES PVT. LTD.,Stock Broker,"Jan 13, 1998 - Perpetual",,wsspl.net,
INZ000245338,VJB FINANCIAL SERVICES PRIVATE LIMITED,VJB FINANCIAL SERVICES PRIVATE LIMITED,Stock Broker,"Oct 01, 2010 - Perpetual",,vjbfinancial.com,
INZ000245435,ANGEL SECURITIES LIMITED,ANGEL SECURITIES LIMITED,Stock Broker,"Jan 13, 1998 - Perpetual",,angelbroking.com,
INZ000245530,VISARIA SECURITIES PVT. LTD.,VISARIA SECURITIES PVT. LTD.,Stock Broker,"Jul 27, 2000 - Perpetual",,visaria.in,
INZ000245638,D.H. SECURITIES PVT. LTD.,D.H. SECURITIES PVT. LTD.,Stock Broker,"Sep 14, 2000 - Perpetual",,,
INZ000245833,BHANSALI VALUE  CREATIONS PRIVATE LIMITED,BHANSALI VALUE  CREATIONS PRIVATE LIMITED,Stock Broker,"Aug 18, 2011 - Perpetual",,,
INZ000246038,HB SECURITIES LIMITED,HB SECURITIES LIMITED,Stock Broker,"Jun 29, 1994 - Perpetual",,,
INZ000246138,OHM STOCK BROKER PVT. LTD.,OHM STOCK BROKER PVT. LTD.,Stock Broker,"May 25, 1999 - Perpetual",,ohmbrk.com,
INZ000246238,SAURASHTRA CAPITAL BROKING PRIVATE LIMITED,SAURASHTRA CAPITAL BROKING PRIVATE LIMITED,Stock Broker,"Jul 07, 1995 - Perpetual",,saurashtracapital.in,
INZ000246334,UNIFI CAPITAL PRIVATE LIMITED,UNIFI CAPITAL PRIVATE LIMITED,Stock Broker,"Jun 22, 2001 - Perpetual",,unificap.com,
INZ000246535,4A SECURITIES LIMITED,4A SECURITIES LIMITED,Stock Broker,"Apr 10, 2012 - Perpetual",,,
INZ000246635,ACTIVE DERIVATIVES PRIVATE LIMITED,ACTIVE DERIVATIVES PRIVATE LIMITED,Stock Broker,"Feb 05, 2014 - Perpetual",,,
INZ000246833,AMOL FINANCIAL SERVICES PRIVATE LIMITED,AMOL FINANCIAL SERVICES PRIVATE LIMITED,Stock Broker,"Jul 28, 2006 - Perpetual",,aaa.com,
INZ000246930,TRACOM STOCK BROKERS PVT. LTD.,TRACOM STOCK BROKERS PVT. LTD.,Stock Broker,"Oct 19, 1995 - Perpetual",,tracom.co.in,
INZ000247133,NARIMAN POINT FINANCE LIMITED,NARIMAN POINT FINANCE LIMITED,Stock Broker,"Sep 07, 2007 - Perpetual",,,
INZ000247236,PRAMESH FORTUNE FISCAL LIMITED,PRAMESH FORTUNE FISCAL LIMITED,Stock Broker,"Nov 06, 2025 - Perpetual",,,
INZ000247335,NAGARMAL SARAF SECURITIES PVT. LTD.,NAGARMAL SARAF SECURITIES PVT. LTD.,Stock Broker,"Nov 18, 2005 - Perpetual",,,
INZ000247433,MANSI SHARE & STOCK BROKING PRIVATE LIMITED,MANSI SHARE & STOCK BROKING PRIVATE LIMITED,Stock Broker,"Feb 28, 2008 - Perpetual",,mansishares.in,
INZ000247532,P. P. J. SHROFF SECURITIES PVT.LTD.,P. P. J. SHROFF SECURITIES PVT. LTD.,Stock Broker,"Jan 07, 1998 - Perpetual",,,
INZ000247638,PRANAV SECURITIES PVT. LTD.,PRANAV SECURITIES PVT. LTD.,Stock Broker,"Apr 19, 1995 - Perpetual",,,
INZ000247736,TradeSmart Fintech Securities Limited,TradeSmart Fintech Securities Limited,Stock Broker,"May 13, 1997 - Perpetual",,vnsfin.com,
INZ000247838,JAMNADAS VIRJI SHARES & STOCK BROKERS PVT. LTD,JAMNADAS VIRJI SHARES & STOCK BROKERS PVT. LTD,Stock Broker,"Jan 13, 1998 - Perpetual",,jvsons.com,
INZ000247937,GATEWAY FINANCIAL SERVICES LTD,GATEWAY FINANCIAL SERVICES LTD,Stock Broker,"Aug 26, 1996 - Perpetual",,,
INZ000248031,GANDHI SECURITIES & INVESTMENT PRIVATE LTD,GANDHI SECURITIES & INVESTMENT PRIVATE LTD,Stock Broker,"Jan 13, 1998 - Perpetual",,gsecin.com,
INZ000248337,VACHANA INVESTMENTS PRIVATE LIMITED,VACHANA INVESTMENTS PRIVATE LIMITED,Stock Broker,"Dec 20, 2013 - Perpetual",,vachanainvestments.in,
INZ000248439,GOPANI SECURITIES & INVESTMENTS PVT. LTD.,GOPANI SECURITIES & INVESTMENTS PVT. LTD.,Stock Broker,"Jul 22, 2005 - Perpetual",,mtnl.net.in,
INZ000248617,SHAILESH MULCHAND NISSAR,SHAILESH MULCHAND NISSAR,Stock Broker,"Nov 26, 1992 - Perpetual",,,
INZ000248731,BHAVIK RAJESH KHANDHAR SHARE & STOCK BROKERS PVT.LTD.,BHAVIK RAJESH KHANDHAR SHARE & STOCK BROKERS PVT.LTD.,Stock Broker,"Jun 03, 1999 - Perpetual",,,
INZ000248836,NOVEL SECURITIES PVT. LTD.,NOVEL SECURITIES PVT. LTD.,Stock Broker,"May 17, 2000 - Perpetual",,,
INZ000248937,JSEL SECURITIES LIMITED,JSEL SECURITIES LIMITED,Stock Broker,"May 24, 2000 - Perpetual",,,
INZ000249037,AFN LANGRANA SHARE & STOCK BROKERS PVT. LTD.,AFN LANGRANA SHARE & STOCK BROKERS PVT. LTD.,Stock Broker,"Dec 19, 1997 - Perpetual",,afnlangrana.com,
INZ000249130,VRAMATH FINANCIAL SERVICES PRIVATE LIMITED,VRAMATH FINANCIAL SERVICES PRIVATE LIMITED,Stock Broker,"Aug 05, 2013 - Perpetual",,vramath.com,
INZ000249314,KISHOR R. AJMERA,KISHOR R. AJMERA,Stock Broker,"Nov 26, 1992 - Perpetual",,,
INZ000249438,BABA BHOOTHNATH COMMEX PRIVATE LIMITED,BABA BHOOTHNATH COMMEX PRIVATE LIMITED,Stock Broker,"Jun 09, 2009 - Perpetual",,,
INZ000249832,PRADIP C DOSHI STOCK BROKERS PVT. LTD.,PRADIP C DOSHI STOCK BROKERS PVT. LTD.,Stock Broker,"Jan 13, 1998 - Perpetual",,,
INZ000250037,Profitex Shares & Securities Pvt. Ltd.,Profitex Shares & Securities Pvt. Ltd.,Stock Broker,"Mar 29, 2019 - Perpetual",,payash.com,
INZ000250133,VFC SECURITIES P LTD,VFC SECURITIES P LTD,Stock Broker,"Oct 09, 1997 - Perpetual",,vfc.co.in,
INZ000250232,KB CAPITAL MARKETS PVT. LTD.,KB CAPITAL MARKETS PVT. LTD.,Stock Broker,"Sep 14, 1995 - Perpetual",,kbc.in,
INZ000250337,FINANCE MONITOR (I) PVT. LTD.,FINANCE MONITOR (I) PVT. LTD.,Stock Broker,"Aug 30, 1995 - Perpetual",,fmipl.in,
INZ000250436,JUPITER STOCK BROKERS LTD,JUPITER STOCK BROKERS LTD,Stock Broker,"Apr 03, 1998 - Perpetual",,,
INZ000250531,Marwadi Chandarana Intermediaries Brokers Private Limited,Marwadi Chandarana Intermediaries Brokers Private Limited,Stock Broker,"Mar 29, 2019 - Perpetual",,,
INZ000250611,DHILAN D. KOTHARI,DHILAN D. KOTHARI,Stock Broker,"Mar 29, 2019 - Perpetual",,,
INZ000250731,RAJYOVARS CAPITAL PRIVATE LIMITED,RAJYOVARS CAPITAL PRIVATE LIMITED,Stock Broker,"Mar 29, 2019 - Perpetual",,,
INZ000250836,JHP SECURITIES PRIVATE LIMITED,JHP SECURITIES PRIVATE LIMITED,Stock Broker,"Jan 13, 1998 - Perpetual",,jhpsecurities.com,
INZ000251236,HASMUKH LALBHAI SHARE BROKERS PVT. LTD.,HASMUKH LALBHAI SHARE BROKERS PVT. LTD.,Stock Broker,"Aug 13, 2001 - Perpetual",,,
INZ000251333,GARG SECURITIES PVT. LTD.,GARG SECURITIES PVT. LTD.,Stock Broker,"Feb 07, 2006 - Perpetual",,,
INZ000251536,EQUIRUS SECURITIES PRIVATE LIMITED,EQUIRUS SECURITIES PRIVATE LIMITED,Stock Broker,"Jul 04, 2008 - Perpetual",,equirus.com,
INZ000251639,PRABODH ARTHA WARDHINI PRIVATE LIMITED,PRABODH ARTHA WARDHINI PRIVATE LIMITED,Stock Broker,"Jan 23, 2006 - Perpetual",,prabodh.com,
INZ000251723,NIKHIL K. VAKHARIA,KANCHANLAL & SON,Stock Broker,"Apr 06, 2000 - Perpetual",,,
INZ000251837,Doogar and Associates Securities Private Ltd.,Doogar and Associates Securities Private Ltd.,Stock Broker,"Feb 01, 1996 - Perpetual",,vsnl.net.in,
INZ000252037,U L J K SECURITIES PVT LTD,U L J K SECURITIES PVT LTD,Stock Broker,"Jan 07, 1998 - Perpetual",,uljk.in,
INZ000252232,ROLTA SHARES & STOCKS PVT. LTD.,ROLTA SHARES & STOCKS PVT. LTD.,Stock Broker,"Sep 14, 1995 - Perpetual",,rolta.com,
INZ000252338,M.D.SHUKLA SHARE & SECURITIES PVT.LTD.,M.D.SHUKLA SHARE & SECURITIES PVT.LTD.,Stock Broker,"Sep 20, 1999 - Perpetual",,,
INZ000252437,DEUTSCHE EQUITIES INDIA PRIVATE LIMITED,DEUTSCHE EQUITIES INDIA PRIVATE LIMITED,Stock Broker,"Jul 11, 2003 - Perpetual",,db.com,
INZ000252637,MILI CONSULTANTS & INVESTMENT PRIVATE LIMITED,MILI CONSULTANTS & INVESTMENT PRIVATE LIMITED,Stock Broker,"Nov 01, 1994 - Perpetual",,,
INZ000252814,NANDKISHOR JAGMOHANLAL DALAL,J. V. DALAL & SON.,Stock Broker,"Nov 26, 1992 - Perpetual",,,
INZ000252932,MEFCOM SECURITIES LIMITED,MEFCOM SECURITIES LIMITED,Stock Broker,"Apr 02, 1996 - Perpetual",,mefcom.in,
INZ000253038,TWIN EARTH SECURITIES PVT. LTD.,TWIN EARTH SECURITIES PVT. LTD.,Stock Broker,"Aug 09, 2000 - Perpetual",,twinearthsecurities.com,
INZ000253131,KBS INDIA LIMITED,KBS INDIA LIMITED,Stock Broker,"Oct 10, 1996 - Perpetual",,kbs.co.in,
INZ000253222,KALPANA A. GUNDERIA,K. A. GUNDERIA & CO.,Stock Broker,"Dec 22, 1992 - Perpetual",,,
INZ000253432,GANGOUR INVESTMENTS LTD.,GANGOUR INVESTMENTS LTD.,Stock Broker,"Oct 19, 1995 - Perpetual",,,
INZ000253531,D. P. VORA SECURITIES PVT. LTD.,D. P. VORA SECURITIES PVT. LTD.,Stock Broker,"Oct 21, 2005 - Perpetual",,,
INZ000253632,AMOL CAPITAL MARKETS PVT. LTD.,AMOL CAPITAL MARKETS PVT. LTD.,Stock Broker,"Apr 26, 2000 - Perpetual",,,
INZ000253730,C. R. KOTHARI & SONS SHARES & STOCK BROKERS PVT. LTD.,C. R. KOTHARI & SONS SHARES & STOCK BROKERS PVT. LTD.,Stock Broker,"Dec 11, 1998 - Perpetual",,crksons.co.in,
INZ000253835,R. R. CHOKHANI STOCK BROKERS PVT.LTD.,R. R. CHOKHANI STOCK BROKERS PVT.LTD.,Stock Broker,"Dec 23, 1998 - Perpetual",,rrcfinancials.com,
INZ000253914,R. V. VAKIL,R. V. VAKIL,Stock Broker,"Nov 26, 1992 - Perpetual",,,
INZ000254038,STELLAR SECURITIES PRIVATE LIMITED,STELLAR SECURITIES PRIVATE LIMITED,Stock Broker,"Jul 06, 2010 - Perpetual",,,
INZ000254231,IFCI FINANCIAL SERVICES LTD.,IFCI FINANCIAL SERVICES LTD.,Stock Broker,"Jun 14, 2000 - Perpetual",,ifinltd.in,
INZ000254336,KELLTON SECURITIES PRIVATE LIMITED,KELLTON SECURITIES PRIVATE LIMITED,Stock Broker,"Sep 30, 2008 - Perpetual",,kellton.com,
INZ000254439,SHAILESH SHAH SECURITIES PVT. LTD.,SHAILESH SHAH SECURITIES PVT. LTD.,Stock Broker,"Sep 21, 1999 - Perpetual",,dolatcapital.com,
INZ000254538,P. SURYAKANT SHARE & STOCK BROKERS PRIVATE LIMITED,P..SURYAKANT SHARE & STOCK BROKERS PRIVATE LIMITED,Stock Broker,"Oct 06, 2008 - Perpetual",,,
INZ000254635,BNR STOCK BROKING PRIVATE LIMITED,BNR STOCK BROKING PRIVATE LIMITED,Stock Broker,"Jan 07, 1998 - Perpetual",,,
INZ000254833,VIJETA BROKING INDIA PRIVATE LIMITED,VIJETA BROKING INDIA PRIVATE LIMITED,Stock Broker,"Nov 05, 2008 - Perpetual",,vijetabroking.com,
INZ000254938,JAYSHREE FINVEST LIMITED,JAYSHREE FINVEST LIMITED,Stock Broker,"Aug 30, 1995 - Perpetual",,,
INZ000255037,GURUSTOX LIMITED,GURUSTOX LIMITED,Stock Broker,"Nov 14, 2024 - Perpetual",,,
INZ000255131,GCM SECURITIES LIMITED,GCM SECURITIES LIMITED,Stock Broker,"Oct 06, 1995 - Perpetual",,yahoo.in,
INZ000255231,AMBIT SECURITIES BROKING PVT. LTD.,AMBIT SECURITIES BROKING PVT. LTD.,Stock Broker,"Jan 17, 2005 - Perpetual",,ambitsec.com,
INZ000255337,SHREE NAVKAR INTERMEDIATORY SERVICES PRIVATE LIMITED,SHREE NAVKAR INTERMEDIATORY SERVICES PRIVATE LIMIT,Stock Broker,"May 19, 2011 - Perpetual",,,
INZ000255437,RELAN INDUSTRIAL FINANCE LIMITED,RELAN INDUSTRIAL FINANCE LIMITED,Stock Broker,"Sep 14, 1995 - Perpetual",,,
INZ000255536,R. C. SHAH SHARE BROKING PVT. LTD.,R. C. SHAH SHARE BROKING PVT. LTD.,Stock Broker,"Dec 12, 2005 - Perpetual",,,
INZ000255633,NOMURA FINANCIAL ADVISORY & SECURITIES (INDIA) PVT. LTD.,NOMURA FINANCIAL ADVISORY & SECURITIES (INDIA) PVT. LTD.,Stock Broker,"Jun 12, 2008 - Perpetual",,nomura.com,
INZ000255731,ALLEGRO SECURITIES PRIVATE LIMITED,ALLEGRO SECURITIES PRIVATE LIMITED,Stock Broker,"Jun 12, 2008 - Perpetual",,aaa.com,
INZ000255831,VICTORY FINANCIAL SERVICES LTD.,VICTORY FINANCIAL SERVICES LTD.,Stock Broker,"Apr 02, 1996 - Perpetual",,,
INZ000255932,STANDARD STOCK BROKERS LTD.,STANDARD STOCK BROKERS LTD.,Stock Broker,"Oct 17, 1995 - Perpetual",,,
INZ000256132,GOYAL STOCK TRADING PRIVATE LIMITED,GOYAL STOCK TRADING PRIVATE LIMITED,Stock Broker,"Aug 01, 2000 - Perpetual",,goyalcapital.in,
INZ000256332,KAUSHIK SHAH SHARES & SEC. PVT. LTD.,KAUSHIK SHAH SHARES & SEC. PVT. LTD.,Stock Broker,"Oct 10, 1996 - Perpetual",,,
INZ000256417,KHIMCHAND S. RAWAL,KHIMCHAND S. RAWAL,Stock Broker,"Nov 26, 1992 - Perpetual",,,
INZ000256532,PARAS SHARE BROKERS PRIVATE LIMITED,PARAS SHARE BROKERS PRIVATE LIMITED,Stock Broker,"Jun 14, 2006 - Perpetual",,parasshare.com,
INZ000256637,HARJIVANDAS NEMIDAS SECURITIES PVT. LTD.,HARJIVANDAS NEMIDAS SECURITIES PVT. LTD.,Stock Broker,"Aug 21, 2002 - Perpetual",,,
INZ000256739,V.R.M. SHARE BROKING PVT.LTD.,V.R.M. SHARE BROKING PVT. LTD.,Stock Broker,"Jun 27, 2000 - Perpetual",,vsnl.net.in,
INZ000256930,VIKRAM KENIA SECURITIES PVT. LTD.,VIKRAM KENIA SECURITIES PVT. LTD.,Stock Broker,"Jan 13, 1998 - Perpetual",,mail.com,
INZ000257137,DEAL DEPOT BROKERAGE PRIVATE LIMITED,DEAL DEPOT BROKERAGE PRIVATE LIMITED,Stock Broker,"Feb 22, 2008 - Perpetual",,dealdepot.in,
INZ000257237,SPARKLE SECURITIES SOLUTIONS PRIVATE LIMITED,SPARKLE SECURITIES SOLUTIONS PRIVATE LIMITED,Stock Broker,"Jun 20, 2008 - Perpetual",,sparklesecurities.com,
INZ000257335,ALB STOCK BROKING PRIVATE LIMITED,ALB STOCK BROKING PRIVATE LIMITED,Stock Broker,"Dec 21, 2009 - Perpetual",,,
INZ000257435,AXIS BANK LIMITED,AXIS BANK LIMITED,Stock Broker,"Jun 02, 2000 - Perpetual",,axisbank.com,
INZ000257533,RRS SHARES & STOCK BROKERS PVT. LTD.,RRS SHARES & STOCK BROKERS PVT. LTD.,Stock Broker,"Sep 05, 2000 - Perpetual",,rrs.in,
INZ000257632,VINAY M SHAH SECURITIES PVT. LTD.,VINAY M SHAH SECURITIES PVT. LTD.,Stock Broker,"Jan 07, 1998 - Perpetual",,,
INZ000257737,ASIAN FINTRADE SERVICES PRIVATE LIMITED,ASIAN FINTRADE SERVICES PRIVATE LIMITED,Stock Broker,"Jul 30, 2010 - Perpetual",,,
INZ000257837,INMACS LTD.,INMACS LTD.,Stock Broker,"Sep 14, 1995 - Perpetual",,,
INZ000258036,TAURUS CORPORATE ADVISORY SERVICES LIMITED,TAURUS CORPORATE ADVISORY SERVICES LIMITED,Stock Broker,"Feb 06, 2009 - Perpetual",,taurusfinsec.com,
INZ000258113,MURARILAL SARAF,MURARILAL SARAF,Stock Broker,"Oct 26, 1994 - Perpetual",,,
INZ000258234,DYNA WEGMANS SECURITIES LIMITED,DYNA WEGMANS SECURITIES LIMITED,Stock Broker,"Oct 19, 1995 - Perpetual",,dynasecurities.in,
INZ000258432,BETALA STOCK BROKING LIMITED,BETALA STOCK BROKING LIMITED,Stock Broker,"May 20, 1996 - Perpetual",,,
INZ000258532,M R SHARE BROKING PVT. LTD.,M R SHARE BROKING PVT. LTD.,Stock Broker,"Feb 15, 2000 - Perpetual",,,
INZ000259139,NALANDA SECURITIES PVT. LTD.,NALANDA SECURITIES PVT. LTD.,Stock Broker,"Aug 09, 2000 - Perpetual",,nalanda.net.in,
INZ000259221,RAPID CAPITAL SERVICES,RAPID CAPITAL SERVICES,Stock Broker,"Nov 01, 1994 - Perpetual",,,
INZ000259334,AMBIT CAPITAL PVT. LTD.,AMBIT CAPITAL PVT. LTD.,Stock Broker,"Dec 26, 2005 - Perpetual",,ambitcapital.com,
INZ000259437,KALPATARU MULTIPLIER LTD.,KALPATARU MULTIPLIER LTD.,Stock Broker,"Mar 07, 2005 - Perpetual",,kalpatarumulti.com,
INZ000259512,RAVINDRA JUMAKHLAL SHAH,RAVINDRA JUMAKHLAL SHAH,Stock Broker,"Feb 10, 2023 - Perpetual",,,
INZ000259732,ULJK FINANCIAL SERVICES PRIVATE LIMITED,ULJK FINANCIAL SERVICES PRIVATE LIMITED,Stock Broker,"May 03, 2007 - Perpetual",,uljk.in,
INZ000259830,UBS SECURITIES INDIA PRIVATE LIMITED,UBS SECURITIES INDIA PRIVATE LIMITED,Stock Broker,"Jan 09, 1997 - Perpetual",,ubs.com,
INZ000260036,INVESTMENTOR SECURITIES LIMITED,INVESTMENTOR SECURITIES LIMITED,Stock Broker,"Sep 14, 1995 - Perpetual",,investmentoronline.com,
INZ000260134,ACML CAPITAL MARKETS LIMITED,ACML CAPITAL MARKETS LIMITED,Stock Broker,"Jun 07, 2000 - Perpetual",,acml.in,
INZ000260216,JAYESH RAMNIKLAL LALAN,RAMNIKLAL NANALAL SHAH,Stock Broker,"Jul 09, 1997 - Perpetual",,,
INZ000260334,FIRSTOCK BROKING PRIVATE LIMITED,FIRSTOCK BROKING PRIVATE LIMITED,Stock Broker,"Dec 07, 2022 - Perpetual",,firstock.in,
INZ000260530,KIRTI R. SHAH SHARES & STOCK BROKERS PVT. LTD.,KIRTI R. SHAH SHARES & STOCK BROKERS PVT. LTD.,Stock Broker,"Oct 28, 2002 - Perpetual",,,
INZ000260637,NAM SECURITIES LTD.,NAM SECURITIES LTD.,Stock Broker,"Aug 30, 1995 - Perpetual",,,
INZ000260714,SURESH KUMAR JALAN,JALAN & COMPANY,Stock Broker,"Nov 30, 1992 - Perpetual",,,
INZ000260833,MACY SECURITIES PVT. LTD.,MACY SECURITIES PVT. LTD.,Stock Broker,"Jan 13, 1998 - Perpetual",,,
INZ000261035,DAULAT SECURITIES LIMITED,DAULAT SECURITIES LIMITED,Stock Broker,"Oct 26, 1994 - Perpetual",,,
INZ000261131,KHAMBATTA SECURITIES LTD.,KHAMBATTA SECURITIES LTD.,Stock Broker,"Dec 19, 1997 - Perpetual",,khambattasecurities.com,
INZ000261234,GOVIND PARIKH SECURITIES PVT. LTD.,GOVIND PARIKH SECURITIES PVT. LTD.,Stock Broker,"Aug 09, 2000 - Perpetual",,,
INZ000261338,VAIBHAV STOCK & DERIVATIVES BROKING PVT. LTD.,VAIBHAV STOCK & DERIVATIVES BROKING PVT. LTD.,Stock Broker,"Nov 25, 2004 - Perpetual",,dolatcapital.com,
INZ000261433,WELLWORTH SHARE AND STOCK BROKING LTD.,WELLWORTH SHARE AND STOCK BROKING LTD.,Stock Broker,"Apr 21, 1999 - Perpetual",,wellworthgroup.co,
INZ000261612,ASHISH VAID,ASHISH VAID,Stock Broker,"Dec 16, 1994 - Perpetual",,vsnl.com,
INZ000261738,MADHUVAN SECURITIES PVT. LTD.,MADHUVAN SECURITIES PVT. LTD.,Stock Broker,"Nov 22, 1995 - Perpetual",,madhuvan.com,
INZ000261833,LOTUS GLOBAL EQUITIES PRIVATE LIMITED,LOTUS GLOBAL EQUITIES PRIVATE LIMITED,Stock Broker,"May 23, 2008 - Perpetual",,,
INZ000261922,VENKATARAMAN & CO.,VENKATARAMAN & CO.,Stock Broker,"Sep 14, 1995 - Perpetual",,,
INZ000262133,JMP SECURITIES PRIVATE LIMITED,JMP SECURITIES PRIVATE LIMITED,Stock Broker,"Dec 15, 2000 - Perpetual",,,
INZ000262331,BHH SECURITIES PVT LTD,BHH SECURITIES PVT LTD,Stock Broker,"Jan 13, 1998 - Perpetual",,bhhsecurities.com,
INZ000262430,MONEYPLEX SECURITIES PRIVATE LIMITED,MONEYPLEX SECURITIES PRIVATE LIMITED,Stock Broker,"Jul 05, 2012 - Perpetual",,moneyplexindia.com,
INZ000262532,SHIVNARAYAN NEMANI SHARE & STOCK BROKERS PVT. LTD.,SHIVNARAYAN NEMANI SHARE & STOCK BROKERS PVT. LTD.,Stock Broker,"Dec 23, 1998 - Perpetual",,,
INZ000262737,R. J. STOCK BROKING PVT. LTD.,R. J. STOCK BROKING PVT. LTD.,Stock Broker,"Oct 11, 2007 - Perpetual",,rjbroking.com,
INZ000262810,KIRIT KANTILAL VAKHARIA,KIRIT KANTILAL VAKHARIA,Stock Broker,"May 29, 1995 - Perpetual",,,
INZ000262939,BHARTI THAKKAR INDIA SECURITIES PVT. LTD.,BHARTI THAKKAR INDIA SECURITIES PVT. LTD.,Stock Broker,"Jan 13, 1998 - Perpetual",,,
INZ000263033,CITIGROUP GLOBAL MARKETS INDIA PRIVATE LIMITED,CITIGROUP GLOBAL MARKETS INDIA PRIVATE LIMITED,Stock Broker,"Oct 23, 2000 - Perpetual",,citi.com,
INZ000263532,ANJANEY STOCK BROKING LTD.,ANJANEY STOCK BROKING LTD.,Stock Broker,"Oct 21, 2005 - Perpetual",,,
INZ000263638,VLS SECURITIES LIMITED,VLS SECURITIES LIMITED,Stock Broker,"Feb 20, 1996 - Perpetual",,bol.net.in,
INZ000263738,PEERLESS SECURITIES LIMITED,PEERLESS SECURITIES LIMITED,Stock Broker,"Nov 11, 1995 - Perpetual",,peerlesssec.com,
INZ000263832,RAIMA EQUITIES PRIVATE LIMITED,RAIMA EQUITIES PRIVATE LIMITED,Stock Broker,"Sep 14, 1995 - Perpetual",,raimaequities.com,
INZ000263944,YES BANK LIMITED,YES BANK LIMITED,Stock Broker,"Dec 04, 2008 - Perpetual",,yesbank.in,
INZ000264117,ASHOK DHIRAJLAL DALAL,ASHOK DHIRAJLAL MAGANLAL,Stock Broker,"Nov 26, 1992 - Perpetual",,,
INZ000264236,MATRIX EQUITRADE PRIVATE LIMITED,MATRIX EQUITRADE PRIVATE LIMITED,Stock Broker,"Apr 12, 2002 - Perpetual",,matrix01.com,
INZ000264435,PINAKINI SHARE & STOCK BROKERS LTD.,PINAKINI SECURITIES LTD.,Stock Broker,"Sep 14, 1995 - Perpetual",,,
INZ000264636,MATA SECURITIES INDIA PRIVATE LIMITED,MATA SECURITIES INDIA PRIVATE LIMITED,Stock Broker,"Jun 29, 1994 - Perpetual",,matasec.com,
INZ000264734,INANI SECURITIES LTD.,INANI SECURITIES LTD.,Stock Broker,"Jan 12, 1996 - Perpetual",,inanisec.in,
INZ000264838,PATERSON SECURITIES PRIVATE LIMITED,PATERSON SECURITIES PRIVATE LIMITED,Stock Broker,"Feb 07, 2006 - Perpetual",,paterson.co.in,
INZ000265037,DAYCO SECURITIES PVT LTD,DAYCO SECURITIES PVT LTD,Stock Broker,"Dec 22, 1992 - Perpetual",,daycoindia.com,
INZ000265139,GOENKA SECURITIES PVT. LTD.,GOENKA SECURITIES PVT. LTD.,Stock Broker,"Oct 19, 1995 - Perpetual",,gspltd.co.in,
INZ000265237,RRB MASTER SECURITIES DELHI LTD.,RRB MASTER SECURITIES DELHI LTD.,Stock Broker,"Mar 01, 2001 - Perpetual",,,
INZ000265335,NJ SHARES & SECURITIES PVT. LTD.,NJ SHARES & SECURITIES PVT. LTD.,Stock Broker,"Oct 19, 1995 - Perpetual",,,
INZ000265636,SHARAD AGARWAL BROKING SERVS P. LTD,SHARAD AGARWAL BROKING SERVS P. LTD,Stock Broker,"May 20, 1996 - Perpetual",,,
INZ000265714,RAMRAKH R. BOHRA,RAMRAKH R. BOHRA,Stock Broker,"Nov 26, 1992 - Perpetual",,,
INZ000265936,INVESTSMART STOCK BROKERS PRIVATE LIMITED,INVESTSMART STOCK BROKERS PRIVATE LIMITED,Stock Broker,"Apr 19, 2010 - Perpetual",,,
INZ000266039,DEEP FINANCIAL CONSULTANTS PVT. LTD.,DEEP FINANCIAL CONSULTANTS PVT. LTD.,Stock Broker,"Sep 27, 2000 - Perpetual",,,
INZ000266131,V.G. CAPITAL MARKET PVT. LTD.,V.G. CAPITAL MARKET PVT. LTD.,Stock Broker,"Feb 01, 1996 - Perpetual",,,
INZ000266332,RAJENDRA SHARE BROKING PRIVATE LIMITED,RAJENDRA SHARE BROKING PRIVATE LIMITED,Stock Broker,"Sep 23, 2010 - Perpetual",,rajendratrade.com,
INZ000266439,GNG STOCK HOLDINGS PVT. LTD.,GNG STOCK HOLDINGS PVT. LTD.,Stock Broker,"May 18, 2005 - Perpetual",,gngstock.com,
INZ000266638,TRANS SCAN SECURITIES PRIVATE LIMITED,TRANS SCAN SECURITIES PRIVATE LIMITED,Stock Broker,"Sep 14, 1995 - Perpetual",,,
INZ000266734,Urja Investment Private Limited,Urja Investment Private Limited,Stock Broker,"Jan 16, 2026 - Perpetual",,urjaglobalinvestment.com,
INZ000266935,MONEYCARE SECURITIES & FINANCIAL SERVICES PRIVATE LIMITED,MONEYCARE SECURITIES & FINANCIAL SERVICES PRIVATE,Stock Broker,"Oct 26, 1994 - Perpetual",,moneycareindia.in,
INZ000267033,JNP SHARES & STOCK BROKERS P LTD,JNP SHARES & STOCK BROKERS P LTD,Stock Broker,"Jan 13, 1998 - Perpetual",,,
INZ000267132,JAYSUKHLAL JAGJIVAN STOCK BROKING PVT. LTD.,JAYSUKHLAL JAGJIVAN STOCK BROKING PVT. LTD.,Stock Broker,"Jan 07, 1998 - Perpetual",,jjsbpl.com,
INZ000267312,KRANT N. AGNANI,KRANT N. AGNANI,Stock Broker,"Nov 01, 1994 - Perpetual",,knastocks.com,
INZ000267437,GOOD FORTUNE CAPITALS PRIVATE LIMITED,GOOD FORTUNE CAPITALS PRIVATE LIMITED,Stock Broker,"Sep 04, 2008 - Perpetual",,,
INZ000267617,SHRIKANT G MANTRI,SHRIKANT G MANTRI,Stock Broker,"Nov 26, 1992 - Perpetual",,,
INZ000267738,OJASTEJ SHARE BROKING PVT. LTD.,OJASTEJ SHARE BROKING PVT. LTD.,Stock Broker,"Dec 12, 2005 - Perpetual",,,
INZ000267835,SHAILESH MERCHANT STOCK BROKERS PVT. LTD.,SHAILESH MERCHANT STOCK BROKERS PVT. LTD.,Stock Broker,"Feb 27, 1996 - Perpetual",,gamil.com,
INZ000267931,Amtiger Consultants Private Limited,Amtiger Consultants Private Limited,Stock Broker,"Aug 03, 2023 - Perpetual",,amtiger.in,
INZ000268132,MOTHER INDIA SECURITIES PVT. LTD,MOTHER INDIA SECURITIES PVT. LTD,Stock Broker,"Jan 13, 1998 - Perpetual",,,
INZ000268232,MUKESH BROKERAGE & FINANCIAL (INDIA) LIMITED,MUKESH BROKERAGE & FINANCIAL (INDIA) LIMITED,Stock Broker,"Jul 12, 2001 - Perpetual",,,
INZ000268435,FINQUEST SECURITIES PRIVATE LIMITED,FINQUEST SECURITIES PRIVATE LIMITED,Stock Broker,"Sep 22, 2005 - Perpetual",,finquestonline.com,
INZ000268538,SHRENI SHARES LTD,SHRENI SHARES LTD,Stock Broker,"Sep 27, 2010 - Perpetual",,yahoo.in,
INZ000268635,ADVENT STOCK BROKING PRIVATE LIMITED,ADVENT STOCK BROKING PRIVATE LIMITED,Stock Broker,"Jun 14, 2006 - Perpetual",,adventmoney.in,
INZ000268831,PSJ SECURITIES PVT. LTD.,PSJ SECURITIES PVT. LTD.,Stock Broker,"Apr 22, 1996 - Perpetual",,psjsecurities.com,
INZ000268933,SPARK CAPITAL ADVISORS (INDIA) PVT. LTD.,SPARK CAPITAL ADVISORS (INDIA) PVT. LTD.,Stock Broker,"Mar 22, 2006 - Perpetual",,sparkcapital.in,
INZ000269034,VIMGI INVESTMENTS PRIVATE LIMITED,VIMGI INVESTMENTS PRIVATE LIMITED,Stock Broker,"Oct 26, 1994 - Perpetual",,yahoo.co,
INZ000269133,BISHWANATH MURLIDHAR SECURITIES LLP,BISHWANATH MURLIDHAR SECURITIES LLP,Stock Broker,"Feb 06, 2006 - Perpetual",,,
INZ000269434,LALKAR SECURITIES PVT. LTD.,LALKAR SECURITIES PVT. LTD.,Stock Broker,"Jan 13, 1998 - Perpetual",,lalkar.in,
INZ000269539,BARCLAYS SECURITIES (INDIA) PRIVATE LIMITED,BARCLAYS SECURITIES (INDIA) PRIVATE LIMITED,Stock Broker,"Feb 04, 2008 - Perpetual",,barclays.com,
INZ000269635,MSS SECURITIES PVT. LTD.,MSS SECURITIES PVT. LTD.,Stock Broker,"Jan 13, 1998 - Perpetual",,,
INZ000269735,AMRAPALI CAPITAL & FINANCE SER LTD.,AMRAPALI CAPITAL & FINANCE SER LTD.,Stock Broker,"Aug 08, 1995 - Perpetual",,amrapali.com,
INZ000269834,L D K SHARES & SECURITIES PRIVATE LIMITED,L D K SHARES & SECURITIES PRIVATE LIMITED,Stock Broker,"Jul 04, 2001 - Perpetual",,,
INZ000269935,ISJ SECURITIES PVT. LTD.,ISJ SECURITIES PVT. LTD.,Stock Broker,"Dec 23, 1998 - Perpetual",,isisec.com,
INZ000270035,TRUSTED SHARES & INVESTMENTS LTD.,TRUSTED SHARES & INVESTMENTS LTD.,Stock Broker,"Sep 01, 1994 - Perpetual",,trustedshares.com,
INZ000270134,JASH SECURITIES PVT LTD,JASH SECURITIES PVT LTD,Stock Broker,"Jan 07, 1998 - Perpetual",,vsnl.com,
INZ000270222,VIMAL & SONS,VIMAL & SONS,Stock Broker,"Aug 30, 1995 - Perpetual",,vimalandsons.com,
INZ000270338,BANG EQUITY BROKING PVT. LTD.,BANG EQUITY BROKING PVT.LTD.,Stock Broker,"Dec 09, 1999 - Perpetual",,nirmalbang.com,
INZ000270435,RR EQUITY BROKERS PVT. LTD.,RR EQUITY BROKERS PVT. LTD.,Stock Broker,"Mar 02, 2005 - Perpetual",,rrfcl.com,
INZ000270837,PLUSTRADE HOLDING (IFSC) PRIVATE LIMITED,PLUSTRADE HOLDING (IFSC) PRIVATE LIMITED,Stock Broker,"Jul 08, 2019 - Perpetual",,pluswealth.net,
INZ000271136,BANAYANTREE SERVICES LIMITED,BANAYANTREE SERVICES LIMITED,Stock Broker,"Sep 29, 2025 - Perpetual",,,
INZ000271235,ANUSH SHARES & SECURITIES PRIVATE LIMITED,ANUSH SHARES & SECURITIES PRIVATE LIMITED,Stock Broker,"Oct 05, 2000 - Perpetual",,vsnl.com,
INZ000271355,Centillion Research India LLP,Centillion Research India LLP,Stock Broker,"Jul 15, 2019 - Perpetual",,centillionresearch.com,
INZ000271433,UPMOVE FINANCIAL TECHNOLOGIES SERVICES PRIVATE LIMITED,UPMOVE FINANCIAL TECHNOLOGIES SERVICES PRIVATE LIMITED,Stock Broker,"Apr 01, 2013 - Perpetual",,,
INZ000271536,I VENTURES CAPITAL PRIVATE LIMITED,I VENTURES CAPITAL PRIVATE LIMITED,Stock Broker,"Dec 03, 2009 - Perpetual",,iventures.in,
INZ000271639,QUEST SECURITIES LIMITED,QUEST SECURITIES LIMITED,Stock Broker,"Jan 14, 2010 - Perpetual",,questgroup.in,
INZ000271830,MACY SHARES AND STOCK BROKERS PVT. LTD.,MACY SHARES AND STOCK BROKERS PVT. LTD.,Stock Broker,"Apr 19, 1995 - Perpetual",,vsnl.com,
INZ000272027,DEAL DEPOT EQUITIES,DEAL DEPOT EQUITIES,Stock Broker,"Apr 04, 1995 - Perpetual",,,
INZ000272139,JADE SECURITIES PVT. LTD.,JADE SECURITIES PVT. LTD.,Stock Broker,"Jan 12, 1996 - Perpetual",,,
INZ000272237,EXCEL FINCAP LTD.,EXCEL FINCAP LTD.,Stock Broker,"Oct 17, 1995 - Perpetual",,,
INZ000272434,AYUSHAJAY STOCK BROKERS PRIVATE LIMITED,AYUSHAJAY STOCK BROKERS PRIVATE LIMITED,Stock Broker,"Mar 19, 2013 - Perpetual",,,
INZ000272531,SI INVESTMENTS & BROKING PRIVATE LIMITED,SI INVESTMENTS & BROKING PRIVATE LIMITED,Stock Broker,"Jan 13, 1998 - Perpetual",,,
INZ000272623,MAUZAMPURIA SECURITIES,MAUZAMPURIA SECURITIES,Stock Broker,"Oct 13, 2010 - Perpetual",,,
INZ000272831,TOUCHSTONE CAPITAL MARKET SERVICES PVT. LTD,TOUCHSTONE CAPITAL MARKET SERVICES PVT. LTD,Stock Broker,"Dec 20, 1996 - Perpetual",,,
INZ000273031,INTENSIVE SOFTSHARE PRIVATE LIMITED,INTENSIVE SOFTSHARE PRIVATE LIMITED,Stock Broker,"Sep 24, 2010 - Perpetual",,intensivefiscal.com,
INZ000273311,VIDYUT DEVENDRAKUMAR,VIDYUT DEVENDRAKUMAR,Stock Broker,"Nov 26, 1992 - Perpetual",,,
INZ000273432,SAVA SECURITIES PRIVATE LIMITED,SAVA SECURITIES PRIVATE LIMITED,Stock Broker,"Aug 08, 1995 - Perpetual",,sanwaindia.com,
INZ000273538,SOMAYAJULU & CO. LIMITED,SOMAYAJULU & CO. LIMITED,Stock Broker,"Aug 08, 1994 - Perpetual",,somayajululimited.com,
INZ000273631,VED BROTHERS SECURITIES PRIVATE LIMITED,VED BROTHERS SECURITIES PRIVATE LIMITED,Stock Broker,"Mar 26, 2007 - Perpetual",,,
INZ000273820,DINESH KUMAR RAMANLAL THANVI,R. M. THANVI,Stock Broker,"Dec 22, 1992 - Perpetual",,,
INZ000273930,ORACLE SECURITIES PVT. LTD.,ORACLE SECURITIES PVT. LTD.,Stock Broker,"Aug 08, 1996 - Perpetual",,,
INZ000274033,SHRIYAM BROKING INTERMEDIARY LTD,SHRIYAM BROKING INTERMEDIARY LTD,Stock Broker,"Nov 15, 1994 - Perpetual",,shriyam.com,
INZ000274132,DOLAT CAPITAL MARKET PVT. LTD.,DOLAT CAPITAL MARKET PVT. LTD.,Stock Broker,"Apr 19, 1995 - Perpetual",,dolatcapital.com,
INZ000274334,CONSORTIUM CAPITAL PVT. LTD.,CONSORTIUM CAPITAL PVT. LTD.,Stock Broker,"Nov 25, 2004 - Perpetual",,consortiumcapital.co.in,
INZ000274438,KALASH SHARES & SECURITIES PRIVATE LIMITED,KALASH SHARES & SECURITIES PRIVATE LIMITED,Stock Broker,"Jan 23, 2009 - Perpetual",,kalashshares.com,
INZ000274634,ROONGTA RISING STOCK PRIVATE LIMITED,ROONGTA RISING STOCK PRIVATE LIMITED,Stock Broker,"Sep 04, 2008 - Perpetual",,roongtarising.in,
INZ000274734,SMP SECURITIES LIMITED,SMP SECURITIES LIMITED,Stock Broker,"May 25, 2011 - Perpetual",,,
INZ000275132,THAR SHARE BROKERS PRIVATE LIMITED,THAR SHARE BROKERS PRIVATE LIMITED,Stock Broker,"Jul 28, 2006 - Perpetual",,,
INZ000275235,ADINATH PROGRESSIVE LIMITED,ADINATH PROGRESSIVE LIMITED,Stock Broker,"Feb 07, 1995 - Perpetual",,,
INZ000275537,MERFIN SHARES & STOCK BROKING PRIVATE LIMITED,MERFIN SHARES & STOCK BROKING PRIVATE LIMITED,Stock Broker,"Jul 14, 2005 - Perpetual",,rediffmall.com,
INZ000275738,KHAJANCHI & GANDHI STOCK BROKING PRIVATE LIMITED,KHAJANCHI & GANDHI STOCK BROKING PRIVATE LIMITED,Stock Broker,"Sep 09, 2004 - Perpetual",,khajanchiandgandhi.com,
INZ000275939,KASAT SECURITIES PVT LTD,KASAT SECURITES PVT LTD,Stock Broker,"Jul 26, 1995 - Perpetual",,vsnl.com,
INZ000276131,RAKHECHA SECURITIES LTD.,RAKHECHA SECURITIES LTD.,Stock Broker,"Jan 17, 2001 - Perpetual",,vsnl.net.in,
INZ000276236,MPC SECURITIES LTD.,MPC SECURITIES LTD.,Stock Broker,"Jul 27, 2000 - Perpetual",,,
INZ000276333,VIVEK FINANCIAL FOCUS LTD.,VIVEK FINANCIAL FOCUS LTD.,Stock Broker,"Jul 26, 1995 - Perpetual",,vivekfinancial.com,
INZ000276438,PRAKASH K SHAH SHARES & SECURITIES PVT. LTD,PRAKASH K SHAH SHARES & SECURITIES PVT. LTD,Stock Broker,"Jan 13, 1998 - Perpetual",,,
INZ000276516,PARESH DHIRAJLAL SHAH,PARESH D SHAH,Stock Broker,"Sep 14, 2010 - Perpetual",,,
INZ000276636,RASHI EQUISEARCH PRIVATE LIMITED,RASHI EQUISEARCH PRIVATE LIMITED,Stock Broker,"Jul 27, 2000 - Perpetual",,rashifincorp.com,
INZ000276734,LEO FINANCIAL SERVICES LTD.,LEO FINANCIAL SERVICES LTD.,Stock Broker,"Jan 12, 1996 - Perpetual",,,
INZ000276847,KOTAK MAHINDRA BANK LTD.,KOTAK MAHINDRA BANK LTD.,Stock Broker,"Jan 02, 2004 - Perpetual",,kotak.com,
INZ000276939,ORION STOCKS LIMITED,ORION STOCKS LIMITED,Stock Broker,"Jan 07, 2010 - Perpetual",,,
INZ000277034,GOLDMAN SACHS (INDIA) SECURITIES PRIVATE LIMITED,GOLDMAN SACHS (INDIA) SECURITIES PRIVATE LIMITED,Stock Broker,"Dec 07, 2006 - Perpetual",,gs.com,
INZ000277131,AMU SHARES & SECURITIES LIMITED,AMU SHARES & SECURITIES LIMITED,Stock Broker,"May 20, 1996 - Perpetual",,amushares.com,
INZ000277311,SURESH O KHANDELWAL,SURESH O KHANDELWAL,Stock Broker,"Nov 26, 1992 - Perpetual",,,
INZ000277536,VOGUE COMMERCIAL COMPANY LIMITED,VOGUE COMMERCIAL COMPANY LIMITED,Stock Broker,"Feb 20, 1996 - Perpetual",,vougestock.in,
INZ000277934,THE FIRST CUSTODIAN FUND (INDIA) LTD,FIRST CUSTODIAN FUND (INDIA) LTD.,Stock Broker,"Sep 23, 1994 - Perpetual",,,
INZ000278033,I KAY HOLDING CO. PRIVATE LIMITED,I KAY HOLDING CO. PRIVATE LIMITED,Stock Broker,"Aug 30, 1995 - Perpetual",,,
INZ000278135,MADHAV STOCK VISION PVT. LTD.,MADHAV STOCK VISION PVT. LTD.,Stock Broker,"May 17, 2000 - Perpetual",,,
INZ000278336,SHRIAM FINANCIAL PRIVATE LIMITED,SHRIAM FINANCIAL PRIVATE LIMITED,Stock Broker,"Aug 08, 2005 - Perpetual",,,
INZ000278434,MANOG SECURITIES PVT. LTD.,MANOG SECURITIES PVT. LTD.,Stock Broker,"Oct 06, 1995 - Perpetual",,,
INZ000278532,PNR SECURITIES LTD.,PNR SECURITIES LTD.,Stock Broker,"Feb 07, 1995 - Perpetual",,pnrgroupindia.com,
INZ000278634,PRACTICAL FINANCIAL SERVICES PRIVATE LIMITED,PRACTICAL FINANCIAL SERVICES PRIVATE LIMITED,Stock Broker,"Oct 26, 1994 - Perpetual",,practicalfinancial.com,
INZ000278739,ADROIT SHARE & STOCK BROKER PRIVATE LIMITED,ADROIT SHARE & STOCK BROKER PRIVATE LIMITED,Stock Broker,"Jun 14, 2006 - Perpetual",,,
INZ000278838,COMPOSITE SECURITIES LIMITED,COMPOSITE SECURITIES LIMITED,Stock Broker,"Aug 22, 2025 - Perpetual",,,
INZ000278937,RELYBULLS STOCK BROKING PRIVATE LIMITED,RELYBULLS STOCK BROKING PRIVATE LIMITED,Stock Broker,"Sep 19, 2011 - Perpetual",,skpbroking.com,
INZ000279135,CANARA BANK SECURITIES LIMITED,CANARA BANK SECURITIES LIMITED,Stock Broker,"Mar 14, 2007 - Perpetual",,canmoney.in,
INZ000279232,FRR SHARES AND SECURITIES LIMITED,FRR SHARES AND SECURITIES LIMITED,Stock Broker,"Aug 05, 2010 - Perpetual",,frrshares.com,
INZ000279336,C. R. KOTHARI & SONS STOCK BROKING PRIVATE LIMITED,C. R. KOTHARI & SONS STOCK BROKING PRIVATE LIMITED,Stock Broker,"Jul 23, 2007 - Perpetual",,,
INZ000279438,ALDAN INVESTMENTS PRIVATE LIMITED,ALDAN INVESTMENTS PRIVATE LIMITED,Stock Broker,"Feb 15, 2000 - Perpetual",,,
INZ000279531,COMPOSITE INVESTMENTS PVT. LTD.,COMPOSITE INVESTMENTS PVT. LTD.,Stock Broker,"Jul 26, 1995 - Perpetual",,compositeinvestments.com,
INZ000279635,PRATIBHUTI VINIHIT  LTD.,PRATIBHUTI VINIHIT  LTD.,Stock Broker,"Sep 23, 1994 - Perpetual",,pratibhuti.com,
INZ000279713,SONAWALA GLOBAL EQUITIES PRIVATE LIMITED,SONAWALA GLOBAL EQUITIES PRIVATE LIMITED,Stock Broker,"Sep 10, 2024 - Perpetual",,,
INZ000279832,VIJAN SHARE & SECURITIES PVT. LTD.,VIJAN SHARE & SECURITIES PVT. LTD.,Stock Broker,"Dec 12, 1997 - Perpetual",,vsnl.net.in,
INZ000279936,PREMIER SHARES LIMITED,PREMIER SHARES LIMITED,Stock Broker,"Aug 09, 2019 - Perpetual",,,
INZ000280037,VIRTU INDIA PRIVATE LIMITED,VIRTU INDIA PRIVATE LIMITED,Stock Broker,"Aug 09, 2019 - Perpetual",,virtu.com,
INZ000280133,AMIT JASANI FINANCIAL SERVICES PVT. LTD.,AMIT JASANI FINANCIAL SERVICES PVT. LTD.,Stock Broker,"Jun 07, 2000 - Perpetual",,nayaissue.com,
INZ000280233,MURARI SECURITIES LTD.,MURARI SECURITIES LTD.,Stock Broker,"Sep 14, 1995 - Perpetual",,vsnl.net.in,
INZ000280338,BENISON STOCK BROKING PRIVATE LIMITED,BENISON STOCK BROKING PRIVATE LIMITED,Stock Broker,"Jan 13, 2009 - Perpetual",,,
INZ000280532,MAX STOCK BROKING PRIVATE LIMITED,MAX STOCK BROKING PRIVATE LIMITED,Stock Broker,"Jun 20, 2008 - Perpetual",,maxstockbroking.com,
INZ000280636,R.SS. INVESTMENTS (P) LTD,R.SS. INVESTMENTS (P) LTD,Stock Broker,"Nov 21, 1996 - Perpetual",,,
INZ000280737,MLB CAPITAL PRIVATE LIMITED,MLB CAPITAL PRIVATE LIMITED,Stock Broker,"Sep 30, 2008 - Perpetual",,mlbcapital.com,
INZ000280832,S. S. A. T. CONSULTANTS PRIVATE LIMITED,S. S. A. T. CONSULTANTS PRIVATE LIMITED,Stock Broker,"Mar 04, 2010 - Perpetual",,ssatdirect.com,
INZ000281030,BANHEM SECURITIES PVT. LTD.,BANHEM SECURITIES PVT. LTD.,Stock Broker,"Nov 01, 1994 - Perpetual",,vsnl.com,
INZ000281336,HRTI PRIVATE LIMITED,HRTI PRIVATE LIMITED,Stock Broker,"Aug 27, 2019 - Perpetual",,hudson-trading.com,
INZ000281430,INDIA PACIFIC SECURITIES & FINANCIAL SERVICES LTD,INDIA PACIFIC SECURITIES & FINANCIAL SERVICES LTD,Stock Broker,"Apr 22, 1996 - Perpetual",,,
INZ000281635,J.V.S. SECURITIES PRIVATE LIMITED,J.V.S. SECURITIES PRIVATE LIMITED,Stock Broker,"Jun 07, 1995 - Perpetual",,jvs.co.in,
INZ000281836,CAPITALSQUARE FINANCIAL SERVICES PRIVATE LIMITED,CAPITALSQUARE FINANCIAL SERVICES PRIVATE LIMITED,Stock Broker,"Aug 28, 2019 - Perpetual",,capitalsquare.in,
INZ000281939,SUNSHINE STOCK BROKING PRIVATE LIMITED,SUNSHINE STOCK BROKING PRIVATE LIMITED,Stock Broker,"Dec 18, 2007 - Perpetual",,,
INZ000282138,G DAS CAPITAL MARKETS PRIVATE LIMITED,G DAS CAPITAL MARKETS PRIVATE LIMITED,Stock Broker,"Dec 23, 1998 - Perpetual",,,
INZ000282237,CHUKNOO SECURITIES LIMITED,CHUKNOO SECURITIES LIMITED,Stock Broker,"Jan 23, 2009 - Perpetual",,chuknoo.com,
INZ000282511,KAMLESH SHETH,UPS INVESTMENTS,Stock Broker,"Sep 03, 2010 - Perpetual",,,
INZ000282730,BHARATHI SHARE BROKING PRIVATE LIMITED,BHARATHI SHARE BROKING PRIVATE LIMITED,Stock Broker,"Dec 04, 2008 - Perpetual",,bharathidirect.com,
INZ000283035,MUNOTH FINANCIAL SERVICES LTD.,MUNOTH FINANCIAL SERVICES LTD.,Stock Broker,"Oct 17, 1995 - Perpetual",,,
INZ000283232,SUN N SUN FIN SERVICES LTD.,BILLA MONEY,Stock Broker,"May 06, 2024 - Perpetual",,,
INZ000283615,NIRAV VASANTLAL GANDHI,ANV BROKING,Stock Broker,"Sep 03, 2010 - Perpetual",,,
INZ000283735,MLB SECURITIES LTD.,MLB SECURITIES LTD.,Stock Broker,"Feb 14, 1994 - Perpetual",,,
INZ000283837,MANALI TRADING & HOLDINGS PVT. LTD.,MANALI TRADING & HOLDINGS PVT. LTD.,Stock Broker,"Feb 27, 1996 - Perpetual",,,
INZ000283937,SHREE NAMAN SECURITIES & FINANCE PRIVATE LIMITED,SHREE NAMAN SECURITIES & FINANCE PRIVATE LIMITED,Stock Broker,"Oct 19, 1995 - Perpetual",,,
INZ000284039,MANYOG SECURITIES PRIVATE LIMITED,MANYOG SECURITIES PRIVATE LIMITED,Stock Broker,"Mar 03, 2009 - Perpetual",,,
INZ000284247,CITIBANK N.A.,CITIBANK N.A.,Stock Broker,"Sep 08, 2008 - Perpetual",,citi.com,
INZ000284334,ORTEM SECURITIES LTD.,ORTEM SECURITIES LTD.,Stock Broker,"Oct 19, 1995 - Perpetual",,vsnl.com,
INZ000284836,360 ONE CAPITAL MARKET PRIVATE LIMITED,360 ONE CAPITAL MARKET PRIVATE LIMITED,Stock Broker,"Mar 27, 2026 - Perpetual",,bksec.com,
INZ000284933,SVS SECURITIES PVT.LTD.,SVS SECURITIES PVT.LTD.,Stock Broker,"Jan 13, 1998 - Perpetual",,svssec.com,
INZ000285038,DOLAT ALGOTECH LIMITED,DOLAT ALGOTECH LIMITED,Stock Broker,"Sep 30, 2019 - Perpetual",,dolatcapital.com,
INZ000285135,SPARK FAMILY OFFICE AND INVESTMENT ADVISORS (INDIA) PRIVATE LIMITED,SPARK FAMILY OFFICE AND INVESTMENT ADVISORS (INDIA) PRIVATE LIMITED,Stock Broker,"Sep 30, 2019 - Perpetual",,sparkcapital.in,
INZ000285230,ABHIPRA CAPITAL LTD.,ABHIPRA CAPITAL LTD.,Stock Broker,"Oct 19, 1995 - Perpetual",,abhipra.com,
INZ000285438,DHYAN STOCK BROKING PVT. LTD.,DHYAN STOCK BROKING PVT. LTD.,Stock Broker,"Feb 15, 2000 - Perpetual",,,
INZ000285533,PUNEET SECURITIES PVT. LTD.,PUNEET SECURITIES PVT. LTD.,Stock Broker,"Feb 01, 1996 - Perpetual",,,
INZ000285637,SAURIN INVESTMENTS PRIVATE LIMITED,SAURIN INVESTMENTS PRIVATE LIMITED,Stock Broker,"Nov 22, 1995 - Perpetual",,,
INZ000285732,SANKALP SHARE BROKERS PRIVATE LIMITED,SANKALP SHARE BROKERS PRIVATE LIMITED,Stock Broker,"Jan 23, 2006 - Perpetual",,sankalpcares.com,
INZ000285935,RIDHI SHARE BROKERS PRIVATE LIMITED,RIDHI SHARE BROKERS PRIVATE LIMITED,Stock Broker,"Jun 20, 2008 - Perpetual",,,
INZ000286134,SINGHAL CAPITAL MARKET LIMITED,SINGHAL CAPITAL MARKET LIMITED,Stock Broker,"Jul 26, 1995 - Perpetual",,vsnl.com,
INZ000286649,IDBI BANK LIMITED,IDBI BANK LIMITED,Stock Broker,"Jun 06, 2001 - Perpetual",,idbi.co.in,
INZ000286735,SANCHAY FINCOM LTD.,SANCHAY FINCOM LTD.,Stock Broker,"Oct 20, 2000 - Perpetual",,,
INZ000286953,CLOPEN RESEARCH CAPITAL LLP,CLOPEN RESEARCH CAPITAL LLP,Stock Broker,"Oct 23, 2019 - Perpetual",,clopen-research.com,
INZ000287035,DERIVIUM TRADITION SECURITIES (INDIA) PRIVATE LIMITED,DERIVIUM TRADITION SECURITIES (INDIA) PRIVATE LIMITED,Stock Broker,"Jun 20, 2008 - Perpetual",,deriviumcap.com,
INZ000287139,TRANSGLOBAL SECURITIES LIMITED,TRANSGLOBAL SECURITIES LIMITED,Stock Broker,"Dec 20, 2000 - Perpetual",,,
INZ000287235,DG GOENKA EQUITIES PRIVATE LIMITED,DG GOENKA EQUITIES PRIVATE LIMITED,Stock Broker,"May 31, 2000 - Perpetual",,,
INZ000287337,K DAMANI SECURITIES PRIVATE LIMITED,K DAMANI SECURITIES PRIVATE LIMITED,Stock Broker,"Jun 27, 2000 - Perpetual",,,
INZ000287438,SAL SECURITIES PVT. LTD.,SAL SECURITIES PVT. LTD.,Stock Broker,"Sep 30, 2004 - Perpetual",,salsecurities.com,
INZ000287736,SHUBHAM STOCK BROKING SERVICES PVT. LTD.,SHUBHAM STOCK BROKING SERVICES PVT. LTD.,Stock Broker,"Mar 16, 2006 - Perpetual",,,
INZ000288135,VINOD AGARWAL & CO. PVT. LTD.,VINOD AGARWAL & CO. PVT. LTD.,Stock Broker,"Nov 22, 1995 - Perpetual",,,
INZ000288425,PARIM FINSERV PRIVATE LIMITED,PARIM FINSERV PRIVATE LIMITED,Stock Broker,"Jul 11, 2014 - Perpetual",,,
INZ000288639,R. B. JAJU SECURITIES INDIA PVT. LTD.,R. B. JAJU SECURITIES INDIA PVT. LTD.,Stock Broker,"Mar 22, 2006 - Perpetual",,,
INZ000288836,FOCUS  STOCK BROKERS LTD,FOCUS STOCK BROKERS  LTD,Stock Broker,"Jun 12, 1996 - Perpetual",,,
INZ000288933,HOTLINE STOCK BROKERS PRIVATE LIMITED,HOTLINE STOCK BROKERS PRIVATE LIMITED,Stock Broker,"Mar 28, 2001 - Perpetual",,,
INZ000289036,SANCHAY FINVEST LTD.,SANCHAY FINVEST LTD,Stock Broker,"Jan 07, 2002 - Perpetual",,indiainfo.com,
INZ000289238,FINCAP GLOBAL SECURITIES LIMITED,FINCAP GLOBAL SECURITIES LIMITED,Stock Broker,"Feb 01, 1996 - Perpetual",,fincaporg.com,
INZ000289536,MBL & COMPANY LIMITED,MBL & COMPANY LIMITED,Stock Broker,"Apr 08, 2004 - Perpetual",,,
INZ000289933,SIC STOCKS & SERVICES PRIVATE LIMITED,SIC STOCKS & SERVICES PRIVATE LIMITED,Stock Broker,"Apr 16, 2004 - Perpetual",,sicststock.com,
INZ000290639,RELIABLE STOCKS & SHARES (INDIA)  LTD,RELIABLE STOCKS & SHARES (INDIA)LTD,Stock Broker,"Jun 23, 2021 - Perpetual",,,
INZ000290830,VOLTAIRE SECURITIES PRIVATE LIMITED,VOLTAIRE SECURITIES PRIVATE LIMITED,Stock Broker,"Dec 20, 2019 - Perpetual",,voltairecap.com,
INZ000290936,PUMARTH CREDIT & CAPITAL LTD.,PUMARTH CREDIT & CAPITAL LTD.,Stock Broker,"Sep 14, 1995 - Perpetual",,,
INZ000291038,AARNIK SECURITIES PVT. LTD.,AARNIK SECURITIES PVT. LTD.,Stock Broker,"Jun 27, 2000 - Perpetual",,,
INZ000291131,GREENBUCKS SECURITIES PRIVATE LIMITED,GREENBUCKS SECURITIES PRIVATE LIMITED,Stock Broker,"Apr 22, 2010 - Perpetual",,greenbucksonline.com,
INZ000291231,JUNJHARJI INVESTMENT PVT. LTD.,JUNJHARJI INVESTMENT PVT. LTD.,Stock Broker,"Sep 14, 1995 - Perpetual",,,
INZ000291332,BUGLEROCK CAPITAL PRIVATE LIMITED,BUGLEROCK CAPITAL PRIVATE LIMITED,Stock Broker,"Jun 25, 2009 - Perpetual",,buglerock.asia,
INZ000291411,LOTUS CAPITAL,LOTUS CAPITAL,Stock Broker,"Dec 30, 2019 - Perpetual",,lotuscapital.in,
INZ000291630,More Fintech Private Limited,More Fintech Private Limited,Stock Broker,"Dec 31, 2019 - Perpetual",,morefintech.in,
INZ000291732,SEH INVESTMENTS PVT. LIMITED,SEH INVESTMENTS PVT. LIMITED,Stock Broker,"Feb 27, 1996 - Perpetual",,shahiindia.com,
INZ000291834,TIME CAPITAL LTD,TIME CAPITAL LTD,Stock Broker,"Aug 30, 1995 - Perpetual",,timecapital.in,
INZ000291930,INDO MONEY SECURITIES PRIVATE LIMITED,INDO MONEY SECURITIES PRIVATE LIMITED,Stock Broker,"Jan 09, 2020 - Perpetual",,indomoney.in,
INZ000292027,A. N. SECURITIES,A. N. SECURITIES,Stock Broker,"Jan 18, 2011 - Perpetual",,,
INZ000292335,MAXGROWTH CAPITAL PRIVATE LIMITED,MAXGROWTH CAPITAL PRIVATE LIMITED,Stock Broker,"Mar 05, 2010 - Perpetual",,maxgrowthcap.com,
INZ000292435,SACHDEVA STOCKS PRIVATE LIMITED,SACHDEVA STOCKS PRIVATE LIMITED,Stock Broker,"Aug 30, 2007 - Perpetual",,sachdevastocks.com,
INZ000292538,QUEST FIN-SEC MARKETS LTD,QUEST FIN-SEC MARKETS LTD,Stock Broker,"Oct 19, 1995 - Perpetual",,,
INZ000292638,TROO TRIBE TECH LIMITED,TROO TRIBE TECH LIMITED,Stock Broker,"Jun 07, 1995 - Perpetual",,trootribe.com,
INZ000292736,LOKNATH SARAF SECURITIES PVT. LTD.,LOKNATH SARAF SECURITIES PVT. LTD.,Stock Broker,"Dec 31, 1997 - Perpetual",,,
INZ000292836,ENAM HOLDINGS PRIVATE LIMITED,ENAM HOLDINGS PRIVATE LIMITED,Stock Broker,"Feb 12, 2020 - Perpetual",,yahoo.in,
INZ000292939,ANAND RATHI INTERNATIONAL VENTURES (IFSC) PRIVATE LIMITED,ANAND RATHI INTERNATIONAL VENTURES (IFSC) PRIVATE LIMITED,Stock Broker,"Feb 12, 2020 - Perpetual",,rathi.com,
INZ000293058,XTX MARKETS LLP,XTX MARKET,Stock Broker,"Feb 17, 2020 - Perpetual",,xtxmarkets.com,
INZ000293234,JUMP TRADING FINANCIAL INDIA PRIVATE LIMITED,JUMP TRADING FINANCIAL INDIA PRIVATE LIMITED,Stock Broker,"Feb 17, 2020 - Perpetual",,jumptrading.com,
INZ000293432,SKSE Securities Ltd.,SKSE Securities Ltd.,Stock Broker,"Feb 17, 2020 - Perpetual",,sksesl.com,
INZ000293634,Prudent Corporate Advisory Services Limited,Prudent Corporate Advisory Services Limited,Stock Broker,"Feb 25, 2020 - Perpetual",,prudentcorporate.com,
INZ000293732,SVCM Securities Private Limited,SVCM Securities Private Limited,Stock Broker,"Mar 12, 2020 - Perpetual",,svcm.in,
INZ000293836,Tradewings Solutions Limited,Tradewings Solutions Limited,Stock Broker,"Mar 16, 2020 - Perpetual",,,
INZ000293911,IQBAL SINGH,INNOVATIVE CONSULTANTS,Stock Broker,"Sep 17, 2009 - Perpetual",,,
INZ000294230,JUNOMONETA FINSOL PRIVATE LIMITED,JUNOMONETA FINSOL PRIVATE LIMITED,Stock Broker,"Apr 15, 2020 - Perpetual",,junomoneta.in,
INZ000294339,ABHIK FINANCE PRIVATE LIMITED,ABHIK FINANCE PRIVATE LIMITED,Stock Broker,"Aug 01, 2000 - Perpetual",,,
INZ000294632,INCRED CAPITAL WEALTH PORTFOLIO MANAGERS PRIVATE LIMITED,INCRED CAPITAL WEALTH PORTFOLIO MANAGERS PRIVATE L,Stock Broker,"Apr 30, 2020 - Perpetual",,incredcapital.com,
INZ000294735,DELTA TECHINVEST PRIVATE LIMITED,DELTA TECHINVEST PRIVATE LIMITED,Stock Broker,"May 26, 2020 - Perpetual",,,
INZ000295046,DBS BANK INDIA LIMITED,DBS BANK INDIA LIMITED,Stock Broker,"Jun 24, 2020 - Perpetual",,dbs.com,
INZ000295134,Navi Securities Private Limited,Navi Securities Private Limited,Stock Broker,"Jun 24, 2020 - Perpetual",,navi.com,
INZ000295235,BIGCAPITA SECURITIES PRIVATE LIMITED,BIGCAPITA SECURITIES PRIVATE LIMITED,Stock Broker,"Jun 30, 2020 - Perpetual",,bigcapita.co.in,
INZ000295333,PLOUTOS QUANT RESEARCH CAPITAL PRIVATE LIMITED,PLOUTOS QUANT RESEARCH CAPITAL PRIVATE LIMITED,Stock Broker,"Aug 31, 2020 - Perpetual",,plutus-research.com,
INZ000295436,OSWAL SHARES & SECURITIES LIMITED,OSWAL SHARES & SECURITIES LIMITED,Stock Broker,"Sep 22, 2005 - Perpetual",,oswalshares.com,
INZ000295634,MALIRAM MAKHARIA FINSTOCK PVT. LTD.,MALIRAM MAKHARIA FINSTOCK PVT. LTD.,Stock Broker,"Nov 04, 1997 - Perpetual",,,
INZ000295733,WALLFORT SHARE AND STOCK BROKERS PRIVATE LIMITED,WALLFORT SHARE AND STOCK BROKERS PRIVATE LIMITED,Stock Broker,"Aug 25, 1998 - Perpetual",,wallfort.com,
INZ000295835,SANCHIT FINANCIAL & MANAGEMENT SERVICES LTD.,SANCHIT FINANCIAL & MANAGEMENT SERVICES LTD.,Stock Broker,"Jan 27, 2025 - Perpetual",,techtrade.in,
INZ000295913,PKG SECURITIES,PKG SECURITIES,Stock Broker,"Oct 22, 2020 - Perpetual",,,
INZ000296036,PALLATON CAPITAL PRIVATE LIMITED,PALLATON CAPITAL PRIVATE LIMITED,Stock Broker,"Oct 22, 2020 - Perpetual",,,
INZ000296136,ROLTA HOLDING AND FINANCE CORPORATION PRIVATE LIMITED,ROLTA HOLDING AND FINANCE CORPORATION PRIVATE LIMITED,Stock Broker,"Nov 03, 2020 - Perpetual",,rolta.com,
INZ000296230,KESHAV SECURITIES PVT. LTD.,KESHAV SECURITIES PVT. LTD.,Stock Broker,"Dec 17, 2004 - Perpetual",,keshavsec.com,
INZ000296339,IIFL WEALTH DISTRIBUTION SERVICES LIMITED,IIFL WEALTH DISTRIBUTION SERVICES LIMITED,Stock Broker,"Nov 11, 2020 - Perpetual",,iiflw.com,
INZ000296432,BLUE DAIMOND PROPERTIES PVT LTD,BLUE DAIMOND PROPERTIES PVT LTD,Stock Broker,"Nov 25, 2020 - Perpetual",,,
INZ000296535,Tradewalk Broking Private Limited,Tradewalk Broking Private Limited,Stock Broker,"Nov 11, 2024 - Perpetual",,tradewalk.in,
INZ000297032,SUNSHINE FINSEC & MERCANTILE LTD.,SUNSHINE FINSEC & MERCANTILE LTD.,Stock Broker,"Dec 06, 1996 - Perpetual",,sunshinefinsec.com,
INZ000297230,NINE STAR BROKING PRIVATE LIMITED,NINE STAR BROKING PRIVATE LIMITED,Stock Broker,"Dec 23, 2020 - Perpetual",,9star.in,
INZ000297338,Estelle Securities Private Limited,Estelle Securities Private Limited,Stock Broker,"Dec 23, 2020 - Perpetual",,,
INZ000297436,MSE FINANCIAL SERVICES LIMITED,MSE FINANCIAL SERVICES LIMITED,Stock Broker,"Dec 23, 2020 - Perpetual",,msefsl.com,
INZ000297535,FLUX CAPITAL PRIVATE LIMITED,FLUX CAPITAL PRIVATE LIMITED,Stock Broker,"Dec 23, 2020 - Perpetual",,,
INZ000297738,NETWORTH PORTFOLIO & FINANCE PVT.LTD.,NETWORTH PORTFOLIO & FINANCE PVT.LTD.,Stock Broker,"Feb 24, 2000 - Perpetual",,basantsecurities.com,
INZ000298037,GOPALJI BROKING PRIVATE LIMITED,GOPALJI BROKING PRIVATE LIMITED,Stock Broker,"Feb 18, 2021 - Perpetual",,,
INZ000298721,SANKALP FINANCE,SANKALP FINANCE,Stock Broker,"Apr 16, 2021 - Perpetual",,sankalponline.com,
INZ000298936,MICROCURVES TRADING PRIVATE LIMITED,MICROCURVES TRADING PRIVATE LIMITED,Stock Broker,"Apr 19, 2021 - Perpetual",,quantboxtrading.com,
INZ000299131,ATISHAY STOCK BROKING PRIVATE LIMITED,ATISHAY STOCK BROKING PRIVATE LIMITED,Stock Broker,"Jun 01, 2021 - Perpetual",,,
INZ000299236,GROWTH SECURITIES PRIVATE LIMITED,GROWTH SECURITIES PRIVATE LIMITED,Stock Broker,"Jun 01, 2021 - Perpetual",,,
INZ000299350,QI BROKERAGE LLP,QI BROKERAGE LLP,Stock Broker,"Sep 24, 2022 - Perpetual",,qibrokerage.com,
INZ000299437,Evareap Securities Private  Limited,Evareap Securities Private  Limited,Stock Broker,"Jun 03, 2021 - Perpetual",,,
INZ000299835,HOLANI CONSULTANTS PRIVATE LIMITED,HOLANI CONSULTANTS PRIVATE LIMITED,Stock Broker,"Jun 29, 2021 - Perpetual",,holaniconsultants.co.in,
INZ000299936,Torus Financial Markets Private Limited,Torus Financial Markets Private Limited,Stock Broker,"Jun 30, 2021 - Perpetual",,torusgroup.in,
INZ000300137,Urudavan Investment and Trading Private Limited,Urudavan Investment and Trading Private Limited,Stock Broker,"Jun 30, 2021 - Perpetual",,gcvl.in,
INZ000300631,SHARE WISE EQUITY BROKERS PVT.LTD.,SHARE WISE EQUITY BROKERS PVT.LTD.,Stock Broker,"Jul 30, 2021 - Perpetual",,,
INZ000300737,ESTEE ADVISORS PRIVATE LIMITED,ESTEE ADVISORS PRIVATE LIMITED,Stock Broker,"Aug 03, 2021 - Perpetual",,esteeadvisors.com,
INZ000300834,VIJIT GLOBAL SECURITIES PRIVATE LIMITED,VIJIT GLOBAL SECURITIES PRIVATE LIMITED,Stock Broker,"Aug 05, 2021 - Perpetual",,,
INZ000300936,Market Pulse Securities Private Limited,Market Pulse,Stock Broker,"Aug 06, 2021 - Perpetual",,market-pulse.in,
INZ000301034,IMC INDIA SECURITIES PRIVATE LIMITED,IMC INDIA SECURITIES PRIVATE LIMITED,Stock Broker,"Aug 12, 2021 - Perpetual",,imc.com,
INZ000301132,DEFINEDGE SECURITIES BROKING PRIVATE LIMITED,DEFINEDGE SECURITIES BROKING PRIVATE LIMITED,Stock Broker,"Aug 13, 2021 - Perpetual",,definedge.com,
INZ000301236,Stockal Securities Private Limited,Stockal Securities Private Limited,Stock Broker,"Aug 18, 2021 - Perpetual",,stockalsecurities.com,
INZ000301331,ECONO BROKING PRIVATE LIMITED,ECONO BROKING PRIVATE LIMITED,Stock Broker,"Aug 23, 2021 - Perpetual",,econobroking.com,
INZ000301435,Get Prosper Capital Private Limited,Get Prosper Capital Private Limited,Stock Broker,"Aug 24, 2021 - Perpetual",,arihantcapital.com,
INZ000301733,EPP Securities Private Limited,EPP Securities Private Limited,Stock Broker,"Sep 16, 2021 - Perpetual",,eppsecurities.com,
INZ000301838,GROWW INVEST TECH PRIVATE LIMITED,GROWW INVEST TECH PRIVATE LIMITED,Stock Broker,"Sep 23, 2021 - Perpetual",,groww.in,
INZ000301934,Share India AlgoPlus Private Limited,Share India AlgoPlus Private Limited,Stock Broker,"Sep 28, 2021 - Perpetual",,shareindiaalgolus.com,
INZ000302136,BRSB SECURITIES PRIVATE LIMITED,BRSB SECURITIES PRIVATE LIMITED,Stock Broker,"Sep 30, 2021 - Perpetual",,brsbsecurities.com,
INZ000302233,TARA CAPITAL PARTNERS INDIA PRIVATE LIMITED,TARA CAPITAL PARTNERS INDIA PRIVATE LIMITED,Stock Broker,"Sep 30, 2021 - Perpetual",,taracapitalpartners.co,
INZ000302337,MUNOTH CAPITAL MARKET LIMITED,MUNOTH CAPITAL MARKET LIMITED,Stock Broker,"Dec 29, 2005 - Perpetual",,munoth.com,
INZ000302434,SHRI KRISHNA SHARE BROKERS PRIVATE LIMITED,SHRI KRISHNA SHARE BROKERS PRIVATE LIMITED,Stock Broker,"Oct 07, 2021 - Perpetual",,taxonline.net.in,
INZ000302639,PHONEPE WEALTH BROKING PRIVATE LIMITED,PHONEPE WEALTH BROKING PRIVATE LIMITED,Stock Broker,"Oct 08, 2021 - Perpetual",,phonepe.com,
INZ000302735,PALS OVERSEAS PVT. LTD.,PALS OVERSEAS PVT. LTD.,Stock Broker,"Nov 10, 2000 - Perpetual",,,
INZ000302836,VLS FINANCE LIMITED,VLS FINANCE LIMITED,Stock Broker,"Oct 01, 2014 - Perpetual",,vlsfinance.com,
INZ000303035,Kanjalochana Finserve Private Limited,Kanjalochana Finserve Private Limited,Stock Broker,"Dec 20, 2021 - Perpetual",,ind.in,
INZ000303136,Dezerv Investments Private Limited,Dezerv Investments Private Limited,Stock Broker,"Dec 24, 2021 - Perpetual",,dezerv.in,
INZ000303236,BONDBAZAAR SECURITIES PRIVATE LIMITED,BONDBAZAAR SECURITIES PRIVATE LIMITED,Stock Broker,"Dec 31, 2021 - Perpetual",,debtlife.in,
INZ000303333,RELIABLENIVESH SECURITIES PRIVATE LIMITED,RELIABLENIVESH SECURITIES PRIVATE LIMITED,Stock Broker,"Jan 10, 2022 - Perpetual",,,
INZ000303435,Arihant Commo Derivatives Private Limited,Arihant Commo Derivatives Private Limited,Stock Broker,"May 24, 2023 - Perpetual",,,
INZ000303634,GOODFLOW SECURITIES PRIVATE LIMITED,GOODFLOW SECURITIES PRIVATE LIMITED,Stock Broker,"Feb 21, 2023 - Perpetual",,goodflowsecurities.com,
INZ000303733,MAHARATNA SECURITIES PRIVATE LIMITED,MAHARATNA SECURITIES PRIVATE LIMITED,Stock Broker,"Jan 31, 2022 - Perpetual",,,
INZ000303957,PLUTUS WEALTH MANAGEMENT LLP,PLUTUS WEALTH MANAGEMENT LLP,Stock Broker,"Feb 02, 2022 - Perpetual",,plutuswealth.in,
INZ000304235,CITADEL SECURITIES INDIA MARKETS PRIVATE LIMITED,CITADEL SECURITIES INDIA MARKETS PRIVATE LIMITED,Stock Broker,"Feb 23, 2022 - Perpetual",,citadel.com,
INZ000304538,GANPATI FINSEC PRIVATE LIMITED,GANPATI FINSEC PRIVATE LIMITED,Stock Broker,"Feb 28, 2022 - Perpetual",,ganpationline.com,
INZ000304635,Finopia Fintech Private Limited,Finopia Fintech Private Limited,Stock Broker,"Mar 02, 2022 - Perpetual",,finopiafintech.com,
INZ000304837,NU INVESTORS TECHNOLOGIES PRIVATE LIMITED,NU INVESTORS TECHNOLOGIES PRIVATE LIMITED,Stock Broker,"Mar 21, 2024 - Perpetual",,lemonn.co.in,
INZ000305026,A&G STOCK BROKING & CO,A&G STOCK BROKING & CO,Stock Broker,"Mar 07, 2022 - Perpetual",,,
INZ000305131,MLB STOCK BROKING PRIVATE LIMITED,MLB STOCK BROKING PRIVATE LIMITED,Stock Broker,"Mar 09, 2022 - Perpetual",,,
INZ000305337,INDSTOCKS PRIVATE LIMITED,INDMONEY PRIVATE LIMITED,Stock Broker,"Mar 09, 2022 - Perpetual",,indmoney.com,
INZ000305432,ASMAH SHARES & STOCK BROKERS PVT.LTD.,ASMAH SHARES & STOCK BROKERS PVT.LTD.,Stock Broker,"Mar 11, 2022 - Perpetual",,,
INZ000305534,Gainn Fintech Private Limited,Gainn Fintech Private Limited,Stock Broker,"Mar 15, 2022 - Perpetual",,gainn.co.in,
INZ000305735,ELLIOTT FINANCIAL SERVICES PRIVATE LIMITED,ELLIOTT FINANCIAL SERVICES PRIVATE LIMITED,Stock Broker,"Mar 25, 2022 - Perpetual",,elliottfinancials.com,
INZ000305857,ACA Finserv LLP,ACA Finserv LLP,Stock Broker,"Mar 30, 2022 - Perpetual",,,
INZ000305931,KHOSLA TRADEWISE PRIVATE LIMITED,KHOSLA TRADEWISE PRIVATE LIMITED,Stock Broker,"Mar 30, 2022 - Perpetual",,,
INZ000306053,VERSATILE STOCK BROKING LLP,VERSATILE STOCK BROKING LLP,Stock Broker,"Mar 30, 2022 - Perpetual",,,
INZ000306136,SANATAN FINANCIAL ADVISORY SERVICES PRIVATE LIMITED,SANATAN FINANCIAL ADVISORY SERVICES PRIVATE LIMITED,Stock Broker,"Mar 31, 2022 - Perpetual",,skothari.com,
INZ000306235,Anantroop Financial Advisory Services Private Limited,Anantroop Financial Advisory Services Private Limited,Stock Broker,"Mar 31, 2022 - Perpetual",,skothari.com,
INZ000306350,NAASAA Securities LLP,NAASAA Securities LLP,Stock Broker,"Mar 31, 2022 - Perpetual",,,
INZ000306537,NEO WEALTH MANAGEMENT PRIVATE LIMITED,NEO WEALTH MANAGEMENT PRIVATE LIMITED,Stock Broker,"May 04, 2022 - Perpetual",,neo-wealth.com,
INZ000306633,RAEDAN CAPITAL PRIVATE LIMITED,RAEDAN CAPITAL PRIVATE LIMITED,Stock Broker,"May 06, 2022 - Perpetual",,raedancapital.in,
INZ000306737,ELIOS FINANCIAL SERVICES PRIVATE LIMITED,ELIOS FINANCIAL SERVICES PRIVATE LIMITED,Stock Broker,"Jan 29, 2025 - Perpetual",,eliosfin.com,
INZ000306837,KEDAR BORGAONKAR SECURITIES PRIVATE LIMITED,KEDAR BORGAONKAR SECURITIES PRIVATE LIMITED,Stock Broker,"Feb 14, 2013 - Perpetual",,kedarborgaonkar.com,
INZ000306935,Lotusdew Securities Private Limited,Lotusdew Securities Private Limited,Stock Broker,"May 26, 2022 - Perpetual",,airalgo.com,
INZ000307037,SPARK INSTITUTIONAL EQUITIES PRIVATE LIMITED,SPARK INSTITUTIONAL EQUITIES PRIVATE LIMITED,Stock Broker,"Jul 06, 2023 - Perpetual",,,
INZ000307157,DIAMOND HANDS LLP,DIAMOND HANDS LLP,Stock Broker,"May 31, 2022 - Perpetual",,essentially.ai,
INZ000307234,RAGHUNANDAN CAPITAL PRIVATE LIMITED,RAGHUNANDAN CAPITAL PRIVATE LIMITED,Stock Broker,"Jun 07, 2022 - Perpetual",,rmoneyindia.com,
INZ000307336,PRUTHVI BROKERS & SHAREHOLDINGS PRIVATE LIMITED,PRUTHVI BROKERS & SHAREHOLDINGS PRIVATE LIMITED,Stock Broker,"Jul 14, 1999 - Perpetual",,,
INZ000307633,SADRAVYA MONEY PRIVATE LIMITED,SADRAVYA MONEY PRIVATE LIMITED,Stock Broker,"Jun 10, 2022 - Perpetual",,sadravya.com,
INZ000307736,Sixth Sense Securities Private Limited,Sixth Sense Securities Private Limited,Stock Broker,"Jun 30, 2022 - Perpetual",,,
INZ000307836,Illuminati Trading Private Limited,Illuminati Trading Private Limited,Stock Broker,"Jul 27, 2022 - Perpetual",,alpha-greb.com,
INZ000307935,SB PATIL SECURITIES PRIVATE LIMITED,SB PATIL SECURITIES PRIVATE LIMITED,Stock Broker,"Jul 28, 2022 - Perpetual",,webullindia.com,
INZ000308336,YMS Financial Private Limited,YMS Financial Private Limited,Stock Broker,"Sep 20, 2022 - Perpetual",,ymsfinancial.com,
INZ000308458,9 CAPITAL CONSULTANTS LLP,9 CAPITAL CONSULTANTS LLP,Stock Broker,"Sep 20, 2022 - Perpetual",,,
INZ000308532,WealthyIN Broking Private Limited,WealthyIN Broking Private Limited,Stock Broker,"Sep 21, 2022 - Perpetual",,wealthy.in,
INZ000308636,TATA FINTECH PRIVATE LIMITED,TATA FINTECH PRIVATE LIMITED,Stock Broker,"Sep 21, 2022 - Perpetual",,tatadigital.com,
INZ000308735,BUTTERFLY BROKING PRIVATE LIMITED,BUTTERFLY BROKING PRIVATE LIMITED,Stock Broker,"May 03, 2024 - Perpetual",,butterflybroking.in,
INZ000308934,NX Block Trades Private Limited,NX Block Trades Private Limited,Stock Broker,"Oct 07, 2022 - Perpetual",,nx-block.com,
INZ000309029,EXATRADE TECHNOLOGIES,EXATRADE TECHNOLOGIES,Stock Broker,"Oct 20, 2022 - Perpetual",,,
INZ000309137,EQUIRUS WEALTH PRIVATE LIMITED,EQUIRUS WEALTH PRIVATE LIMITED,Stock Broker,"Oct 20, 2022 - Perpetual",,equiruswealth.com,
INZ000309457,Psynance Trading LLP,Psynance Trading LLP,Stock Broker,"Oct 27, 2022 - Perpetual",,,
INZ000309534,RUDRANATH STOCK BROKING PRIVATE LIMITED,RUDRANATH STOCK BROKING PRIVATE LIMITED,Stock Broker,"Nov 01, 2022 - Perpetual",,,
INZ000309628,DHAID INVESTMENTS,DHAID INVESTMENTS,Stock Broker,"Nov 01, 2022 - Perpetual",,,
INZ000309758,OUR BROKING SERVICES LLP,OUR BROKING SERVICES LLP,Stock Broker,"Nov 17, 2022 - Perpetual",,ourbroking.com,
INZ000309838,Aetram Trades Private Limited,Aetram Trades Private Limited,Stock Broker,"Nov 22, 2022 - Perpetual",,aetramtrades.in,
INZ000309934,Discovery Wealth Management Services Pvt. Ltd.,Discovery Wealth Management Services Pvt. Ltd.,Stock Broker,"Nov 28, 2022 - Perpetual",,,
INZ000310054,Power Gilt Fixed Income Debt Management LLP,Power Gilt Fixed Income Debt Management LLP,Stock Broker,"Dec 01, 2022 - Perpetual",,powergilt.com,
INZ000310233,J EKLERA SECURITIES PRIVATE LIMITED,J EKLERA SECURITIES PRIVATE LIMITED,Stock Broker,"Dec 12, 2022 - Perpetual",,,
INZ000310451,DELTAMARK PARTNERS LLP,DELTAMARK PARTNERS LLP,Stock Broker,"Dec 27, 2022 - Perpetual",,deltamarkllp.com,
INZ000310632,JAS-ONE SECURITIES PRIVATE LIMITED,JAS-ONE SECURITIES PRIVATE LIMITED,Stock Broker,"Mar 12, 2013 - Perpetual",,jospl.com,
INZ000310834,Abbott Wealth Management Limited,Abbott Wealth Management Limited,Stock Broker,"Jan 12, 2023 - Perpetual",,,
INZ000310930,SPREAD X SECURITIES PRIVATE LIMITED,SPREAD X SECURITIES PRIVATE LIMITED,Stock Broker,"Jan 24, 2023 - Perpetual",,spreadx.in,
INZ000311032,Salai Derivatives Private Limited,Salai Derivatives Private Limited,Stock Broker,"Jan 30, 2023 - Perpetual",,salaiderivatives.com,
INZ000311236,GOLDSTREET SECURITIES LIMITED,GOLDSTREET SECURITIES LIMITED,Stock Broker,"Jul 14, 2004 - Perpetual",,,
INZ000311338,Lavanaya Securities & Technologies Private Limited,Lavanaya Securities & Technologies Private Limited,Stock Broker,"Feb 10, 2023 - Perpetual",,,
INZ000311728,PK INVESTMENTS,PK INVESTMENTS,Stock Broker,"Feb 17, 2023 - Perpetual",,,
INZ000311839,ACME CAPITAL MARKET LIMITED,ACME CAPITAL MARKET LIMITED,Stock Broker,"Apr 10, 2023 - Perpetual",,acmegroup.global,
INZ000311938,TRDEZ INVESTMENT PRIVATE LIMITED,TRDEZ INVESTMENT PRIVATE LIMITED,Stock Broker,"Apr 20, 2023 - Perpetual",,,
INZ000312132,ENAM INVESTMENTS PRIVATE LIMITED,ENAM INVESTMENTS PRIVATE LIMITED,Stock Broker,"Jan 13, 1998 - Perpetual",,,
INZ000312436,HKKR Finserv Private Limited,HKKR Finserv Private Limited,Stock Broker,"May 29, 2023 - Perpetual",,infinn.in,
INZ000312534,ORO FINANCIAL CONSULTANTS PRIVATE LIMITED,ORO FINANCIAL CONSULTANTS PRIVATE LIMITED,Stock Broker,"Jun 05, 2023 - Perpetual",,biddeasy.com,
INZ000312637,Globe Derivatives and Securities Limited,Globe Derivatives and Securities Limited,Stock Broker,"Jun 05, 2023 - Perpetual",,globecapital.com,
INZ000312738,STOCKPRO 9 CAPITAL PRIVATE LIMITED,STOCKPRO 9 CAPITAL PRIVATE LIMITED,Stock Broker,"Jun 06, 2023 - Perpetual",,gamil.com,
INZ000312836,GRIP BROKING PRIVATE LIMITED,GRIP BROKING PRIVATE LIMITED,Stock Broker,"Jun 09, 2023 - Perpetual",,gripbroking.com,
INZ000312953,Trimurti Capital Broking Private Limited,Trimurti Capital Broking Private Limited,Stock Broker,"Jun 30, 2023 - Perpetual",,trimurticapital.in,
INZ000313032,Bhagya Shree Securities Private Limited,Bhagya Shree Securities Private Limited,Stock Broker,"Jun 30, 2023 - Perpetual",,,
INZ000313434,MIRACLES FIN-TECH PRIVATE LIMITED,MIRACLES FIN-TECH PRIVATE LIMITED,Stock Broker,"Jul 12, 2023 - Perpetual",,miraclesfintech.com,
INZ000313536,CLK Shares And Securities Private Limited,CLK Shares And Securities Private Limited,Stock Broker,"Jul 13, 2023 - Perpetual",,,
INZ000313632,WINT SECURITIES PRIVATE LIMITED,Wint Wealth,Stock Broker,"Jul 13, 2023 - Perpetual",,wintwealth.com,
INZ000313732,POCKETFUL FINTECH CAPITAL PRIVATE LIMITED,POCKETFUL FINTECH CAPITAL PRIVATE LIMITED,Stock Broker,"Jul 13, 2023 - Perpetual",,pocketful.in,
INZ000313854,NEO APEX SHARE BROKING SERVICES LLP,NEO APEX SHARE BROKING SERVICES LLP,Stock Broker,"Jul 14, 2023 - Perpetual",,neoapex.in,
INZ000313927,SHREE RAM FINCARE,SHREE RAM FINCARE,Stock Broker,"Jul 20, 2023 - Perpetual",,,
INZ000314033,Discovery Financial Services Private Limited,Discovery Financial Services Private Limited,Stock Broker,"Jul 21, 2023 - Perpetual",,,
INZ000314234,TOSS FINANCIAL SERVICES PVT. LTD.,TOSS FINANCIAL SERVICES PVT. LTD.,Stock Broker,"Aug 08, 1995 - Perpetual",,yahoo.co.uk,
INZ000314336,WMG BROKING PRIVATE LIMITED,WMG BROKING PRIVATE LIMITED,Stock Broker,"Aug 04, 2023 - Perpetual",,wmggroup.in,
INZ000314438,GRIFFIN STOCK BROKING PRIVATE LIMITED,GRIFFIN STOCK BROKING PRIVATE LIMITED,Stock Broker,"Aug 21, 2023 - Perpetual",,,
INZ000314637,STABLE BROKING PRIVATE LIMITED,STABLE BROKING PRIVATE LIMITED,Stock Broker,"Sep 05, 2023 - Perpetual",,stablemoney.in,
INZ000314736,SAFEGOLD DIGIDEMAT PRIVATE LIMITED,SafeGold,Stock Broker,"Sep 07, 2023 - Perpetual",,safegold.in,
INZ000314837,ROI NET SECURITIES PRIVATE LIMITED,ROI NET SECURITIES PRIVATE LIMITED,Stock Broker,"Sep 26, 2023 - Perpetual",,roinetsecurities.in,
INZ000314927,CAPMATRIX COMMODITY AND EQUITY INVESTMENT,CAPMATRIX COMMODITY AND EQUITY INVESTMENT,Stock Broker,"Sep 27, 2023 - Perpetual",,,
INZ000315235,Skywards Investec Private Limited,Skywards Investec Private Limited,Stock Broker,"Oct 10, 2023 - Perpetual",,,
INZ000315351,Quantify Broking LLP,Quantify Broking LLP,Stock Broker,"Oct 11, 2023 - Perpetual",,,
INZ000315657,KARNA STOCK BROKING LLP,KARNA STOCK BROKING LLP,Stock Broker,"Nov 01, 2023 - Perpetual",,,
INZ000315755,PINDI SECURITIES LLP,PINDI SECURITIES LLP,Stock Broker,"Nov 03, 2023 - Perpetual",,,
INZ000315837,Upstox Securities Private Limited,Upstox,Stock Broker,"Dec 01, 2023 - Perpetual",,rksv.in,
INZ000315955,KARAMAZOV QUANTS LLP,KARAMAZOV QUANTS LLP,Stock Broker,"Dec 12, 2023 - Perpetual",,karamazov.xyz,
INZ000316035,RAJGUL SECURITIES (P) LIMITED,RAJGUL SECURITIES (P) LIMITED,Stock Broker,"Jul 31, 2008 - Perpetual",,rajgul.com,
INZ000316136,Devgiri Securities Private Limited,Devgiri Securities Private Limited,Stock Broker,"Dec 19, 2023 - Perpetual",,,
INZ000316338,Muni Broking House Limited,Muni Broking House Limited,Stock Broker,"Dec 29, 2023 - Perpetual",,,
INZ000316433,GRATIAS VENTURES PRIVATE LIMITED,GRATIAS VENTURES PRIVATE LIMITED,Stock Broker,"Jan 03, 2024 - Perpetual",,,
INZ000316631,ZANSKAR SECURITIES PRIVATE LIMITED,ZANSKAR SECURITIES PRIVATE LIMITED,Stock Broker,"Mar 11, 2024 - Perpetual",,zanskarsec.com,
INZ000316732,Lares Algotech India Private Limited,Lares Algotech India Private Limited,Stock Broker,"Mar 11, 2024 - Perpetual",,,
INZ000316838,S A ARTHA SECURITIES PRIVATE LIMITED,INVES 21,Stock Broker,"Mar 13, 2024 - Perpetual",,inves21.com,
INZ000316937,TRISHAKTI CAPITAL LIMITED,TRISHAKTI CAPITAL LIMITED,Stock Broker,"Apr 04, 2024 - Perpetual",,trishakti.com,
INZ000317039,OPTIVER INDIA SECURITIES PRIVATE LIMITED,OPTIVER INDIA SECURITIES PRIVATE LIMITED,Stock Broker,"Apr 19, 2024 - Perpetual",,com.au,
INZ000317139,JEVIN STOCK BROKER PRIVATE LIMITED,JEVIN STOCK BROKER PRIVATE LIMITED,Stock Broker,"Apr 24, 2024 - Perpetual",,,
INZ000317337,INVEXMART FINANCIAL SERVICES PRIVATE LIMITED,INVEXMART FINANCIAL SERVICES PRIVATE LIMITED,Stock Broker,"Apr 26, 2024 - Perpetual",,gmai.com,
INZ000317437,UNIVEST STOCK BROKING PRIVATE LIMITED,UNIVEST STOCK BROKING PRIVATE LIMITED,Stock Broker,"Apr 30, 2024 - Perpetual",,unibrokers.in,
INZ000317534,CENTRUM FINVERSE LIMITED,CENTRUM FINVERSE LIMITED,Stock Broker,"Apr 30, 2024 - Perpetual",,centrum.co.in,
INZ000317632,AARITYA BROKING PRIVATE LIMITED,AARITYA BROKING PRIVATE LIMITED,Stock Broker,"Apr 30, 2024 - Perpetual",,aaritya.com,
INZ000317833,ABSOLUTE BROKING PRIVATE LIMITED,ABSOLUTE BROKING PRIVATE LIMITED,Stock Broker,"Jun 12, 2024 - Perpetual",,absolutebroking.com,
INZ000317930,KANCO STOCK & SECURITIES PRIVATE LIMITED,KANCO STOCK & SECURITIES PRIVATE LIMITED,Stock Broker,"Jun 14, 2024 - Perpetual",,kancosecurities.com,
INZ000318238,SIG INDIA TRADING PRIVATE LIMITED,SIG INDIA TRADING PRIVATE LIMITED,Stock Broker,"Jun 19, 2024 - Perpetual",,sig.com,
INZ000318357,PATRONUS TRADETECH LLP,PATRONUS TRADETECH LLP,Stock Broker,"Jun 20, 2024 - Perpetual",,patronustradetech.com,
INZ000318434,AASHVIK SECURITIES PRIVATE LIMITED,AASHVIK SECURITIES PRIVATE LIMITED,Stock Broker,"Jun 26, 2024 - Perpetual",,aashvikcapital.com,
INZ000318532,AIONION CAPITAL MARKET SERVICES PRIVATE LIMITED,AIONION CAPITAL MARKET SERVICES PRIVATE LIMITED,Stock Broker,"Jun 28, 2024 - Perpetual",,aionioncapital.com,
INZ000318637,ALPHA MATRIX SECURITIES PRIVATE LIMITED,ALPHA MATRIX SECURITIES PRIVATE LIMITED,Stock Broker,"Jun 28, 2024 - Perpetual",,,
INZ000318730,APEX FINGROW PRIVATE LIMITED,APEX FINGROW PRIVATE LIMITED,Stock Broker,"Jul 05, 2024 - Perpetual",,apexfin.in,
INZ000318938,GEOJIT INVESTMENTS LIMITED,GEOJIT INVESTMENTS LIMITED,Stock Broker,"Jul 18, 2024 - Perpetual",,geojit.com,
INZ000319254,QUANTICKER RESEARCH LLP,QUANTICKER RESEARCH LLP,Stock Broker,"Jul 30, 2024 - Perpetual",,quanticker.com,
INZ000319333,JSK SECURITIES AND SERVICES PRIVATE LIMITED,JSK SECURITIES AND SERVICES PRIVATE LIMITED,Stock Broker,"Jul 31, 2024 - Perpetual",,,
INZ000319433,Acegrowth Brokers Private Limited,Acegrowth Brokers Private Limited,Stock Broker,"Jul 31, 2024 - Perpetual",,,
INZ000319530,ARCEDGE SECURITIES PRIVATE LIMITED,ARCEDGE SECURITIES PRIVATE LIMITED,Stock Broker,"Aug 09, 2024 - Perpetual",,archfin.com,
INZ000319637,LGT CAPITAL MARKETS PRIVATE LIMITED,LGT CAPITAL MARKETS,Stock Broker,"Aug 28, 2024 - Perpetual",,lgtindia.in,
INZ000319736,Neova Global Fintech Private Limited,Neova Global Fintech Private Limited,Stock Broker,"Aug 30, 2024 - Perpetual",,,
INZ000319830,JBV SHARE BROKER AND FINTECH PRIVATE LIMITED,JBV SHARE BROKER AND FINTECH PRIVATE LIMITED,Stock Broker,"Sep 13, 2024 - Perpetual",,,
INZ000320338,DEXIF SECURITY BROKING PRIVATE LIMITED,DEXIF SECURITY BROKING PRIVATE LIMITED,Stock Broker,"Sep 25, 2024 - Perpetual",,dexifbroking.com,
INZ000321036,STELLAREDGE BROKERS PRIVATE LIMITED,STELLAREDGE BROKERS PRIVATE LIMITED,Stock Broker,"Sep 27, 2024 - Perpetual",,stellaredgebrokers.com,
INZ000321232,AIKYAM CAPITAL PRIVATE LIMITED,AIKYAM CAPITAL PRIVATE LIMITED,Stock Broker,"Sep 30, 2024 - Perpetual",,aikyamcap.com,
INZ000321331,Oneworld Securities Private Limited,Oneworld Securities Private Limited,Stock Broker,"Oct 03, 2024 - Perpetual",,,
INZ000321452,JIAUM BROKING LLP,JIAUM BROKING LLP,Stock Broker,"Oct 15, 2024 - Perpetual",,,
INZ000321535,INFINITE BROKING PRIVATE LIMITED,INFINITE BROKING PRIVATE LIMITED,Stock Broker,"Oct 25, 2024 - Perpetual",,,
INZ000321758,BALAJI FINCAP LLP,BALAJI FINCAP LLP,Stock Broker,"Oct 25, 2024 - Perpetual",,,
INZ000322030,TRADE PULSE BROKING PRIVATE LIMITED,TRADE PULSE BROKING PRIVATE LIMITED,Stock Broker,"Nov 26, 2024 - Perpetual",,,
INZ000322231,ISHAN STOCK BROKING PRIVATE LIMITED,ISHAN STOCK BROKING PRIVATE LIMITED,Stock Broker,"Nov 28, 2024 - Perpetual",,,
INZ000322337,AVENDUS WEALTH MANAGEMENT PRIVATE LIMITED,AVENDUS WEALTH MANAGEMENT PRIVATE LIMITED,Stock Broker,"Nov 28, 2024 - Perpetual",,,
INZ000322436,ANISHA FINCAP CONSULTANTS LIMITED,ANISHA FINCAP CONSULTANTS LIMITED,Stock Broker,"Nov 29, 2024 - Perpetual",,,
INZ000322732,MINTCAP BROKERS PRIVATE LIMITED,MINTCAP BROKERS PRIVATE LIMITED,Stock Broker,"Dec 04, 2024 - Perpetual",,capmint.com,
INZ000322839,PRACHAY SECURITIES PRIVATE LIMITED,PRACHAY SECURITIES PRIVATE LIMITED,Stock Broker,"Dec 10, 2024 - Perpetual",,prachay.com,
INZ000322935,PALAK TRADE TECH PRIVATE LIMITED,PALAK TRADE TECH PRIVATE LIMITED,Stock Broker,"Dec 16, 2024 - Perpetual",,,
INZ000323030,INARAA FINANCIAL SERVICES PRIVATE LIMITED,INARAA FINANCIAL SERVICES PRIVATE LIMITED,Stock Broker,"Dec 16, 2024 - Perpetual",,,
INZ000323153,SENTINELSEC INDIA LLP,SENTINELSEC INDIA LLP,Stock Broker,"Dec 20, 2024 - Perpetual",,sentinelsec.com,
INZ000323234,CENTRICITY SECURITIES PRIVATE LIMITED,CENTRICITY SECURITIES PRIVATE LIMITED,Stock Broker,"Dec 23, 2024 - Perpetual",,centricity.co.in,
INZ000323330,SUPERNAL VENTURES PRIVATE LIMITED,SUPERNAL VENTURES PRIVATE LIMITED,Stock Broker,"Dec 23, 2024 - Perpetual",,,
INZ000323534,VRIDHI CAPITAL & FINANCE PRIVATE LIMITED,VRIDHI CAPITAL & FINANCE PRIVATE LIMITED,Stock Broker,"Dec 24, 2024 - Perpetual",,,
INZ000323634,BULLPULSE MARKETEDGE PRIVATE LIMITED,BULLPULSE MARKETEDGE PRIVATE LIMITED,Stock Broker,"Dec 24, 2024 - Perpetual",,bullpulse.in,
INZ000323934,DJS STOCK AND SHARES LIMITED,DJS STOCK AND SHARES LIMITED,Stock Broker,"May 13, 2011 - Perpetual",,,
INZ000324038,SHRI VIJAYSHREE INVESTMENT SERVICES PRIVATE LIMITED,SHRI VIJAYSHREE INVESTMENT SERVICES PRIVATE LIMITED,Stock Broker,"Dec 31, 2024 - Perpetual",,shrivijayshree.com,
INZ000324155,PJP STOCK BROKING LLP,PJP STOCK BROKING LLP,Stock Broker,"Dec 31, 2024 - Perpetual",,prashantjpatel.com,
INZ000324234,KG STOCK BROKING PRIVATE LIMITED,KG STOCK BROKING PRIVATE LIMITED,Stock Broker,"Dec 31, 2024 - Perpetual",,,
INZ000324434,ISK EQUITIES PRIVATE LIMITED,ISK EQUITIES PRIVATE LIMITED,Stock Broker,"Jan 06, 2025 - Perpetual",,,
INZ000324536,SPENNY FINTECH PRIVATE LIMITED,SPENNY FINTECH PRIVATE LIMITED,Stock Broker,"Jan 27, 2025 - Perpetual",,spennyapp.com,
INZ000324635,QUBE RESEARCH AND TRADING PRIVATE LIMITED,QUBE RESEARCH AND TRADING PRIVATE LIMITED,Stock Broker,"Jan 27, 2025 - Perpetual",,qube-rt.com,
INZ000324733,MATTERHORN BROKING SERVICES PRIVATE LIMITED,MATTERHORN BROKING SERVICES PRIVATE LIMITED,Stock Broker,"Jan 27, 2025 - Perpetual",,,
INZ000325038,PERQ CAPITAL MARKETS PRIVATE LIMITED,PERQ CAPITAL MARKETS PRIVATE LIMITED,Stock Broker,"Jan 29, 2025 - Perpetual",,,
INZ000325733,K2J STOCK BROKING SERVICES PRIVATE LIMITED,K2J STOCK BROKING SERVICES PRIVATE LIMITED,Stock Broker,"Feb 25, 2025 - Perpetual",,k2jfinancial.com,
INZ000325835,AMBIT BROKING SERVICES PRIVATE LIMITED,AMBIT BROKING SERVICES PRIVATE LIMITED,Stock Broker,"Mar 06, 2025 - Perpetual",,ambit.co,
INZ000325937,Pawan Parmeshwar Capital Private Limited,Pawan Parmeshwar Capital Private Limited,Stock Broker,"Mar 10, 2025 - Perpetual",,pawanparmeshwar.com,
INZ000326036,BANSAL SHARES AND SECURITIES PRIVATE LIMITED,BANSAL SHARES AND SECURITIES PRIVATE LIMITED,Stock Broker,"Mar 12, 2025 - Perpetual",,,
INZ000326131,SHANNON FINSERVE PRIVATE LIMITED,SHANNON FINSERVE PRIVATE LIMITED,Stock Broker,"Mar 20, 2025 - Perpetual",,shannon.co.in,
INZ000326233,STOCKOLOGY SECURITIES PRIVATE LIMITED,STOCKOLOGY SECURITIES PRIVATE LIMITED,Stock Broker,"Mar 20, 2025 - Perpetual",,,
INZ000326336,FINSTREAM PRIVATE LIMITED,FINSTREAM PRIVATE LIMITED,Stock Broker,"Mar 25, 2025 - Perpetual",,,
INZ000326631,Algoquant Fintech Limited,Algoquant Fintech Limited,Stock Broker,"Apr 16, 2025 - Perpetual",,algoquantfin.com,
INZ000326734,MINIX FINTECH PRIVATE LIMITED,MINIX FINTECH PRIVATE LIMITED,Stock Broker,"Apr 30, 2025 - Perpetual",,minix.one,
INZ000326834,AMITY HOLDINGS PRIVATE LIMITED,AMITY HOLDINGS PRIVATE LIMITED,Stock Broker,"Apr 30, 2025 - Perpetual",,,
INZ000327038,ANAND RATHI GLOBAL INTERMEDIARIES LIMITED,ANAND RATHI GLOBAL INTERMEDIARIES LIMITED,Stock Broker,"May 21, 2025 - Perpetual",,rathi.com,
INZ000327155,FORTUFUSION STOCK BROKING SERVICES LLP,FORTUFUSION STOCK BROKING SERVICES LLP,Stock Broker,"May 23, 2025 - Perpetual",,,
INZ000327333,Jio BlackRock Broking Private Limited,Jio BlackRock Broking Private Limited,Stock Broker,"Jun 25, 2025 - Perpetual",,jioblackrock.com,
INZ000327425,GIRDHAR SECURITIES,GIRDHAR SECURITIES,Stock Broker,"Jun 26, 2025 - Perpetual",,,
INZ000327535,MOBIKWIK SECURITIES BROKING PRIVATE LIMITED,MOBIKWIK SECURITIES BROKING PRIVATE LIMITED,Stock Broker,"Jul 01, 2025 - Perpetual",,mobikwik.com,
INZ000327636,EQVILENT INDIA SECURITIES PRIVATE LIMITED,EQVILENT INDIA SECURITIES PRIVATE LIMITED,Stock Broker,"Jul 08, 2025 - Perpetual",,eqvilent.com,
INZ000327759,HRJ Stock Brokers LLP,HRJ Stock Brokers LLP,Stock Broker,"Jan 21, 2026 - Perpetual",,,
INZ000327932,ARTH CRAFT CAPITAL MARKET PRIVATE LIMITED,ARTH CRAFT CAPITAL MARKET PRIVATE LIMITED,Stock Broker,"Jul 17, 2025 - Perpetual",,,
INZ000328032,TECSTOX SECURITIES PRIVATE LIMITED,TECSTOX,Stock Broker,"Jul 25, 2025 - Perpetual",,tecstox.com,
INZ000328134,ATHENA CAPITAL PRIVATE LIMITED,ATHENA CAPITAL PRIVATE LIMITED,Stock Broker,"Aug 05, 2025 - Perpetual",,finsolcapital.com,
INZ000328330,AS BULLISHIFY PRIVATE LIMITED,AS BULLISHIFY PRIVATE LIMITED,Stock Broker,"Aug 05, 2025 - Perpetual",,firstdemat.com,
INZ000328431,ADROIT ALGOTECH PRIVATE LIMITED,ADROIT ALGOTECH PRIVATE LIMITED,Stock Broker,"Aug 05, 2025 - Perpetual",,,
INZ000328638,TRADEBOOK CONSULTANCY SERVICES PRIVATE LIMITED,TRADEBOOK CONSULTANCY SERVICES PRIVATE LIMITED,Stock Broker,"Aug 11, 2025 - Perpetual",,,
INZ000328737,Prospera Finstocks Private Limited,Prospera Finstocks Private Limited,Stock Broker,"Aug 20, 2025 - Perpetual",,,
INZ000329131,RELIGO BROKING PRIVATE LIMITED,RELIGO BROKING PRIVATE LIMITED,Stock Broker,"Sep 01, 2025 - Perpetual",,,
INZ000329332,Roha Wellworth Securities Private Limited,Roha Wellworth Securities Private Limited,Stock Broker,"Sep 04, 2025 - Perpetual",,wellworthgroup.co,
INZ000329631,VERIQUS PARTNERS PRIVATE LIMITED,VERIQUS PARTNERS PRIVATE LIMITED,Stock Broker,"Sep 11, 2025 - Perpetual",,veriqus.com,
INZ000329823,SAPPHIRE BROKING,SAPPHIRE BROKING,Stock Broker,"Sep 16, 2025 - Perpetual",,sapphirebroking.com,
INZ000330031,OBSIDIAN INVESTMENT PRIVATE LIMITED,OBSIDIAN INVESTMENT PRIVATE LIMITED,Stock Broker,"Sep 17, 2025 - Perpetual",,obsidiancapital.in,
INZ000330135,RELIGARE BROKING LIMITED,RELIGARE BROKING LIMITED,Stock Broker,"Sep 18, 2025 - Perpetual",,religare.com,
INZ000330535,R J EQUITY EDGE PRIVATE LIMITED,R J EQUITY EDGE PRIVATE LIMITED,Stock Broker,"Oct 13, 2025 - Perpetual",,,
INZ000330756,ANW ALPHA LLP,ANW ALPHA LLP,Stock Broker,"Nov 11, 2025 - Perpetual",,,
INZ000330839,ALLVEST SECURITIES PRIVATE LIMITED,ALLVEST SECURITIES PVT. LTD.,Stock Broker,"Dec 09, 2025 - Perpetual",,allvest.co,
INZ000330930,FINVERSE PLATFORM PRIVATE LIMITED,FINVERSE PLATFORM PRIVATE LIMITED,Stock Broker,"Dec 09, 2025 - Perpetual",,dreamstreet.tech,
INZ000331050,EKLINGJI BROKING LLP,EKLINGJI BROKING LLP,Stock Broker,"Dec 19, 2025 - Perpetual",,,
INZ000331337,ANTARA CAPITAL PRIVATE LIMITED,ANTARA CAPITAL PRIVATE LIMITED,Stock Broker,"Jan 14, 2026 - Perpetual",,,
INZ000331734,ALGOQUANT GLOBAL SECURITIES PRIVATE LIMITED,ALGOQUANT GLOBAL SECURITIES PRIVATE LIMITED,Stock Broker,"Jan 21, 2026 - Perpetual",,,
INZ000331832,PARSHWA PRISM GEMS AND JEWELLERY LIMITED,PARSHWA PRISM GEMS AND JEWELLERY LIMITED,Stock Broker,"Jan 21, 2026 - Perpetual",,parshwaprism.in,
INZ000331933,RATNAKAR SECURITIES LIMITED,RATNAKAR SECURITIES LIMITED,Stock Broker,"Feb 02, 2026 - Perpetual",,ratnakarsecurities.com,
INZ000332036,DELTAX BROKING PRIVATE LIMITED,DELTAX BROKING PRIVATE LIMITED,Stock Broker,"Mar 20, 2026 - Perpetual",,deltax.co.in,
INZ000332533,STOCKFIELD FINANCIAL SERVICES PRIVATE LIMITED,STOCKFIELD FINANCIAL SERVICES PRIVATE LIMITED,Stock Broker,"Mar 27, 2026 - Perpetual",,,
INZ000333052,DHRUTEIVA TRADING LLP,DHRUTEIVA TRADING LLP,Stock Broker,"Apr 09, 2026 - Perpetual",,dhruteiva.com,
INZ000333130,1FC SECURITIES PRIVATE LIMITED,1FC SECURITIES PRIVATE LIMITED,Stock Broker,"Apr 09, 2026 - Perpetual",,,
INZ000333231,DELTA VIBE BROKING PRIVATE LIMITED,DELTA VIBE BROKING PRIVATE LIMITED,Stock Broker,"May 07, 2026 - Perpetual",,,
INZ000333451,FINNOVATIVE SHARE BROKING LLP,FINNOVATIVE SHARE BROKING LLP,Stock Broker,"May 07, 2026 - Perpetual",,,
INZ000333633,DOROS CAPITAL SERVICES PRIVATE LIMITED,DOROS CAPITAL SERVICES PRIVATE LIMITED,Stock Broker,"May 13, 2026 - Perpetual",,doroscapital.com,
INZ000333735,KWIKWIZ ALPHA PRIVATE LIMITED,KWIKWIZ ALPHA PRIVATE LIMITED,Stock Broker,"May 25, 2026 - Perpetual",,,
INZ000333839,S D NISSAR SECURITIES PRIVATE LIMITED,S D NISSAR SECURITIES PRIVATE LIMITED,Stock Broker,"Jan 18, 2008 - Perpetual",,,
INZ000334132,BIDASK MANAGEMENT PRIVATE LIMITED,BIDASK MANAGEMENT PRIVATE LIMITED,Stock Broker,"May 26, 2026 - Perpetual",,,
INZ000334231,TRADEXA PRIVATE LIMITED,TRADEXA PRIVATE LIMITED,Stock Broker,"May 26, 2026 - Perpetual",,,
INZ000334334,VIPIN VENTURES PRIVATE LIMITED,VIPIN VENTURES PRIVATE LIMITED,Stock Broker,"May 26, 2026 - Perpetual",,,
INZ000334557,BLUE SAPPHIRE GLOBAL MARKETS LLP,BLUE SAPPHIRE GLOBAL MARKETS LLP,Stock Broker,"May 27, 2026 - Perpetual",,,
INZ000334651,CHRONON TRADETECH LLP,CHRONON TRADETECH LLP,Stock Broker,"Jun 02, 2026 - Perpetual",,chronontradetech.com,
INZ000335131,Kristar Market Ventures Private Limited,Kristar Market Ventures Private Limited,Stock Broker,"Jun 19, 2026 - Perpetual",,,
INZ000335233,SOARING PEAKS CAPITAL SERVICES PRIVATE LIMITED,SOARING PEAKS CAPITAL SERVICES PRIVATE LIMITED,Stock Broker,"Jun 19, 2026 - Perpetual",,,
INZ000335533,Monetic Stock Broking Private Limited,Monetic Stock Broking Private Limited,Stock Broker,"Jul 23, 2026 - Perpetual",,investkraft.com,
INZ000335830,FYERS CAPITAL MARKETS PRIVATE LIMITED,FYERS,Stock Broker,"Aug 18, 2026 - Perpetual",,fyers.in,
INZ000335933,TRADL BROKING PRIVATE LIMITED,TRADL BROKING PRIVATE LIMITED,Stock Broker,"Aug 31, 2026 - Perpetual",,tradl.in,
INZ000336133,TRUENINE SHARES AND STOCK BROKING PRIVATE LIMITED,TRUENINE SHARES AND STOCK BROKING PRIVATE LIMITED,Stock Broker,"Sep 23, 2026 - Perpetual",,,
INZ010000131,ALTIUS FINCAP MARKETS LIMITED,ALTIUS FINCAP MARKETS LIMITED,Stock Broker,"Dec 06, 2013 - Perpetual",,,
INZ010000230,GETCO INDIA PRIVATE LIMITED,GETCO INDIA PRIVATE LIMITED,Stock Broker,"Dec 10, 2013 - Perpetual",,,
INZ010001535,SAFFRON GLOBAL MARKETS PRIVATE LIMITED,SAFFRON GLOBAL MARKETS PRIVATE LIMITED,Stock Broker,"Dec 23, 2013 - Perpetual",,,
INZ010003135,PURE SHARE CONSULTANT (INDIA) PRIVATE LIMITED,PURE SHARE CONSULTANT (INDIA) PRIVATE LIMITED,Stock Broker,"Jan 20, 2014 - Perpetual",,,
INZ010005437,FINVISION CAPITAL MARKETS PRIVATE LIMITED,FINVISION CAPITAL MARKETS PRIVATE LIMITED,Stock Broker,"Feb 26, 2014 - Perpetual",,,
INZ010008522,SUNSTAR SECURITIES,SUNSTAR SECURITIES,Stock Broker,"May 27, 2014 - Perpetual",,,
INZ010013233,STOCK HOLDING CORPORATION OF INDIA LIMITED,STOCK HOLDING CORPORATION OF INDIA LIMITED,Stock Broker,"Sep 30, 2014 - Perpetual",,,
INZ010013837,MC SECURITIES LIMITED,MC SECURITIES LIMITED,Stock Broker,"Oct 14, 2014 - Perpetual",,,
INZ010013936,KIFS SECURITIES PRIVATE LIMITED,KIFS SECURITIES PRIVATE LIMITED,Stock Broker,"Oct 14, 2014 - Perpetual",,,
INZ010078939,SBI DFHI LTD,SBI DFHI LTD,Stock Broker,"Sep 09, 2016 - Perpetual",,,
INZ030002216,V V V RAMA CHANDRA MURTHY,DFS SECURITIES,Stock Broker,"Jan 03, 2014 - Perpetual",,,
INZ030002836,UJALA CAPITAL MARKET PRIVATE LIMITED,UJALA CAPITAL MARKET PRIVATE LIMITED,Stock Broker,"Jan 15, 2014 - Perpetual",,,
INZ030004139,MARS SHARE BROKING HOUSE PRIVATE LIMITED,MARS SHARE BROKING HOUSE PRIVATE LIMITED,Stock Broker,"Feb 05, 2014 - Perpetual",,,
INZ030006035,SKYBULL SHARES & SECURITIES PRIVATE LIMITED,SKYBULL SHARES & SECURITIES PRIVATE LIMITED,Stock Broker,"Mar 20, 2014 - Perpetual",,,
INZ030006936,NAYAN M. VALA SECURITIES PRIVATE LIMITED,NAYAN M. VALA SECURITIES PRIVATE LIMITED,Stock Broker,"Apr 17, 2014 - Perpetual",,,
INZ030008312,KAVITA KHERA,BEST VYAPAR,Stock Broker,"May 22, 2014 - Perpetual",,,
INZ230001430,SAFFRON GLOBAL MARKETS PRIVATE LIMITED,SAFFRON GLOBAL MARKETS PRIVATE LIMITED,Stock Broker,"Dec 23, 2013 - Perpetual",,,
INZ230002735,PURE SHARE CONSULTANT (INDIA) PRIVATE LIMITED,PURE SHARE CONSULTANT (INDIA) PRIVATE LIMITED,Stock Broker,"Jan 13, 2014 - Perpetual",,,
INZ230004236,ADVENTURES INDIA FINANCIAL SERVICES LIMITED,ADVENTURES INDIA FINANCIAL SERVICES LIMITED,Stock Broker,"Feb 05, 2014 - Perpetual",,,
INZ230008732,REPL SECURITIES PRIVATE LIMITED,REPL SECURITIES PRIVATE LIMITED,Stock Broker,"Jun 02, 2014 - Perpetual",,,
INZ230009532,AVON MANAGEMENT PRIVATE LIMITED,AVON MANAGEMENT PRIVATE LIMITED,Stock Broker,"Jun 30, 2014 - Perpetual",,,
INZ230013716,GAUTAM DUTTA MUNSI,DRISHTI FINANCIAL SERVICES,Stock Broker,"Oct 10, 2014 - Perpetual",,,
INZ260002035,PADMALAXMI TRADECOM INTERNATIONAL PRIVATE LIMITED,PADMALAXMI TRADECOM INTERNATIONAL PRIVATE LIMITED,Stock Broker,"Dec 31, 2013 - Perpetual",,,
INZ260007737,LIFECARE SHARE VENTURES PRIVATE LIMITED,LIFECARE SHARE VENTURES PRIVATE LIMITED,Stock Broker,"May 08, 2014 - Perpetual",,,
MF/002/93/,TAURUS MF,,Mutual Fund,"Sep 21, 1993 - Perpetual",,,
MF/003/93/6,ICICI PRUDENTIAL MF,,Mutual Fund,"Oct 13, 1993 - Perpetual",,,
MF/004/93/4,CANARA ROBECO MF,,Mutual Fund,"Oct 19, 1993 - Perpetual",,,
MF/008/93/5,CRB MF,,Mutual Fund,"Dec 17, 1993 - Perpetual",,,
MF/009/93/3,SBI MF,,Mutual Fund,"Dec 23, 1993 - Perpetual",,,
MF/012/94/5,LIC MF,,Mutual Fund,"May 09, 1994 - Perpetual",,,
MF/015/94/8,JM FINANCIAL MF,,Mutual Fund,"Sep 15, 1994 - Perpetual",,,
MF/017/94/4,SHRIRAM MF,,Mutual Fund,"Nov 21, 1994 - Perpetual",,,
MF/018/94/2,Baroda BNP Paribas Mutual Fund,,Mutual Fund,"Nov 21, 1994 - Perpetual",,,
MF/020/94/8,ADITYA BIRLA SUN LIFE MF,,Mutual Fund,"Dec 23, 1994 - Perpetual",,,
MF/022/95/1,Nippon India Mutual Fund,,Mutual Fund,"Jun 30, 1995 - Perpetual",,,
MF/023/95/9,Tata Mutual Fund,,Mutual Fund,"Jun 30, 1995 - Perpetual",,,
MF/026/96/8,FRANKLIN TEMPLETON MF,,Mutual Fund,"Feb 19, 1996 - Perpetual",,,
MF/028/96/4,Quant Mutual Fund,,Mutual Fund,"Jul 03, 1996 - Perpetual",,,
MF/034/97/2,SUNDARAM MF,,Mutual Fund,"Jan 03, 1997 - Perpetual",,,
MF/036/97/7,DSP MF,,Mutual Fund,"Jan 30, 1997 - Perpetual",,,
MF/038/98/1,Kotak Mutual Fund,,Mutual Fund,"Jun 23, 1998 - Perpetual",,,
MF/042/00/3,Bandhan Mutual Fund,,Mutual Fund,"Mar 13, 2000 - Perpetual",,,
MF/044/00/6,HDFC MF,,Mutual Fund,"Jun 30, 2000 - Perpetual",,,
MF/046/02/5,HSBC MF,,Mutual Fund,"May 27, 2002 - Perpetual",,,
MF/048/03/01,UTI  MF,,Mutual Fund,"Jan 14, 2003 - Perpetual",,,
MF/051/05/02,QUANTUM MF,,Mutual Fund,"Dec 02, 2005 - Perpetual",,,
MF/052/06/01,Invesco Mutual Fund,,Mutual Fund,"Jul 24, 2006 - Perpetual",,,
MF/055/07/03,MIRAE ASSET MF,,Mutual Fund,"Feb 20, 2008 - Perpetual",,,
MF/056/08/01,Bank of India Mutual Fund,,Mutual Fund,"Mar 31, 2008 - Perpetual",,,
MF/057/08/02,EDELWEISS MF,,Mutual Fund,"Apr 30, 2008 - Perpetual",,,
MF/061/09/02,AXIS MF,,Mutual Fund,"Dec 04, 2009 - Perpetual",,,
MF/062/09/03,NAVI MUTUAL FUND,,Mutual Fund,"Dec 04, 2009 - Perpetual",,,
MF/063/09/04,MOTILAL OSWAL MF,,Mutual Fund,"Dec 29, 2009 - Perpetual",,,
MF/064/10/01,IDBI MUTUAL FUND,,Mutual Fund,"Mar 29, 2010 - Perpetual",,,
MF/065/10/02,PGIM INDIA MUTUAL FUND,,Mutual Fund,"May 13, 2010 - Perpetual",,,
MF/066/11/01,Union Mutual Fund,,Mutual Fund,"Nov 08, 2016 - Perpetual",,,
MF/067/11/02,360 ONE Mutual Fund,,Mutual Fund,"Mar 23, 2011 - Perpetual",,,
MF/068/11/03,Groww Mutual Fund,,Mutual Fund,"Mar 24, 2011 - Perpetual",,,
MF/069/12/01,PPFAS MF,,Mutual Fund,"Oct 11, 2012 - Perpetual",,,
MF/069/16/01,Mahindra Manulife Mutual Fund,,Mutual Fund,"Feb 03, 2016 - Perpetual",,,
MF/071/13/01,IIFCL MF (IDF),,Mutual Fund,"Jan 24, 2013 - Perpetual",,,
MF/072/13/02,IL&FS IDF MF,,Mutual Fund,"Feb 01, 2013 - Perpetual",,,
MF/073/18/01,ITI Mutual Fund,,Mutual Fund,"May 14, 2018 - Perpetual",,,
MF/074/18/02,WhiteOak Capital Mutual Fund,,Mutual Fund,"Jul 03, 2018 - Perpetual",,,
MF/075/19/01,TRUST MUTUAL FUND,,Mutual Fund,"Oct 07, 2019 - Perpetual",,,
MF/076/21/02,N J Mutual Fund,,Mutual Fund,"Apr 30, 2021 - Perpetual",,,
MF/077/21/03,SAMCO MUTUAL FUND,,Mutual Fund,"Jul 30, 2021 - Perpetual",,,
MF/078/23/04,BAJAJ FINSERV MUTUAL FUND,,Mutual Fund,"Feb 28, 2023 - Perpetual",,,
MF/079/23/05,Helios Mutual Fund,,Mutual Fund,"Aug 10, 2023 - Perpetual",,,
MF/080/23/06,Zerodha Mutual Fund,,Mutual Fund,"Aug 11, 2023 - Perpetual",,,
MF/081/23/07,Old Bridge Mutual Fund,,Mutual Fund,"Sep 01, 2023 - Perpetual",,,
MF/082/24/08,Unifi Mutual Fund,,Mutual Fund,"Nov 13, 2024 - Perpetual",,,
MF/083/24/09,Angel One Mutual Fund,,Mutual Fund,"Nov 25, 2024 - Perpetual",,,
MF/084/25/10,Capitalmind Mutual Fund,,Mutual Fund,"Apr 11, 2025 - Perpetual",,,
MF/085/25/11,Jio BlackRock Mutual Fund,,Mutual Fund,"May 26, 2025 - Perpetual",,,
MF/086/25/12,The Wealth Company Mutual Fund,,Mutual Fund,"Jul 18, 2025 - Perpetual",,,
MF/087/25/13,Choice Mutual Fund,,Mutual Fund,"Aug 01, 2025 - Perpetual",,,
MF/088/25/14,Abakkus Mutual Fund,,Mutual Fund,"Aug 29, 2025 - Perpetual",,,
MF/089/26/15,ASK Mutual Fund,,Mutual Fund,"Feb 16, 2026 - Perpetual",,,
MF/090/26/16,AlphaGrep Mutual Fund,,Mutual Fund,"Mar 11, 2026 - Perpetual",,,
MF/091/26/17,Lakshya Mutual Fund,,Mutual Fund,"Mar 25, 2026 - Perpetual",,,
MF/092/26/18,Monarch Mutual Fund,,Mutual Fund,"Apr 01, 2026 - Perpetual",,,
MF/093/26/19,Nuvama Mutual Fund,,Mutual Fund,"Jun 08, 2026 - Perpetual",,,
MF/094/26/20,Carnelian Mutual Fund,,Mutual Fund,"Jul 20, 2026 - Perpetual",,,
MF/095/26/21,Marcellus Mutual Fund,,Mutual Fund,"Sep 29, 2026 - Perpetual",,,
